customer_id,company_name,cnpj,state,city,segment,plan,main_product,mrr,status,contact_email
CUST001,Supermercado Boa Compra,12.345.678/0001-90,MG,Belo Horizonte,Supermercado,Enterprise,VendeFácil Estoque,2450.0,Ativo,gerencia@boacompra.com.br
CUST002,Drogaria Vida & Saúde,23.456.789/0001-01,MG,Uberlândia,Farmácia,Pro,VendeFácil PDV,890.0,Ativo,contato@drogariavidasaude.com.br
CUST003,Padaria Pão Quentinho,34.567.890/0001-12,SP,Campinas,Alimentação,Basic,VendeFácil PDV,350.0,Ativo,financeiro@paoquentinho.com.br
CUST004,Boutique Moda Elegante,45.678.901/0001-23,RJ,Niterói,Vestuário,Pro,VendeFácil Loja,1100.0,Ativo,atendimento@modaelegante.com.br
CUST005,Materiais de Construção Silva,56.789.012/0001-34,MG,Juiz de Fora,Construção,Enterprise,VendeFácil Estoque,1980.0,Ativo,compras@silvaconstrucao.com.br
CUST006,Livraria Saber & Arte,67.890.123/0001-45,SP,São Paulo,Varejo Cultural,Pro,VendeFácil Analytics,950.0,Ativo,ti@saberarte.com.br
CUST007,PetShop Amigo Fiel,78.901.234/0001-56,PR,Curitiba,Pet,Basic,VendeFácil PDV,350.0,Ativo,contato@amigofielpet.com.br
CUST008,Auto Peças Central,89.012.345/0001-67,SP,Ribeirão Preto,Automotivo,Enterprise,VendeFácil Pay,3100.0,Ativo,gerencia@autopecascentral.com.br
CUST009,Empório Gourmet Mineiro,90.123.456/0001-78,MG,Ouro Preto,Alimentação,Pro,VendeFácil Estoque,1200.0,Ativo,compras@emporiomineiro.com.br
CUST0010,Ótica Visão Clara,01.234.567/0001-89,RS,Porto Alegre,Saúde/Ótica,Basic,VendeFácil PDV,400.0,Cancelado,financeiro@visaoclara.com.br
CUST011,Distribuidora Porto Comercial,10.496.582/0001-00,ES,Vitória,Supermercado,Enterprise,VendeFácil Estoque,2340.05,Ativo,contato@distribuidorapo.com.br
CUST012,Rede Sousa Ltda,81.607.594/0001-03,SP,Bauru,Supermercado,Basic,VendeFácil PDV,318.74,Ativo,contato@redesousaltda.com.br
CUST013,Casa do Montenegro Comercial,90.356.478/0001-41,CE,Caucaia,Calçados,Enterprise,VendeFácil Estoque,3022.12,Ativo,contato@casadomontenegr.com.br
CUST014,Comércio de Machado Me,94.061.325/0001-28,PR,Curitiba,Alimentação,Enterprise,VendeFácil Estoque,2576.18,Ativo,contato@comérciodemacha.com.br
CUST015,Atacado Cassiano Ltda,35.109.627/0001-60,SP,Campinas,Pet,Basic,VendeFácil PDV,371.8,Ativo,contato@atacadocassiano.com.br
CUST016,Centro de Pereira Me,40.798.352/0001-59,DF,Águas Claras,Eletrônicos,Basic,VendeFácil PDV,494.62,Ativo,contato@centrodepereira.com.br
CUST017,Comércio de da Rocha Me,95.380.617/0001-96,ES,Serra,Cosméticos,Pro,VendeFácil Estoque,1207.97,Ativo,contato@comérciodedaroc.com.br
CUST018,Empório Barros S.A.,31.629.785/0001-90,SP,SJC,Farmácia,Pro,VendeFácil Analytics,1058.48,Ativo,contato@empóriobarrossa.com.br
CUST019,Distribuidora Fogaça Comercial,34.185.760/0001-32,SC,Blumenau,Vestuário,Enterprise,VendeFácil Estoque,2327.16,Inativo,contato@distribuidorafo.com.br
CUST020,Atacado Martins Comercial,64.352.018/0001-35,ES,Vila Velha,Eletrônicos,Enterprise,VendeFácil Estoque,2291.7,Ativo,contato@atacadomartinsc.com.br
CUST021,Mundo da Dias Me,64.178.295/0001-73,RS,Pelotas,Supermercado,Pro,VendeFácil Estoque,1284.17,Ativo,contato@mundodadiasme.com.br
CUST022,Mundo da Monteiro Eireli,67.281.593/0001-82,SP,SJC,Cosméticos,Enterprise,VendeFácil Estoque,2403.48,Ativo,contato@mundodamonteiro.com.br
CUST023,Rede Pacheco Eireli,69.518.430/0001-04,RJ,Petrópolis,Alimentação,Pro,VendeFácil Estoque,1234.24,Ativo,contato@redepachecoeire.com.br
CUST024,Casa do Sá Ltda,01.258.396/0001-34,GO,Rio Verde,Varejo Cultural,Pro,VendeFácil Estoque,1398.26,Ativo,contato@casadosáltda.com.br
CUST025,Rede Garcia Ltda,97.480.523/0001-14,MG,Uberlândia,Alimentação,Enterprise,VendeFácil Estoque,2155.97,Ativo,contato@redegarcialtda.com.br
CUST026,Mercado Fernandes Ltda,14.693.025/0001-22,BA,Camaçari,Cosméticos,Pro,VendeFácil Analytics,1246.84,Cancelado,contato@mercadofernande.com.br
CUST027,Casa do Teixeira Ltda,28.165.970/0001-66,ES,Serra,Conveniência,Pro,VendeFácil Loja,878.09,Ativo,contato@casadoteixeiral.com.br
CUST028,Atacado Freitas Comercial,28.049.376/0001-00,DF,Ceilândia,Eletrônicos,Pro,VendeFácil Estoque,1079.99,Ativo,contato@atacadofreitasc.com.br
CUST029,Centro de Fonseca Ltda,43.019.752/0001-07,GO,Aparecida de Goiânia,Alimentação,Pro,VendeFácil Loja,1333.76,Ativo,contato@centrodefonseca.com.br
CUST030,Atacado Mendonça S.A.,18.295.364/0001-01,GO,Anápolis,Automotivo,Basic,VendeFácil PDV,322.37,Ativo,contato@atacadomendonça.com.br
CUST031,Distribuidora Moura Comercial,96.345.128/0001-66,MG,Montes Claros,Cosméticos,Basic,VendeFácil PDV,317.13,Ativo,contato@distribuidoramo.com.br
CUST032,Centro de Rios Comercial,57.801.964/0001-56,RJ,Niterói,Conveniência,Pro,VendeFácil Analytics,1560.14,Ativo,contato@centroderioscom.com.br
CUST033,Mundo da Almeida Me,98.341.062/0001-61,BA,Feira de Santana,Eletrônicos,Enterprise,VendeFácil Estoque,3003.79,Ativo,contato@mundodaalmeidam.com.br
CUST034,Rede Pires Comercial,03.192.678/0001-01,PE,Caruaru,Farmácia,Pro,VendeFácil Estoque,896.05,Ativo,contato@redepirescomerc.com.br
CUST035,Comércio de Rios Ltda,73.254.680/0001-43,RS,Santa Maria,Vestuário,Basic,VendeFácil PDV,314.2,Ativo,contato@comércioderiosl.com.br
CUST036,Comércio de Viana Comercial,76.308.921/0001-88,MG,Contagem,Farmácia,Enterprise,VendeFácil Pay,2133.21,Ativo,contato@comérciodeviana.com.br
CUST037,Mundo da Jesus S.A.,70.183.265/0001-58,RJ,Nova Iguaçu,Cosméticos,Enterprise,VendeFácil Pay,2461.74,Ativo,contato@mundodajesussa.com.br
CUST038,Mercado Correia Ltda,38.719.624/0001-36,SP,Campinas,Conveniência,Pro,VendeFácil Analytics,1115.72,Ativo,contato@mercadocorreial.com.br
CUST039,Comércio de da Cruz S.A.,17.905.463/0001-03,MG,Uberaba,Calçados,Pro,VendeFácil Loja,1360.41,Ativo,contato@comérciodedacru.com.br
CUST040,Distribuidora Sá Eireli,32.697.150/0001-92,CE,Sobral,Alimentação,Pro,VendeFácil Analytics,987.62,Ativo,contato@distribuidorasá.com.br
CUST041,Distribuidora Cavalcante S.A.,60.923.754/0001-45,CE,Fortaleza,Supermercado,Enterprise,VendeFácil Estoque,3498.85,Ativo,contato@distribuidoraca.com.br
CUST042,Mercado Siqueira S.A.,87.219.605/0001-56,RJ,Volta Redonda,Automotivo,Pro,VendeFácil Analytics,1010.31,Ativo,contato@mercadosiqueira.com.br
CUST043,Atacado Sousa Eireli,80.596.432/0001-46,BA,Salvador,Pet,Pro,VendeFácil Loja,1448.56,Ativo,contato@atacadosousaeir.com.br
CUST044,Rede Moura Comercial,20.167.849/0001-61,DF,Águas Claras,Alimentação,Pro,VendeFácil Estoque,942.86,Cancelado,contato@redemouracomerc.com.br
CUST045,Centro de da Costa S.A.,61.349.058/0001-30,MG,Contagem,Supermercado,Basic,VendeFácil PDV,416.84,Ativo,contato@centrodedacosta.com.br
CUST046,Comércio de Ribeiro Eireli,98.521.673/0001-91,MG,Uberlândia,Alimentação,Basic,VendeFácil PDV,419.01,Ativo,contato@comércioderibei.com.br
CUST047,Rede Gonçalves Comercial,24.790.536/0001-16,SP,SJC,Cosméticos,Enterprise,VendeFácil Pay,1855.64,Ativo,contato@redegonçalvesco.com.br
CUST048,Atacado Nunes Eireli,19.342.850/0001-04,CE,Juazeiro do Norte,Construção,Pro,VendeFácil Estoque,1185.32,Ativo,contato@atacadonuneseir.com.br
CUST049,Distribuidora da Cruz Ltda,54.238.709/0001-59,RJ,Nova Iguaçu,Conveniência,Pro,VendeFácil Loja,1120.06,Inativo,contato@distribuidorada.com.br
CUST050,Empório Novaes Ltda,41.270.583/0001-58,PE,Recife,Farmácia,Enterprise,VendeFácil Pay,2098.42,Ativo,contato@empórionovaeslt.com.br
CUST051,Atacado da Paz Comercial,93.517.286/0001-68,RS,Pelotas,Construção,Pro,VendeFácil Estoque,1034.82,Ativo,contato@atacadodapazcom.com.br
CUST052,Lojas Aragão Me,16.408.297/0001-69,ES,Vitória,Conveniência,Enterprise,VendeFácil Pay,2219.13,Ativo,contato@lojasaragãome.com.br
CUST053,Comércio de da Luz Me,27.640.589/0001-49,SP,Campinas,Calçados,Enterprise,VendeFácil Pay,2017.63,Ativo,contato@comérciodedaluz.com.br
CUST054,Mercado Cassiano Ltda,80.546.139/0001-74,RS,Pelotas,Eletrônicos,Pro,VendeFácil Analytics,1038.34,Inativo,contato@mercadocassiano.com.br
CUST055,Atacado Aparecida S.A.,45.021.879/0001-96,ES,Cariacica,Construção,Basic,VendeFácil PDV,300.71,Ativo,contato@atacadoaparecid.com.br
CUST056,Distribuidora Vasconcelos S.A.,86.219.530/0001-40,DF,Águas Claras,Eletrônicos,Enterprise,VendeFácil Estoque,2584.3,Ativo,contato@distribuidorava.com.br
CUST057,Mercado Cavalcanti Me,56.321.074/0001-84,CE,Fortaleza,Varejo Cultural,Enterprise,VendeFácil Pay,2573.54,Ativo,contato@mercadocavalcan.com.br
CUST058,Empório Melo Comercial,39.726.140/0001-87,SC,Florianópolis,Varejo Cultural,Pro,VendeFácil Estoque,1193.34,Ativo,contato@empóriomelocome.com.br
CUST059,Mundo da Ribeiro Ltda,36.520.849/0001-33,BA,Feira de Santana,Vestuário,Pro,VendeFácil Estoque,1384.53,Ativo,contato@mundodaribeirol.com.br
CUST060,Comércio de Moraes Me,68.509.214/0001-21,RJ,Nova Iguaçu,Varejo Cultural,Pro,VendeFácil Analytics,1451.68,Inativo,contato@comérciodemorae.com.br
CUST061,Comércio de da Luz S.A.,01.625.734/0001-29,RJ,Nova Iguaçu,Farmácia,Pro,VendeFácil Analytics,1504.13,Inativo,contato@comérciodedaluz.com.br
CUST062,Mundo da Moraes Me,16.320.758/0001-47,PE,Olinda,Construção,Pro,VendeFácil Estoque,894.9,Ativo,contato@mundodamoraesme.com.br
CUST063,Centro de Nascimento Me,35.608.249/0001-69,PR,Curitiba,Construção,Pro,VendeFácil Loja,1249.04,Ativo,contato@centrodenascime.com.br
CUST064,Mercado Campos Ltda,48.953.267/0001-20,MG,Uberlândia,Construção,Pro,VendeFácil Estoque,1127.38,Cancelado,contato@mercadocamposlt.com.br
CUST065,Centro de da Rocha Ltda,82.375.619/0001-45,GO,Rio Verde,Varejo Cultural,Enterprise,VendeFácil Estoque,3158.29,Ativo,contato@centrodedarocha.com.br
CUST066,Centro de Nunes S.A.,46.028.135/0001-66,BA,Feira de Santana,Construção,Basic,VendeFácil PDV,441.76,Ativo,contato@centrodenunessa.com.br
CUST067,Distribuidora Pereira Me,57.839.162/0001-35,SC,Chapecó,Farmácia,Enterprise,VendeFácil Estoque,3373.23,Ativo,contato@distribuidorape.com.br
CUST068,Centro de Cavalcante S.A.,14.509.276/0001-04,CE,Juazeiro do Norte,Conveniência,Pro,VendeFácil Analytics,1094.64,Ativo,contato@centrodecavalca.com.br
CUST069,Rede Casa Grande Comercial,09.374.861/0001-04,RS,Canoas,Conveniência,Pro,VendeFácil Analytics,1357.99,Inativo,contato@redecasagrandec.com.br
CUST070,Rede Pires Comercial,93.687.142/0001-50,PR,Ponta Grossa,Eletrônicos,Basic,VendeFácil PDV,360.77,Ativo,contato@redepirescomerc.com.br
CUST071,Casa do Sales S.A.,01.687.439/0001-05,ES,Serra,Automotivo,Pro,VendeFácil Analytics,1181.62,Ativo,contato@casadosalessa.com.br
CUST072,Distribuidora Novais S.A.,31.789.426/0001-08,ES,Vitória,Construção,Enterprise,VendeFácil Pay,2729.4,Ativo,contato@distribuidorano.com.br
CUST073,Casa do Pimenta Comercial,86.715.349/0001-25,ES,Serra,Vestuário,Pro,VendeFácil Estoque,845.78,Ativo,contato@casadopimentaco.com.br
CUST074,Mundo da Sá Eireli,34.751.290/0001-27,SP,Jundiaí,Pet,Enterprise,VendeFácil Estoque,2821.07,Ativo,contato@mundodasáeireli.com.br
CUST075,Distribuidora Silva Eireli,43.926.708/0001-80,BA,Feira de Santana,Alimentação,Enterprise,VendeFácil Estoque,3000.2,Inativo,contato@distribuidorasi.com.br
CUST076,Distribuidora Cassiano Eireli,36.251.098/0001-05,RS,Caxias do Sul,Calçados,Enterprise,VendeFácil Pay,2450.37,Ativo,contato@distribuidoraca.com.br
CUST077,Casa do Farias Comercial,87.601.342/0001-45,RJ,Volta Redonda,Conveniência,Enterprise,VendeFácil Pay,3183.05,Ativo,contato@casadofariascom.com.br
CUST078,Casa do Sampaio Eireli,06.792.531/0001-40,DF,Águas Claras,Eletrônicos,Pro,VendeFácil Analytics,1522.91,Ativo,contato@casadosampaioei.com.br
CUST079,Comércio de Nascimento Me,83.712.940/0001-30,PR,Londrina,Conveniência,Pro,VendeFácil Loja,1336.07,Ativo,contato@comérciodenasci.com.br
CUST080,Centro de Gomes Ltda,56.283.104/0001-05,PE,Recife,Calçados,Pro,VendeFácil Loja,964.15,Ativo,contato@centrodegomeslt.com.br
CUST081,Distribuidora Pastor Eireli,90.153.768/0001-98,RJ,Niterói,Vestuário,Pro,VendeFácil Analytics,1370.46,Ativo,contato@distribuidorapa.com.br
CUST082,Mundo da Aragão Eireli,46.513.298/0001-34,BA,Vitória da Conquista,Eletrônicos,Pro,VendeFácil Analytics,1161.83,Ativo,contato@mundodaaragãoei.com.br
CUST083,Atacado da Mota Eireli,64.130.857/0001-09,GO,Goiânia,Cosméticos,Pro,VendeFácil Analytics,1207.73,Inativo,contato@atacadodamotaei.com.br
CUST084,Mundo da Câmara Me,10.896.754/0001-25,BA,Feira de Santana,Automotivo,Pro,VendeFácil Estoque,927.41,Ativo,contato@mundodacâmarame.com.br
CUST085,Rede Cardoso Comercial,71.395.240/0001-80,ES,Cariacica,Calçados,Pro,VendeFácil Estoque,1296.33,Inativo,contato@redecardosocome.com.br
CUST086,Mundo da Pereira S.A.,91.270.458/0001-16,MG,Uberaba,Cosméticos,Enterprise,VendeFácil Pay,2728.2,Ativo,contato@mundodapereiras.com.br
CUST087,Empório Oliveira Me,69.304.182/0001-90,PE,Jaboatão dos Guararapes,Supermercado,Pro,VendeFácil Loja,1065.37,Ativo,contato@empóriooliveira.com.br
CUST088,Centro de Vargas Ltda,41.029.367/0001-15,BA,Vitória da Conquista,Pet,Pro,VendeFácil Loja,1384.44,Ativo,contato@centrodevargasl.com.br
CUST089,Mercado Montenegro S.A.,50.673.891/0001-15,SC,Joinville,Conveniência,Basic,VendeFácil PDV,456.25,Ativo,contato@mercadomonteneg.com.br
CUST090,Distribuidora Porto Comercial,72.615.483/0001-40,RS,Porto Alegre,Cosméticos,Pro,VendeFácil Estoque,905.05,Ativo,contato@distribuidorapo.com.br
CUST091,Rede Nascimento Ltda,79.685.421/0001-53,RS,Canoas,Calçados,Pro,VendeFácil Loja,1336.83,Ativo,contato@redenascimentol.com.br
CUST092,Mundo da da Cruz Eireli,14.793.856/0001-76,RJ,Petrópolis,Farmácia,Enterprise,VendeFácil Pay,1835.95,Ativo,contato@mundodadacruzei.com.br
CUST093,Distribuidora Alves Me,75.231.948/0001-57,DF,Taguatinga,Farmácia,Enterprise,VendeFácil Pay,2766.86,Ativo,contato@distribuidoraal.com.br
CUST094,Empório da Mota Ltda,94.081.752/0001-78,ES,Vitória,Cosméticos,Basic,VendeFácil PDV,369.44,Ativo,contato@empóriodamotalt.com.br
CUST095,Empório Jesus Eireli,78.359.640/0001-80,CE,Juazeiro do Norte,Supermercado,Pro,VendeFácil Analytics,1466.75,Ativo,contato@empóriojesuseir.com.br
CUST096,Atacado Borges Comercial,43.651.297/0001-68,DF,Taguatinga,Pet,Pro,VendeFácil Estoque,1226.97,Cancelado,contato@atacadoborgesco.com.br
CUST097,Empório Novaes S.A.,85.694.273/0001-36,CE,Sobral,Automotivo,Pro,VendeFácil Analytics,1469.3,Ativo,contato@empórionovaessa.com.br
CUST098,Mundo da Marques Me,49.810.625/0001-08,SP,Sorocaba,Automotivo,Pro,VendeFácil Estoque,1237.81,Ativo,contato@mundodamarquesm.com.br
CUST099,Atacado Souza Me,82.315.794/0001-47,MG,Ipatinga,Varejo Cultural,Pro,VendeFácil Estoque,1066.91,Ativo,contato@atacadosouzame.com.br
CUST100,Comércio de Pastor Ltda,84.167.253/0001-44,PR,Cascavel,Calçados,Pro,VendeFácil Loja,1189.05,Ativo,contato@comérciodepasto.com.br
CUST101,Casa do Cavalcanti Eireli,40.278.563/0001-60,RS,Canoas,Automotivo,Enterprise,VendeFácil Pay,2861.43,Ativo,contato@casadocavalcant.com.br
CUST102,Rede Cardoso Me,71.042.368/0001-60,MG,Uberlândia,Construção,Pro,VendeFácil Estoque,1012.86,Ativo,contato@redecardosome.com.br
CUST103,Casa do Fernandes Me,20.463.871/0001-59,PE,Olinda,Pet,Enterprise,VendeFácil Estoque,2780.62,Ativo,contato@casadofernandes.com.br
CUST104,Centro de Mendonça S.A.,10.294.783/0001-17,PR,Maringá,Vestuário,Basic,VendeFácil PDV,444.26,Ativo,contato@centrodemendonç.com.br
CUST105,Centro de Campos Comercial,86.394.751/0001-55,RS,Caxias do Sul,Calçados,Pro,VendeFácil Analytics,1057.37,Ativo,contato@centrodecamposc.com.br
CUST106,Mercado da Rosa Comercial,96.478.053/0001-91,PR,Curitiba,Vestuário,Pro,VendeFácil Loja,959.24,Ativo,contato@mercadodarosaco.com.br
CUST107,Lojas Pires Eireli,34.176.509/0001-01,RJ,Petrópolis,Supermercado,Basic,VendeFácil PDV,410.67,Ativo,contato@lojaspireseirel.com.br
CUST108,Lojas Abreu Ltda,67.820.193/0001-06,SP,São Paulo,Cosméticos,Pro,VendeFácil Loja,1128.58,Ativo,contato@lojasabreultda.com.br
CUST109,Mercado da Paz S.A.,71.325.489/0001-10,PR,Ponta Grossa,Farmácia,Basic,VendeFácil PDV,380.14,Ativo,contato@mercadodapazsa.com.br
CUST110,Mundo da Camargo Comercial,83.271.049/0001-06,RJ,Campos dos Goytacazes,Construção,Basic,VendeFácil PDV,498.78,Ativo,contato@mundodacamargoc.com.br
CUST111,Rede Vieira Eireli,49.703.251/0001-21,GO,Aparecida de Goiânia,Eletrônicos,Pro,VendeFácil Analytics,1187.89,Ativo,contato@redevieiraeirel.com.br
CUST112,Comércio de Montenegro S.A.,87.904.632/0001-68,PR,Cascavel,Cosméticos,Basic,VendeFácil PDV,421.93,Ativo,contato@comérciodemonte.com.br
CUST113,Mercado Duarte Eireli,94.071.862/0001-59,PR,Curitiba,Alimentação,Pro,VendeFácil Estoque,862.98,Ativo,contato@mercadoduarteei.com.br
CUST114,Casa do da Mata Ltda,90.234.678/0001-21,PE,Caruaru,Construção,Basic,VendeFácil PDV,346.3,Ativo,contato@casadodamataltd.com.br
CUST115,Comércio de Pacheco Eireli,67.132.958/0001-07,ES,Vila Velha,Construção,Enterprise,VendeFácil Estoque,2843.66,Ativo,contato@comérciodepache.com.br
CUST116,Distribuidora Rios Ltda,12.537.684/0001-44,SP,SJC,Conveniência,Pro,VendeFácil Estoque,1340.47,Ativo,contato@distribuidorari.com.br
CUST117,Casa do Guerra Ltda,80.792.546/0001-61,RJ,Petrópolis,Cosméticos,Enterprise,VendeFácil Estoque,3218.78,Inativo,contato@casadoguerraltd.com.br
CUST118,Casa do Vargas Eireli,68.054.397/0001-38,PE,Olinda,Calçados,Pro,VendeFácil Analytics,1557.01,Ativo,contato@casadovargaseir.com.br
CUST119,Distribuidora Correia S.A.,85.793.016/0001-51,SP,São Paulo,Pet,Enterprise,VendeFácil Estoque,2415.71,Ativo,contato@distribuidoraco.com.br
CUST120,Lojas Novaes Eireli,24.753.089/0001-25,ES,Vitória,Conveniência,Pro,VendeFácil Loja,1203.37,Ativo,contato@lojasnovaeseire.com.br
CUST121,Casa do Pereira Ltda,32.470.695/0001-61,CE,Sobral,Construção,Pro,VendeFácil Estoque,1398.01,Ativo,contato@casadopereiralt.com.br
CUST122,Lojas Câmara Me,17.958.324/0001-30,PE,Olinda,Pet,Pro,VendeFácil Loja,1024.74,Ativo,contato@lojascâmarame.com.br
CUST123,Centro de Santos Ltda,46.731.859/0001-71,BA,Camaçari,Construção,Enterprise,VendeFácil Estoque,3412.31,Ativo,contato@centrodesantosl.com.br
CUST124,Mundo da Correia Comercial,98.260.731/0001-70,PE,Recife,Varejo Cultural,Pro,VendeFácil Loja,1026.29,Cancelado,contato@mundodacorreiac.com.br
CUST125,Casa do Viana Eireli,84.025.637/0001-22,MG,Ipatinga,Pet,Basic,VendeFácil PDV,337.52,Ativo,contato@casadovianaeire.com.br
CUST126,Casa do Machado Ltda,87.524.931/0001-77,MG,Montes Claros,Construção,Enterprise,VendeFácil Pay,1983.42,Ativo,contato@casadomachadolt.com.br
CUST127,Mundo da Duarte Ltda,39.618.025/0001-99,MG,Montes Claros,Calçados,Pro,VendeFácil Estoque,951.99,Ativo,contato@mundodaduartelt.com.br
CUST128,Atacado Melo Comercial,69.230.175/0001-91,RS,Porto Alegre,Automotivo,Basic,VendeFácil PDV,429.54,Ativo,contato@atacadomelocome.com.br
CUST129,Centro de Macedo S.A.,18.705.932/0001-03,DF,Ceilândia,Pet,Pro,VendeFácil Analytics,1585.18,Ativo,contato@centrodemacedos.com.br
CUST130,Distribuidora Cassiano Me,17.428.309/0001-80,BA,Feira de Santana,Cosméticos,Enterprise,VendeFácil Pay,2844.81,Ativo,contato@distribuidoraca.com.br
CUST131,Atacado Rocha Comercial,86.579.302/0001-81,BA,Vitória da Conquista,Eletrônicos,Pro,VendeFácil Loja,1374.38,Ativo,contato@atacadorochacom.com.br
CUST132,Centro de Azevedo Comercial,34.950.762/0001-70,GO,Rio Verde,Alimentação,Pro,VendeFácil Analytics,1253.94,Ativo,contato@centrodeazevedo.com.br
CUST133,Mundo da Santos S.A.,17.258.049/0001-41,BA,Camaçari,Varejo Cultural,Pro,VendeFácil Estoque,1387.5,Ativo,contato@mundodasantossa.com.br
CUST134,Mundo da Vieira Eireli,04.523.186/0001-14,BA,Salvador,Varejo Cultural,Enterprise,VendeFácil Estoque,2656.76,Inativo,contato@mundodavieiraei.com.br
CUST135,Empório Jesus Ltda,92.810.437/0001-09,ES,Vila Velha,Automotivo,Basic,VendeFácil PDV,325.25,Cancelado,contato@empóriojesusltd.com.br
CUST136,Lojas Rodrigues Ltda,37.219.856/0001-62,PE,Recife,Eletrônicos,Pro,VendeFácil Analytics,861.51,Ativo,contato@lojasrodriguesl.com.br
CUST137,Empório Rios Comercial,07.458.196/0001-01,PE,Olinda,Varejo Cultural,Enterprise,VendeFácil Pay,2769.79,Ativo,contato@empóriorioscome.com.br
CUST138,Centro de Ferreira Ltda,94.652.370/0001-57,BA,Vitória da Conquista,Conveniência,Enterprise,VendeFácil Estoque,3319.9,Ativo,contato@centrodeferreir.com.br
CUST139,Comércio de Gomes Ltda,71.394.256/0001-79,GO,Goiânia,Vestuário,Enterprise,VendeFácil Estoque,2995.04,Ativo,contato@comérciodegomes.com.br
CUST140,Atacado da Rocha Ltda,06.497.831/0001-05,BA,Salvador,Conveniência,Enterprise,VendeFácil Estoque,3296.13,Ativo,contato@atacadodarochal.com.br
CUST141,Comércio de Vasconcelos Comercial,35.981.427/0001-00,MG,Contagem,Supermercado,Pro,VendeFácil Loja,1050.92,Ativo,contato@comérciodevasco.com.br
CUST142,Rede Sá S.A.,21.093.765/0001-93,BA,Feira de Santana,Alimentação,Pro,VendeFácil Estoque,801.33,Inativo,contato@redesása.com.br
CUST143,Mercado Cardoso Eireli,14.573.980/0001-26,PE,Jaboatão dos Guararapes,Vestuário,Pro,VendeFácil Analytics,1328.43,Ativo,contato@mercadocardosoe.com.br
CUST144,Rede Viana Me,85.461.239/0001-11,PR,Cascavel,Alimentação,Basic,VendeFácil PDV,388.35,Ativo,contato@redevianame.com.br
CUST145,Mundo da Souza Eireli,51.708.932/0001-24,ES,Cariacica,Calçados,Pro,VendeFácil Loja,1119.79,Ativo,contato@mundodasouzaeir.com.br
CUST146,Atacado Fonseca Ltda,16.024.739/0001-73,SP,SJC,Pet,Enterprise,VendeFácil Pay,2302.54,Ativo,contato@atacadofonsecal.com.br
CUST147,Mercado Rocha Comercial,46.507.138/0001-82,ES,Cariacica,Construção,Basic,VendeFácil PDV,413.19,Ativo,contato@mercadorochacom.com.br
CUST148,Comércio de Pinto Comercial,85.390.724/0001-41,DF,Águas Claras,Construção,Pro,VendeFácil Estoque,1144.59,Ativo,contato@comérciodepinto.com.br
CUST149,Atacado Jesus Eireli,12.078.364/0001-73,PR,Londrina,Conveniência,Basic,VendeFácil PDV,480.68,Ativo,contato@atacadojesuseir.com.br
CUST150,Mundo da da Costa S.A.,82.639.475/0001-97,MG,Contagem,Calçados,Pro,VendeFácil Estoque,808.59,Ativo,contato@mundodadacostas.com.br
CUST151,Lojas Souza Me,26.183.457/0001-72,RS,Caxias do Sul,Eletrônicos,Pro,VendeFácil Loja,1171.6,Inativo,contato@lojassouzame.com.br
CUST152,Distribuidora Andrade S.A.,53.781.204/0001-73,PE,Olinda,Calçados,Pro,VendeFácil Loja,1362.96,Ativo,contato@distribuidoraan.com.br
CUST153,Atacado Freitas Comercial,85.032.174/0001-99,RS,Canoas,Eletrônicos,Pro,VendeFácil Loja,863.21,Ativo,contato@atacadofreitasc.com.br
CUST154,Mundo da Borges Me,30.862.145/0001-62,SP,Jundiaí,Varejo Cultural,Enterprise,VendeFácil Estoque,3098.42,Ativo,contato@mundodaborgesme.com.br
CUST155,Empório Costela Comercial,18.349.520/0001-70,SP,SJC,Automotivo,Basic,VendeFácil PDV,423.91,Inativo,contato@empóriocostelac.com.br
CUST156,Mundo da Viana Ltda,90.461.528/0001-50,RS,Porto Alegre,Conveniência,Pro,VendeFácil Analytics,1532.04,Ativo,contato@mundodavianaltd.com.br
CUST157,Comércio de Camargo Comercial,02.981.467/0001-95,RJ,Rio de Janeiro,Supermercado,Pro,VendeFácil Loja,1497.15,Ativo,contato@comérciodecamar.com.br
CUST158,Centro de Cavalcanti Eireli,40.253.987/0001-70,RJ,Volta Redonda,Automotivo,Pro,VendeFácil Loja,1269.34,Ativo,contato@centrodecavalca.com.br
CUST159,Mundo da Azevedo Me,79.546.032/0001-47,GO,Aparecida de Goiânia,Pet,Enterprise,VendeFácil Estoque,2058.43,Ativo,contato@mundodaazevedom.com.br
CUST160,Empório Câmara Ltda,90.435.871/0001-20,MG,Contagem,Vestuário,Pro,VendeFácil Analytics,1183.52,Ativo,contato@empóriocâmaralt.com.br
CUST161,Comércio de Guerra Ltda,61.753.048/0001-65,ES,Serra,Eletrônicos,Enterprise,VendeFácil Estoque,2473.88,Ativo,contato@comérciodeguerr.com.br
CUST162,Mercado Pereira Ltda,21.974.568/0001-83,PE,Recife,Conveniência,Pro,VendeFácil Estoque,1167.11,Ativo,contato@mercadopereiral.com.br
CUST163,Centro de Peixoto S.A.,84.796.302/0001-08,SC,Joinville,Alimentação,Enterprise,VendeFácil Pay,2087.29,Ativo,contato@centrodepeixoto.com.br
CUST164,Rede Camargo Ltda,83.691.725/0001-09,GO,Aparecida de Goiânia,Vestuário,Pro,VendeFácil Loja,1342.06,Ativo,contato@redecamargoltda.com.br
CUST165,Mercado Guerra S.A.,61.532.740/0001-63,PR,Londrina,Alimentação,Enterprise,VendeFácil Pay,2150.92,Ativo,contato@mercadoguerrasa.com.br
CUST166,Mercado Rodrigues S.A.,71.860.534/0001-36,MG,Contagem,Vestuário,Enterprise,VendeFácil Pay,2253.28,Ativo,contato@mercadorodrigue.com.br
CUST167,Empório Souza Comercial,52.046.983/0001-09,DF,Águas Claras,Eletrônicos,Basic,VendeFácil PDV,449.13,Ativo,contato@empóriosouzacom.com.br
CUST168,Centro de Campos Me,65.978.023/0001-10,GO,Goiânia,Automotivo,Enterprise,VendeFácil Pay,2110.17,Ativo,contato@centrodecamposm.com.br
CUST169,Distribuidora das Neves Eireli,51.389.760/0001-73,PE,Recife,Supermercado,Pro,VendeFácil Analytics,1485.47,Ativo,contato@distribuidorada.com.br
CUST170,Lojas Ferreira Me,85.162.473/0001-48,DF,Águas Claras,Farmácia,Basic,VendeFácil PDV,364.42,Ativo,contato@lojasferreirame.com.br
CUST171,Rede Novais Eireli,98.045.273/0001-57,GO,Anápolis,Pet,Enterprise,VendeFácil Pay,2542.78,Ativo,contato@redenovaiseirel.com.br
CUST172,Comércio de da Mata Eireli,45.801.736/0001-05,SP,Campinas,Conveniência,Enterprise,VendeFácil Estoque,3304.33,Ativo,contato@comérciodedamat.com.br
CUST173,Distribuidora Casa Grande Me,01.376.529/0001-77,PE,Jaboatão dos Guararapes,Pet,Pro,VendeFácil Loja,1379.19,Ativo,contato@distribuidoraca.com.br
CUST174,Casa do Freitas Ltda,45.107.862/0001-56,BA,Vitória da Conquista,Conveniência,Pro,VendeFácil Loja,1062.01,Ativo,contato@casadofreitaslt.com.br
CUST175,Lojas Barros Comercial,47.639.851/0001-42,SP,Campinas,Farmácia,Pro,VendeFácil Analytics,922.42,Ativo,contato@lojasbarroscome.com.br
CUST176,Mundo da Cunha Ltda,81.530.264/0001-59,MG,Contagem,Conveniência,Basic,VendeFácil PDV,382.16,Inativo,contato@mundodacunhaltd.com.br
CUST177,Lojas Rios Eireli,40.379.856/0001-34,PR,Cascavel,Construção,Pro,VendeFácil Loja,872.52,Ativo,contato@lojasrioseireli.com.br
CUST178,Rede da Rosa S.A.,32.486.071/0001-32,RS,Porto Alegre,Varejo Cultural,Enterprise,VendeFácil Pay,2314.59,Ativo,contato@rededarosasa.com.br
CUST179,Lojas Souza Me,62.834.170/0001-29,BA,Salvador,Cosméticos,Enterprise,VendeFácil Estoque,3227.14,Ativo,contato@lojassouzame.com.br
CUST180,Rede Gonçalves Eireli,06.937.284/0001-23,DF,Ceilândia,Varejo Cultural,Pro,VendeFácil Loja,804.27,Inativo,contato@redegonçalvesei.com.br
CUST181,Centro de Guerra S.A.,64.130.278/0001-66,SP,Ribeirão Preto,Calçados,Enterprise,VendeFácil Estoque,3454.9,Ativo,contato@centrodeguerras.com.br
CUST182,Empório Marques Comercial,51.670.832/0001-56,BA,Camaçari,Automotivo,Pro,VendeFácil Loja,910.19,Ativo,contato@empóriomarquesc.com.br
CUST183,Distribuidora Guerra Me,81.672.593/0001-34,GO,Goiânia,Supermercado,Pro,VendeFácil Estoque,852.32,Ativo,contato@distribuidoragu.com.br
CUST184,Centro de Vasconcelos Ltda,21.846.795/0001-23,PE,Caruaru,Automotivo,Enterprise,VendeFácil Pay,2418.86,Ativo,contato@centrodevasconc.com.br
CUST185,Centro de Siqueira Me,23.179.645/0001-39,SC,Chapecó,Farmácia,Pro,VendeFácil Loja,1274.75,Ativo,contato@centrodesiqueir.com.br
CUST186,Comércio de Cassiano S.A.,12.734.568/0001-15,MG,Montes Claros,Pet,Enterprise,VendeFácil Pay,1876.69,Ativo,contato@comérciodecassi.com.br
CUST187,Lojas Nunes S.A.,95.813.076/0001-42,PR,Maringá,Varejo Cultural,Basic,VendeFácil PDV,301.55,Ativo,contato@lojasnunessa.com.br
CUST188,Distribuidora Pires Eireli,49.028.761/0001-40,BA,Feira de Santana,Eletrônicos,Enterprise,VendeFácil Pay,2966.7,Ativo,contato@distribuidorapi.com.br
CUST189,Empório Machado Comercial,09.562.847/0001-34,DF,Brasília,Pet,Basic,VendeFácil PDV,391.95,Ativo,contato@empóriomachadoc.com.br
CUST190,Mercado Peixoto Me,86.749.032/0001-00,BA,Camaçari,Calçados,Enterprise,VendeFácil Estoque,2568.31,Ativo,contato@mercadopeixotom.com.br
CUST191,Distribuidora Rezende S.A.,35.741.096/0001-23,RJ,Campos dos Goytacazes,Automotivo,Enterprise,VendeFácil Estoque,3371.63,Ativo,contato@distribuidorare.com.br
CUST192,Empório Fernandes S.A.,18.209.347/0001-04,BA,Camaçari,Eletrônicos,Basic,VendeFácil PDV,379.15,Ativo,contato@empóriofernande.com.br
CUST193,Comércio de Moreira Me,92.586.341/0001-09,SC,Joinville,Farmácia,Enterprise,VendeFácil Pay,2686.51,Ativo,contato@comérciodemorei.com.br
CUST194,Rede Rocha S.A.,90.582.631/0001-59,SC,Joinville,Vestuário,Basic,VendeFácil PDV,329.29,Ativo,contato@rederochasa.com.br
CUST195,Rede da Cunha Eireli,92.504.187/0001-89,ES,Vitória,Alimentação,Enterprise,VendeFácil Estoque,2690.59,Ativo,contato@rededacunhaeire.com.br
CUST196,Casa do Rezende Me,62.184.390/0001-54,ES,Serra,Conveniência,Pro,VendeFácil Loja,905.67,Ativo,contato@casadorezendeme.com.br
CUST197,Casa do Rios Ltda,81.642.059/0001-85,PR,Cascavel,Supermercado,Pro,VendeFácil Loja,1155.14,Ativo,contato@casadoriosltda.com.br
CUST198,Distribuidora Cirino Comercial,35.716.840/0001-30,MG,Contagem,Construção,Basic,VendeFácil PDV,428.93,Cancelado,contato@distribuidoraci.com.br
CUST199,Mercado da Rocha Eireli,18.052.496/0001-02,GO,Rio Verde,Automotivo,Enterprise,VendeFácil Pay,2576.04,Ativo,contato@mercadodarochae.com.br
CUST200,Mercado Garcia Eireli,29.865.417/0001-07,GO,Aparecida de Goiânia,Varejo Cultural,Enterprise,VendeFácil Pay,2465.88,Ativo,contato@mercadogarciaei.com.br
CUST201,Comércio de Macedo Eireli,06.578.132/0001-81,SP,Santos,Calçados,Basic,VendeFácil PDV,400.91,Ativo,contato@comérciodemaced.com.br
CUST202,Empório da Paz Comercial,73.829.165/0001-44,PE,Jaboatão dos Guararapes,Varejo Cultural,Pro,VendeFácil Loja,1442.56,Ativo,contato@empóriodapazcom.com.br
CUST203,Atacado Oliveira Me,79.463.850/0001-86,MG,Contagem,Farmácia,Pro,VendeFácil Loja,866.15,Ativo,contato@atacadooliveira.com.br
CUST204,Empório Costa Me,92.405.387/0001-84,DF,Taguatinga,Varejo Cultural,Basic,VendeFácil PDV,416.55,Ativo,contato@empóriocostame.com.br
CUST205,Centro de Caldeira Eireli,81.409.237/0001-22,ES,Cariacica,Alimentação,Enterprise,VendeFácil Pay,2792.37,Ativo,contato@centrodecaldeir.com.br
CUST206,Centro de Casa Grande Ltda,61.397.208/0001-80,ES,Serra,Alimentação,Enterprise,VendeFácil Estoque,3024.53,Inativo,contato@centrodecasagra.com.br
CUST207,Comércio de Aragão Me,68.513.024/0001-88,ES,Cariacica,Eletrônicos,Pro,VendeFácil Loja,812.76,Ativo,contato@comérciodearagã.com.br
CUST208,Distribuidora Alves Comercial,51.968.704/0001-93,PE,Jaboatão dos Guararapes,Vestuário,Pro,VendeFácil Estoque,850.71,Ativo,contato@distribuidoraal.com.br
CUST209,Rede Melo Eireli,27.840.561/0001-55,CE,Fortaleza,Conveniência,Pro,VendeFácil Loja,1413.47,Ativo,contato@redemeloeireli.com.br
CUST210,Lojas Cunha Eireli,28.609.157/0001-38,RJ,Niterói,Alimentação,Enterprise,VendeFácil Estoque,3133.76,Ativo,contato@lojascunhaeirel.com.br
CUST211,Rede Aragão Me,36.708.952/0001-01,MG,Uberaba,Varejo Cultural,Enterprise,VendeFácil Estoque,3051.34,Cancelado,contato@redearagãome.com.br
CUST212,Casa do Moraes S.A.,93.278.064/0001-30,DF,Águas Claras,Vestuário,Enterprise,VendeFácil Pay,2134.84,Cancelado,contato@casadomoraessa.com.br
CUST213,Centro de Oliveira Comercial,62.148.097/0001-31,SC,Criciúma,Automotivo,Pro,VendeFácil Analytics,1427.08,Ativo,contato@centrodeoliveir.com.br
CUST214,Casa do Melo Me,06.527.984/0001-40,BA,Feira de Santana,Vestuário,Enterprise,VendeFácil Pay,1993.76,Ativo,contato@casadomelome.com.br
CUST215,Lojas Ferreira Me,31.580.249/0001-47,CE,Fortaleza,Calçados,Enterprise,VendeFácil Pay,2991.63,Ativo,contato@lojasferreirame.com.br
CUST216,Casa do Cavalcanti Me,79.261.034/0001-90,PE,Jaboatão dos Guararapes,Pet,Basic,VendeFácil PDV,489.28,Ativo,contato@casadocavalcant.com.br
CUST217,Distribuidora da Rocha Me,30.982.574/0001-73,MG,Uberaba,Supermercado,Pro,VendeFácil Analytics,1226.51,Ativo,contato@distribuidorada.com.br
CUST218,Lojas Melo S.A.,40.326.851/0001-43,RS,Porto Alegre,Varejo Cultural,Basic,VendeFácil PDV,467.84,Ativo,contato@lojasmelosa.com.br
CUST219,Casa do Campos Eireli,56.893.720/0001-88,MG,Ouro Preto,Automotivo,Enterprise,VendeFácil Estoque,3229.78,Ativo,contato@casadocamposeir.com.br
CUST220,Centro de Monteiro Comercial,75.460.381/0001-90,GO,Goiânia,Farmácia,Basic,VendeFácil PDV,351.18,Ativo,contato@centrodemonteir.com.br
CUST221,Comércio de Pereira Eireli,28.490.563/0001-24,CE,Sobral,Farmácia,Pro,VendeFácil Loja,966.35,Ativo,contato@comérciodeperei.com.br
CUST222,Centro de da Rocha Ltda,47.615.328/0001-86,ES,Cariacica,Farmácia,Basic,VendeFácil PDV,467.34,Ativo,contato@centrodedarocha.com.br
CUST223,Empório Aparecida S.A.,56.490.831/0001-43,ES,Vila Velha,Calçados,Pro,VendeFácil Estoque,939.33,Ativo,contato@empórioaparecid.com.br
CUST224,Empório Moraes Ltda,20.964.385/0001-14,GO,Rio Verde,Alimentação,Enterprise,VendeFácil Estoque,2969.14,Ativo,contato@empóriomoraeslt.com.br
CUST225,Empório Azevedo Me,35.894.012/0001-91,CE,Fortaleza,Pet,Pro,VendeFácil Analytics,882.65,Ativo,contato@empórioazevedom.com.br
CUST226,Distribuidora Machado Comercial,59.760.412/0001-72,DF,Brasília,Varejo Cultural,Basic,VendeFácil PDV,368.96,Ativo,contato@distribuidorama.com.br
CUST227,Lojas Fonseca Eireli,65.410.893/0001-99,DF,Ceilândia,Alimentação,Basic,VendeFácil PDV,370.46,Ativo,contato@lojasfonsecaeir.com.br
CUST228,Casa do Moreira Ltda,68.129.375/0001-90,DF,Águas Claras,Conveniência,Pro,VendeFácil Estoque,1277.47,Ativo,contato@casadomoreiralt.com.br
CUST229,Atacado da Paz Comercial,73.190.862/0001-06,PR,Londrina,Supermercado,Pro,VendeFácil Estoque,1325.76,Ativo,contato@atacadodapazcom.com.br
CUST230,Empório Macedo Ltda,15.870.429/0001-07,BA,Camaçari,Construção,Basic,VendeFácil PDV,450.66,Ativo,contato@empóriomacedolt.com.br
CUST231,Mundo da Castro Eireli,25.301.847/0001-37,ES,Serra,Construção,Basic,VendeFácil PDV,459.87,Ativo,contato@mundodacastroei.com.br
CUST232,Centro de Alves Me,58.934.106/0001-42,BA,Vitória da Conquista,Alimentação,Pro,VendeFácil Analytics,1369.05,Ativo,contato@centrodealvesme.com.br
CUST233,Centro de das Neves Me,67.983.405/0001-68,SP,Bauru,Farmácia,Pro,VendeFácil Analytics,1301.84,Ativo,contato@centrodedasneve.com.br
CUST234,Rede Dias Eireli,17.854.296/0001-00,SC,Florianópolis,Farmácia,Pro,VendeFácil Loja,1262.64,Ativo,contato@redediaseireli.com.br
CUST235,Empório Porto Comercial,92.834.057/0001-04,RJ,Nova Iguaçu,Automotivo,Pro,VendeFácil Loja,1112.99,Ativo,contato@empórioportocom.com.br
CUST236,Empório Cassiano Comercial,42.875.163/0001-68,BA,Vitória da Conquista,Conveniência,Basic,VendeFácil PDV,315.01,Ativo,contato@empóriocassiano.com.br
CUST237,Casa do da Paz Ltda,14.358.296/0001-21,DF,Taguatinga,Supermercado,Pro,VendeFácil Estoque,1301.64,Ativo,contato@casadodapazltda.com.br
CUST238,Rede da Rosa Ltda,98.145.760/0001-91,RJ,Rio de Janeiro,Vestuário,Enterprise,VendeFácil Estoque,2486.13,Ativo,contato@rededarosaltda.com.br
CUST239,Distribuidora Ribeiro Comercial,95.067.842/0001-77,GO,Aparecida de Goiânia,Conveniência,Pro,VendeFácil Analytics,1561.62,Ativo,contato@distribuidorari.com.br
CUST240,Distribuidora Vargas Ltda,94.368.701/0001-21,RJ,Campos dos Goytacazes,Varejo Cultural,Pro,VendeFácil Analytics,1085.79,Ativo,contato@distribuidorava.com.br
CUST241,Atacado Pires Me,84.931.625/0001-67,DF,Taguatinga,Automotivo,Enterprise,VendeFácil Pay,2341.78,Ativo,contato@atacadopiresme.com.br
CUST242,Casa do Barbosa S.A.,02.736.514/0001-35,DF,Águas Claras,Vestuário,Enterprise,VendeFácil Pay,2199.81,Inativo,contato@casadobarbosasa.com.br
CUST243,Distribuidora Pereira Me,25.879.314/0001-37,SP,Ribeirão Preto,Farmácia,Pro,VendeFácil Analytics,979.49,Ativo,contato@distribuidorape.com.br
CUST244,Atacado Moraes S.A.,81.593.026/0001-92,ES,Serra,Calçados,Basic,VendeFácil PDV,410.0,Ativo,contato@atacadomoraessa.com.br
CUST245,Lojas da Cruz S.A.,21.093.457/0001-68,DF,Taguatinga,Varejo Cultural,Enterprise,VendeFácil Pay,2113.94,Cancelado,contato@lojasdacruzsa.com.br
CUST246,Centro de Castro S.A.,59.361.748/0001-62,PE,Recife,Varejo Cultural,Enterprise,VendeFácil Pay,2601.19,Ativo,contato@centrodecastros.com.br
CUST247,Casa do das Neves Comercial,70.134.698/0001-13,GO,Goiânia,Farmácia,Pro,VendeFácil Loja,1078.71,Ativo,contato@casadodasnevesc.com.br
CUST248,Distribuidora Pacheco Eireli,50.823.491/0001-49,BA,Camaçari,Cosméticos,Basic,VendeFácil PDV,325.07,Ativo,contato@distribuidorapa.com.br
CUST249,Lojas Nascimento Eireli,01.682.537/0001-41,PE,Olinda,Alimentação,Enterprise,VendeFácil Pay,2695.71,Ativo,contato@lojasnascimento.com.br
CUST250,Empório Aparecida S.A.,60.324.981/0001-54,CE,Fortaleza,Farmácia,Enterprise,VendeFácil Pay,2014.22,Ativo,contato@empórioaparecid.com.br
CUST251,Centro de Montenegro Me,78.469.503/0001-06,SC,Criciúma,Construção,Basic,VendeFácil PDV,350.12,Ativo,contato@centrodemontene.com.br
CUST252,Lojas Brito Comercial,65.842.197/0001-51,RJ,Nova Iguaçu,Construção,Enterprise,VendeFácil Pay,2546.87,Ativo,contato@lojasbritocomer.com.br
CUST253,Empório Moraes Comercial,68.079.124/0001-48,GO,Aparecida de Goiânia,Alimentação,Enterprise,VendeFácil Estoque,2899.17,Inativo,contato@empóriomoraesco.com.br
CUST254,Atacado Moreira S.A.,72.894.613/0001-20,MG,Belo Horizonte,Farmácia,Basic,VendeFácil PDV,489.71,Ativo,contato@atacadomoreiras.com.br
CUST255,Centro de Pimenta Me,45.789.230/0001-10,GO,Rio Verde,Cosméticos,Enterprise,VendeFácil Estoque,1948.46,Inativo,contato@centrodepimenta.com.br
CUST256,Atacado Freitas Eireli,51.642.038/0001-07,ES,Serra,Automotivo,Pro,VendeFácil Estoque,1273.05,Ativo,contato@atacadofreitase.com.br
CUST257,Empório Rezende Comercial,93.048.157/0001-78,SP,São Paulo,Alimentação,Pro,VendeFácil Analytics,1161.72,Ativo,contato@empóriorezendec.com.br
CUST258,Mundo da Rodrigues S.A.,30.178.926/0001-32,RJ,Petrópolis,Calçados,Pro,VendeFácil Loja,1313.94,Inativo,contato@mundodarodrigue.com.br
CUST259,Atacado Cassiano Eireli,63.947.802/0001-23,SC,Criciúma,Eletrônicos,Basic,VendeFácil PDV,363.82,Ativo,contato@atacadocassiano.com.br
CUST260,Rede Carvalho Eireli,83.579.461/0001-98,RS,Caxias do Sul,Farmácia,Basic,VendeFácil PDV,358.04,Ativo,contato@redecarvalhoeir.com.br
CUST261,Lojas Cavalcanti Eireli,78.542.930/0001-64,RS,Caxias do Sul,Varejo Cultural,Enterprise,VendeFácil Pay,2809.58,Ativo,contato@lojascavalcanti.com.br
CUST262,Mundo da da Cruz Comercial,48.912.567/0001-60,CE,Sobral,Automotivo,Pro,VendeFácil Loja,1148.16,Ativo,contato@mundodadacruzco.com.br
CUST263,Casa do Santos Comercial,75.924.680/0001-39,PE,Jaboatão dos Guararapes,Vestuário,Enterprise,VendeFácil Pay,2294.05,Ativo,contato@casadosantoscom.com.br
CUST264,Lojas Oliveira Me,86.972.150/0001-82,ES,Cariacica,Construção,Enterprise,VendeFácil Pay,1811.45,Ativo,contato@lojasoliveirame.com.br
CUST265,Centro de da Paz S.A.,15.782.390/0001-76,DF,Ceilândia,Pet,Pro,VendeFácil Loja,831.67,Ativo,contato@centrodedapazsa.com.br
CUST266,Centro de Nascimento Me,48.910.765/0001-95,SC,Criciúma,Construção,Basic,VendeFácil PDV,377.27,Ativo,contato@centrodenascime.com.br
CUST267,Empório Aragão Comercial,83.906.724/0001-26,GO,Goiânia,Alimentação,Basic,VendeFácil PDV,378.78,Ativo,contato@empórioaragãoco.com.br
CUST268,Mercado Melo Ltda,12.049.365/0001-90,SC,Joinville,Vestuário,Enterprise,VendeFácil Pay,2512.77,Ativo,contato@mercadomeloltda.com.br
CUST269,Centro de Rezende S.A.,34.527.086/0001-27,RJ,Nova Iguaçu,Varejo Cultural,Pro,VendeFácil Analytics,1239.5,Ativo,contato@centroderezende.com.br
CUST270,Atacado Oliveira Comercial,38.019.674/0001-00,SC,Criciúma,Varejo Cultural,Pro,VendeFácil Estoque,1005.42,Ativo,contato@atacadooliveira.com.br
CUST271,Casa do Viana Ltda,72.406.851/0001-40,SC,Criciúma,Eletrônicos,Enterprise,VendeFácil Pay,2485.79,Ativo,contato@casadovianaltda.com.br
CUST272,Mercado da Paz Comercial,78.914.320/0001-44,SC,Blumenau,Conveniência,Basic,VendeFácil PDV,495.98,Ativo,contato@mercadodapazcom.com.br
CUST273,Rede Camargo Eireli,52.798.106/0001-86,PE,Olinda,Conveniência,Enterprise,VendeFácil Pay,2608.69,Ativo,contato@redecamargoeire.com.br
CUST274,Lojas Fernandes S.A.,43.295.867/0001-24,RJ,Campos dos Goytacazes,Conveniência,Enterprise,VendeFácil Estoque,2891.58,Ativo,contato@lojasfernandess.com.br
CUST275,Mundo da Duarte S.A.,16.978.320/0001-50,MG,Uberlândia,Vestuário,Basic,VendeFácil PDV,388.21,Ativo,contato@mundodaduartesa.com.br
CUST276,Comércio de Abreu Comercial,46.372.598/0001-40,BA,Camaçari,Calçados,Enterprise,VendeFácil Estoque,1999.65,Ativo,contato@comérciodeabreu.com.br
CUST277,Centro de Silveira Me,90.452.186/0001-02,SC,Chapecó,Eletrônicos,Pro,VendeFácil Analytics,1085.31,Ativo,contato@centrodesilveir.com.br
CUST278,Atacado Campos Comercial,74.235.896/0001-24,CE,Juazeiro do Norte,Conveniência,Enterprise,VendeFácil Estoque,2989.19,Ativo,contato@atacadocamposco.com.br
CUST279,Atacado Campos Me,45.316.789/0001-22,PE,Jaboatão dos Guararapes,Vestuário,Pro,VendeFácil Loja,1190.66,Ativo,contato@atacadocamposme.com.br
CUST280,Centro de Souza Me,95.684.310/0001-89,DF,Taguatinga,Calçados,Enterprise,VendeFácil Estoque,2682.4,Ativo,contato@centrodesouzame.com.br
CUST281,Mundo da Rodrigues Me,91.745.206/0001-04,PR,Curitiba,Cosméticos,Enterprise,VendeFácil Estoque,2769.11,Inativo,contato@mundodarodrigue.com.br
CUST282,Casa do Camargo Me,08.346.157/0001-85,RJ,Petrópolis,Supermercado,Pro,VendeFácil Loja,1468.72,Ativo,contato@casadocamargome.com.br
CUST283,Centro de Moreira Me,71.354.902/0001-74,DF,Águas Claras,Vestuário,Pro,VendeFácil Estoque,1288.17,Ativo,contato@centrodemoreira.com.br
CUST284,Centro de Machado S.A.,07.243.598/0001-99,RJ,Rio de Janeiro,Cosméticos,Enterprise,VendeFácil Estoque,2838.93,Ativo,contato@centrodemachado.com.br
CUST285,Distribuidora Martins S.A.,40.628.153/0001-00,ES,Vila Velha,Supermercado,Basic,VendeFácil PDV,382.66,Ativo,contato@distribuidorama.com.br
CUST286,Casa do Lima S.A.,51.073.628/0001-58,MG,Juiz de Fora,Pet,Enterprise,VendeFácil Estoque,3396.05,Inativo,contato@casadolimasa.com.br
CUST287,Rede Cirino S.A.,26.538.740/0001-70,PR,Maringá,Construção,Enterprise,VendeFácil Estoque,1994.66,Ativo,contato@redecirinosa.com.br
CUST288,Mercado Rodrigues Eireli,82.501.439/0001-62,CE,Fortaleza,Alimentação,Pro,VendeFácil Analytics,1511.68,Ativo,contato@mercadorodrigue.com.br
CUST289,Rede Cardoso Comercial,30.829.456/0001-20,PE,Jaboatão dos Guararapes,Calçados,Pro,VendeFácil Loja,1413.72,Ativo,contato@redecardosocome.com.br
CUST290,Casa do Garcia S.A.,39.721.654/0001-40,SP,Santos,Construção,Pro,VendeFácil Analytics,1591.82,Ativo,contato@casadogarciasa.com.br
CUST291,Casa do Teixeira Me,10.648.975/0001-84,CE,Sobral,Construção,Pro,VendeFácil Estoque,1275.73,Ativo,contato@casadoteixeiram.com.br
CUST292,Comércio de Brito S.A.,90.745.812/0001-59,DF,Taguatinga,Supermercado,Enterprise,VendeFácil Estoque,2439.38,Ativo,contato@comérciodebrito.com.br
CUST293,Distribuidora Aparecida S.A.,67.341.052/0001-00,GO,Rio Verde,Pet,Enterprise,VendeFácil Pay,2259.1,Ativo,contato@distribuidoraap.com.br
CUST294,Casa do da Rocha Me,35.812.649/0001-91,RJ,Volta Redonda,Varejo Cultural,Pro,VendeFácil Estoque,754.44,Ativo,contato@casadodarochame.com.br
CUST295,Empório da Rosa S.A.,40.256.398/0001-46,SC,Blumenau,Cosméticos,Enterprise,VendeFácil Estoque,2816.6,Ativo,contato@empóriodarosasa.com.br
CUST296,Atacado Ferreira Ltda,68.573.914/0001-85,MG,Uberlândia,Automotivo,Pro,VendeFácil Loja,911.8,Ativo,contato@atacadoferreira.com.br
CUST297,Casa do Garcia S.A.,28.716.953/0001-70,ES,Serra,Varejo Cultural,Enterprise,VendeFácil Pay,2109.19,Cancelado,contato@casadogarciasa.com.br
CUST298,Centro de Araújo S.A.,86.947.130/0001-51,PE,Olinda,Pet,Enterprise,VendeFácil Estoque,2778.78,Ativo,contato@centrodearaújos.com.br
CUST299,Distribuidora da Cunha Comercial,35.192.074/0001-51,RS,Santa Maria,Farmácia,Enterprise,VendeFácil Pay,2425.45,Ativo,contato@distribuidorada.com.br
CUST300,Lojas da Mata Me,60.174.593/0001-34,SP,São Paulo,Eletrônicos,Enterprise,VendeFácil Pay,2083.02,Ativo,contato@lojasdamatame.com.br
CUST301,Distribuidora Costela Comercial,54.016.738/0001-76,CE,Sobral,Farmácia,Enterprise,VendeFácil Estoque,2228.64,Ativo,contato@distribuidoraco.com.br
CUST302,Mercado Sampaio Comercial,93.614.257/0001-14,PE,Recife,Automotivo,Pro,VendeFácil Estoque,1083.61,Ativo,contato@mercadosampaioc.com.br
CUST303,Comércio de Martins Comercial,85.426.731/0001-56,PE,Olinda,Calçados,Basic,VendeFácil PDV,379.19,Ativo,contato@comérciodemarti.com.br
CUST304,Mercado Brito Ltda,75.326.908/0001-99,SP,São Paulo,Pet,Pro,VendeFácil Loja,1290.27,Ativo,contato@mercadobritoltd.com.br
CUST305,Mundo da Câmara Me,20.476.531/0001-62,PE,Recife,Construção,Pro,VendeFácil Analytics,984.99,Ativo,contato@mundodacâmarame.com.br
CUST306,Centro de Cassiano S.A.,35.974.162/0001-05,BA,Camaçari,Pet,Pro,VendeFácil Analytics,910.19,Cancelado,contato@centrodecassian.com.br
CUST307,Lojas Rezende S.A.,54.796.380/0001-41,ES,Serra,Farmácia,Pro,VendeFácil Estoque,1395.35,Ativo,contato@lojasrezendesa.com.br
CUST308,Centro de Siqueira Eireli,52.894.317/0001-12,MG,Belo Horizonte,Construção,Pro,VendeFácil Analytics,1355.12,Ativo,contato@centrodesiqueir.com.br
CUST309,Distribuidora Ramos Ltda,08.967.541/0001-03,RS,Caxias do Sul,Automotivo,Pro,VendeFácil Loja,908.58,Ativo,contato@distribuidorara.com.br
CUST310,Rede Carvalho Ltda,31.208.495/0001-72,ES,Cariacica,Cosméticos,Basic,VendeFácil PDV,348.13,Ativo,contato@redecarvalholtd.com.br
CUST311,Centro de Araújo S.A.,97.806.435/0001-60,PE,Recife,Vestuário,Enterprise,VendeFácil Estoque,1970.78,Ativo,contato@centrodearaújos.com.br
CUST312,Rede Almeida Me,84.907.316/0001-51,MG,Juiz de Fora,Eletrônicos,Pro,VendeFácil Loja,963.91,Inativo,contato@redealmeidame.com.br
CUST313,Centro de Brito S.A.,82.314.596/0001-69,GO,Anápolis,Vestuário,Pro,VendeFácil Loja,1413.38,Cancelado,contato@centrodebritosa.com.br
CUST314,Lojas da Mata Eireli,61.539.482/0001-47,BA,Vitória da Conquista,Construção,Basic,VendeFácil PDV,411.34,Ativo,contato@lojasdamataeire.com.br
CUST315,Centro de Câmara Me,41.073.592/0001-59,CE,Sobral,Supermercado,Pro,VendeFácil Loja,1459.11,Ativo,contato@centrodecâmaram.com.br
CUST316,Centro de Melo Eireli,09.283.574/0001-99,DF,Águas Claras,Pet,Pro,VendeFácil Estoque,944.93,Ativo,contato@centrodemeloeir.com.br
CUST317,Mercado Brito Comercial,80.315.476/0001-50,RS,Caxias do Sul,Construção,Enterprise,VendeFácil Estoque,2130.96,Ativo,contato@mercadobritocom.com.br
CUST318,Comércio de Aparecida Me,14.092.765/0001-03,BA,Camaçari,Eletrônicos,Enterprise,VendeFácil Pay,1987.73,Ativo,contato@comérciodeapare.com.br
CUST319,Comércio de Casa Grande Ltda,61.487.932/0001-03,ES,Vitória,Automotivo,Pro,VendeFácil Loja,864.72,Ativo,contato@comérciodecasag.com.br
CUST320,Comércio de Nogueira Comercial,56.289.074/0001-44,PR,Ponta Grossa,Conveniência,Enterprise,VendeFácil Pay,2644.09,Inativo,contato@comérciodenogue.com.br
CUST321,Mercado Brito S.A.,63.124.587/0001-60,DF,Taguatinga,Automotivo,Pro,VendeFácil Estoque,1315.16,Ativo,contato@mercadobritosa.com.br
CUST322,Comércio de Alves Eireli,47.812.936/0001-80,RS,Porto Alegre,Calçados,Pro,VendeFácil Analytics,1535.83,Ativo,contato@comérciodealves.com.br
CUST323,Empório Cirino Me,96.184.275/0001-00,RS,Santa Maria,Varejo Cultural,Pro,VendeFácil Loja,1066.46,Ativo,contato@empóriocirinome.com.br
CUST324,Casa do Barbosa Me,14.235.968/0001-01,PR,Maringá,Eletrônicos,Pro,VendeFácil Analytics,1199.5,Ativo,contato@casadobarbosame.com.br
CUST325,Lojas Fonseca Ltda,19.023.647/0001-67,RS,Pelotas,Varejo Cultural,Pro,VendeFácil Analytics,884.29,Inativo,contato@lojasfonsecaltd.com.br
CUST326,Comércio de Cardoso Me,12.634.570/0001-12,PR,Cascavel,Cosméticos,Enterprise,VendeFácil Pay,2808.02,Ativo,contato@comérciodecardo.com.br
CUST327,Empório Alves Me,15.946.230/0001-15,RS,Canoas,Cosméticos,Pro,VendeFácil Estoque,1074.55,Ativo,contato@empórioalvesme.com.br
CUST328,Lojas da Rocha Comercial,69.154.782/0001-10,PE,Caruaru,Automotivo,Pro,VendeFácil Estoque,1226.3,Ativo,contato@lojasdarochacom.com.br
CUST329,Distribuidora Garcia Ltda,29.486.310/0001-40,PE,Jaboatão dos Guararapes,Eletrônicos,Enterprise,VendeFácil Estoque,3431.58,Ativo,contato@distribuidoraga.com.br
CUST330,Mercado Cavalcante S.A.,64.923.071/0001-49,MG,Uberaba,Alimentação,Enterprise,VendeFácil Estoque,2270.29,Ativo,contato@mercadocavalcan.com.br
CUST331,Rede da Cruz Eireli,73.901.265/0001-34,CE,Sobral,Varejo Cultural,Basic,VendeFácil PDV,423.57,Ativo,contato@rededacruzeirel.com.br
CUST332,Mercado Farias Comercial,96.532.814/0001-46,ES,Cariacica,Supermercado,Basic,VendeFácil PDV,406.44,Ativo,contato@mercadofariasco.com.br
CUST333,Mundo da Duarte S.A.,93.721.865/0001-28,DF,Ceilândia,Eletrônicos,Pro,VendeFácil Loja,812.0,Ativo,contato@mundodaduartesa.com.br
CUST334,Atacado Sousa Me,73.582.690/0001-08,SP,Campinas,Eletrônicos,Pro,VendeFácil Estoque,906.63,Ativo,contato@atacadosousame.com.br
CUST335,Comércio de Nunes S.A.,38.254.097/0001-31,PR,Ponta Grossa,Farmácia,Pro,VendeFácil Loja,1471.51,Ativo,contato@comérciodenunes.com.br
CUST336,Mundo da Costela Eireli,74.163.592/0001-07,PR,Curitiba,Conveniência,Enterprise,VendeFácil Estoque,3115.34,Ativo,contato@mundodacostelae.com.br
CUST337,Casa do da Rosa Eireli,34.259.601/0001-35,CE,Sobral,Supermercado,Enterprise,VendeFácil Estoque,1915.12,Ativo,contato@casadodarosaeir.com.br
CUST338,Comércio de Peixoto S.A.,76.840.253/0001-35,ES,Serra,Cosméticos,Basic,VendeFácil PDV,478.96,Inativo,contato@comérciodepeixo.com.br
CUST339,Atacado Vargas Comercial,35.284.091/0001-19,DF,Águas Claras,Construção,Basic,VendeFácil PDV,484.83,Ativo,contato@atacadovargasco.com.br
CUST340,Lojas Vieira Eireli,61.072.843/0001-98,GO,Goiânia,Alimentação,Pro,VendeFácil Loja,810.96,Ativo,contato@lojasvieiraeire.com.br
CUST341,Mundo da Freitas Comercial,67.280.351/0001-74,SP,Sorocaba,Alimentação,Enterprise,VendeFácil Pay,2136.66,Ativo,contato@mundodafreitasc.com.br
CUST342,Distribuidora Leão Comercial,19.276.530/0001-95,SC,Chapecó,Calçados,Pro,VendeFácil Estoque,1263.82,Ativo,contato@distribuidorale.com.br
CUST343,Empório Moreira Comercial,75.903.826/0001-60,DF,Ceilândia,Supermercado,Basic,VendeFácil PDV,387.42,Ativo,contato@empóriomoreirac.com.br
CUST344,Casa do da Rosa Eireli,01.962.785/0001-46,GO,Rio Verde,Varejo Cultural,Basic,VendeFácil PDV,426.82,Ativo,contato@casadodarosaeir.com.br
CUST345,Mundo da da Cruz Ltda,82.974.350/0001-13,RS,Pelotas,Eletrônicos,Pro,VendeFácil Analytics,1173.89,Ativo,contato@mundodadacruzlt.com.br
CUST346,Mundo da Guerra S.A.,29.630.417/0001-10,GO,Anápolis,Vestuário,Enterprise,VendeFácil Estoque,2017.61,Ativo,contato@mundodaguerrasa.com.br
CUST347,Atacado Pastor Eireli,69.051.823/0001-42,DF,Águas Claras,Varejo Cultural,Pro,VendeFácil Loja,874.59,Ativo,contato@atacadopastorei.com.br
CUST348,Centro de Vieira Comercial,19.276.830/0001-74,SC,Blumenau,Farmácia,Pro,VendeFácil Estoque,806.74,Ativo,contato@centrodevieirac.com.br
CUST349,Rede da Luz Comercial,78.543.692/0001-01,CE,Sobral,Farmácia,Basic,VendeFácil PDV,317.92,Ativo,contato@rededaluzcomerc.com.br
CUST350,Centro de Camargo S.A.,59.741.206/0001-15,SC,Chapecó,Supermercado,Pro,VendeFácil Loja,1089.67,Ativo,contato@centrodecamargo.com.br
CUST351,Atacado Carvalho Eireli,51.320.867/0001-65,GO,Aparecida de Goiânia,Conveniência,Pro,VendeFácil Analytics,977.13,Ativo,contato@atacadocarvalho.com.br
CUST352,Distribuidora Casa Grande Me,86.941.735/0001-35,RJ,Rio de Janeiro,Alimentação,Pro,VendeFácil Analytics,1056.97,Ativo,contato@distribuidoraca.com.br
CUST353,Casa do Cirino Ltda,78.241.390/0001-89,PR,Londrina,Calçados,Enterprise,VendeFácil Estoque,2693.28,Ativo,contato@casadocirinoltd.com.br
CUST354,Empório Cirino Eireli,57.062.834/0001-49,RJ,Petrópolis,Supermercado,Pro,VendeFácil Analytics,1099.16,Ativo,contato@empóriocirinoei.com.br
CUST355,Comércio de Correia Eireli,68.735.942/0001-51,SC,Chapecó,Conveniência,Enterprise,VendeFácil Pay,1990.57,Ativo,contato@comérciodecorre.com.br
CUST356,Casa do Macedo Comercial,72.140.985/0001-61,SC,Joinville,Pet,Pro,VendeFácil Loja,1004.01,Ativo,contato@casadomacedocom.com.br
CUST357,Distribuidora da Mota Comercial,38.419.752/0001-64,RS,Pelotas,Pet,Pro,VendeFácil Loja,1371.55,Ativo,contato@distribuidorada.com.br
CUST358,Casa do Moraes S.A.,19.467.205/0001-00,RS,Santa Maria,Eletrônicos,Pro,VendeFácil Estoque,1193.11,Ativo,contato@casadomoraessa.com.br
CUST359,Mundo da Macedo Eireli,83.605.127/0001-61,PE,Olinda,Calçados,Basic,VendeFácil PDV,463.79,Ativo,contato@mundodamacedoei.com.br
CUST360,Mundo da Machado Eireli,45.130.792/0001-57,RJ,Nova Iguaçu,Construção,Pro,VendeFácil Estoque,914.24,Ativo,contato@mundodamachadoe.com.br
CUST361,Mundo da Pastor Comercial,56.241.980/0001-79,SP,Jundiaí,Cosméticos,Pro,VendeFácil Analytics,1286.68,Ativo,contato@mundodapastorco.com.br
CUST362,Distribuidora Nunes S.A.,58.476.123/0001-83,MG,Contagem,Calçados,Enterprise,VendeFácil Pay,2631.35,Inativo,contato@distribuidoranu.com.br
CUST363,Mundo da da Rocha Me,49.173.025/0001-86,ES,Serra,Alimentação,Enterprise,VendeFácil Estoque,2880.28,Ativo,contato@mundodadarocham.com.br
CUST364,Centro de Cardoso Comercial,23.957.184/0001-88,BA,Salvador,Supermercado,Basic,VendeFácil PDV,351.75,Ativo,contato@centrodecardoso.com.br
CUST365,Rede Casa Grande Comercial,94.637.081/0001-89,GO,Aparecida de Goiânia,Automotivo,Pro,VendeFácil Loja,1073.79,Ativo,contato@redecasagrandec.com.br
CUST366,Distribuidora Moraes Ltda,45.732.908/0001-28,RJ,Petrópolis,Supermercado,Pro,VendeFácil Analytics,928.41,Ativo,contato@distribuidoramo.com.br
CUST367,Centro de Borges Eireli,75.164.398/0001-09,DF,Taguatinga,Varejo Cultural,Pro,VendeFácil Loja,1040.15,Ativo,contato@centrodeborgese.com.br
CUST368,Distribuidora Cunha Me,74.562.918/0001-60,SC,Chapecó,Farmácia,Pro,VendeFácil Analytics,1391.5,Ativo,contato@distribuidoracu.com.br
CUST369,Lojas Mendonça S.A.,50.879.364/0001-61,MG,Uberlândia,Supermercado,Pro,VendeFácil Loja,1253.58,Ativo,contato@lojasmendonçasa.com.br
CUST370,Casa do Castro S.A.,79.031.528/0001-88,CE,Caucaia,Eletrônicos,Pro,VendeFácil Estoque,965.14,Ativo,contato@casadocastrosa.com.br
CUST371,Rede da Mota S.A.,15.402.967/0001-77,BA,Feira de Santana,Alimentação,Enterprise,VendeFácil Estoque,2951.69,Ativo,contato@rededamotasa.com.br
CUST372,Distribuidora Pires Comercial,43.650.798/0001-20,PE,Caruaru,Pet,Basic,VendeFácil PDV,440.95,Ativo,contato@distribuidorapi.com.br
CUST373,Casa do Mendes Comercial,12.345.706/0001-74,SP,Ribeirão Preto,Varejo Cultural,Pro,VendeFácil Loja,937.95,Ativo,contato@casadomendescom.com.br
CUST374,Empório Sampaio Me,51.698.304/0001-05,ES,Serra,Cosméticos,Pro,VendeFácil Analytics,1308.48,Ativo,contato@empóriosampaiom.com.br
CUST375,Rede Gomes Ltda,19.826.573/0001-05,PE,Jaboatão dos Guararapes,Conveniência,Enterprise,VendeFácil Estoque,3180.98,Inativo,contato@redegomesltda.com.br
CUST376,Empório Vasconcelos S.A.,29.146.073/0001-78,ES,Vila Velha,Varejo Cultural,Basic,VendeFácil PDV,347.71,Ativo,contato@empóriovasconce.com.br
CUST377,Lojas Ferreira Eireli,32.645.910/0001-18,CE,Sobral,Pet,Enterprise,VendeFácil Pay,1993.01,Ativo,contato@lojasferreiraei.com.br
CUST378,Empório Brito Eireli,21.693.780/0001-72,ES,Vila Velha,Eletrônicos,Pro,VendeFácil Estoque,1068.27,Ativo,contato@empóriobritoeir.com.br
CUST379,Mundo da da Mota Comercial,13.465.027/0001-00,GO,Goiânia,Varejo Cultural,Basic,VendeFácil PDV,396.92,Ativo,contato@mundodadamotaco.com.br
CUST380,Casa do Moreira Eireli,98.357.206/0001-78,CE,Sobral,Pet,Enterprise,VendeFácil Estoque,2686.76,Ativo,contato@casadomoreiraei.com.br
CUST381,Mercado Monteiro Me,61.375.402/0001-65,RJ,Rio de Janeiro,Cosméticos,Basic,VendeFácil PDV,459.18,Ativo,contato@mercadomonteiro.com.br
CUST382,Casa do Albuquerque Comercial,59.234.678/0001-81,RS,Santa Maria,Construção,Pro,VendeFácil Estoque,1257.48,Ativo,contato@casadoalbuquerq.com.br
CUST383,Empório Rodrigues Comercial,27.104.658/0001-08,CE,Fortaleza,Cosméticos,Basic,VendeFácil PDV,353.58,Ativo,contato@empóriorodrigue.com.br
CUST384,Comércio de Cunha Me,09.642.731/0001-05,MG,Ipatinga,Eletrônicos,Pro,VendeFácil Estoque,1393.35,Ativo,contato@comérciodecunha.com.br
CUST385,Distribuidora Sampaio S.A.,61.270.954/0001-09,MG,Ipatinga,Construção,Pro,VendeFácil Loja,1403.54,Ativo,contato@distribuidorasa.com.br
CUST386,Mundo da Costela S.A.,28.534.096/0001-97,RS,Santa Maria,Calçados,Pro,VendeFácil Loja,1402.73,Ativo,contato@mundodacostelas.com.br
CUST387,Centro de Lopes Me,30.987.652/0001-22,GO,Aparecida de Goiânia,Vestuário,Pro,VendeFácil Estoque,1273.54,Ativo,contato@centrodelopesme.com.br
CUST388,Centro de Pereira Ltda,04.296.153/0001-89,GO,Aparecida de Goiânia,Varejo Cultural,Enterprise,VendeFácil Estoque,2368.22,Ativo,contato@centrodepereira.com.br
CUST389,Lojas Monteiro S.A.,58.412.693/0001-00,RJ,Volta Redonda,Supermercado,Pro,VendeFácil Loja,1406.93,Ativo,contato@lojasmonteirosa.com.br
CUST390,Casa do Campos S.A.,05.624.973/0001-15,RJ,Nova Iguaçu,Varejo Cultural,Pro,VendeFácil Estoque,1244.96,Ativo,contato@casadocampossa.com.br
CUST391,Distribuidora Oliveira Eireli,17.842.035/0001-70,GO,Anápolis,Conveniência,Pro,VendeFácil Analytics,1131.38,Ativo,contato@distribuidoraol.com.br
CUST392,Rede Cavalcante Ltda,52.460.793/0001-25,CE,Juazeiro do Norte,Calçados,Pro,VendeFácil Loja,1118.29,Ativo,contato@redecavalcantel.com.br
CUST393,Distribuidora Sousa Comercial,80.967.154/0001-96,DF,Brasília,Calçados,Pro,VendeFácil Analytics,1326.13,Ativo,contato@distribuidoraso.com.br
CUST394,Atacado Fonseca Me,62.890.435/0001-06,BA,Feira de Santana,Pet,Pro,VendeFácil Estoque,1071.56,Ativo,contato@atacadofonsecam.com.br
CUST395,Mercado Duarte Ltda,36.520.487/0001-80,CE,Caucaia,Cosméticos,Pro,VendeFácil Analytics,1441.23,Inativo,contato@mercadoduartelt.com.br
CUST396,Casa do Montenegro Ltda,02.364.975/0001-24,SP,Jundiaí,Supermercado,Basic,VendeFácil PDV,485.89,Ativo,contato@casadomontenegr.com.br
CUST397,Atacado Martins Ltda,49.508.361/0001-32,BA,Feira de Santana,Calçados,Pro,VendeFácil Estoque,1323.4,Ativo,contato@atacadomartinsl.com.br
CUST398,Lojas Costa Ltda,49.372.860/0001-45,ES,Serra,Construção,Basic,VendeFácil PDV,374.37,Inativo,contato@lojascostaltda.com.br
CUST399,Distribuidora Siqueira Ltda,83.209.617/0001-49,BA,Vitória da Conquista,Calçados,Enterprise,VendeFácil Estoque,3108.37,Ativo,contato@distribuidorasi.com.br
CUST400,Casa do Ferreira Ltda,05.968.327/0001-75,MG,Montes Claros,Automotivo,Basic,VendeFácil PDV,326.54,Ativo,contato@casadoferreiral.com.br
CUST401,Comércio de Costela Eireli,83.690.125/0001-18,MG,Contagem,Farmácia,Pro,VendeFácil Analytics,1370.52,Ativo,contato@comérciodecoste.com.br
CUST402,Mundo da Aparecida S.A.,38.652.907/0001-08,SP,Campinas,Farmácia,Pro,VendeFácil Loja,1057.29,Ativo,contato@mundodaaparecid.com.br
CUST403,Lojas Brito Eireli,82.604.571/0001-08,ES,Vila Velha,Farmácia,Enterprise,VendeFácil Pay,2588.61,Ativo,contato@lojasbritoeirel.com.br
CUST404,Casa do Ribeiro S.A.,23.496.851/0001-72,SC,Joinville,Conveniência,Enterprise,VendeFácil Estoque,2142.2,Ativo,contato@casadoribeirosa.com.br
CUST405,Mundo da Machado Me,43.176.908/0001-63,SP,Campinas,Alimentação,Basic,VendeFácil PDV,417.91,Ativo,contato@mundodamachadom.com.br
CUST406,Rede Caldeira Comercial,27.893.064/0001-15,RJ,Niterói,Construção,Enterprise,VendeFácil Estoque,2034.8,Ativo,contato@redecaldeiracom.com.br
CUST407,Comércio de Machado Eireli,47.960.512/0001-63,PR,Curitiba,Conveniência,Pro,VendeFácil Loja,943.81,Ativo,contato@comérciodemacha.com.br
CUST408,Rede da Rosa Ltda,90.362.185/0001-77,PR,Curitiba,Vestuário,Pro,VendeFácil Analytics,1139.41,Ativo,contato@rededarosaltda.com.br
CUST409,Rede da Cruz Eireli,56.092.817/0001-91,CE,Fortaleza,Varejo Cultural,Pro,VendeFácil Loja,892.39,Inativo,contato@rededacruzeirel.com.br
CUST410,Distribuidora Guerra Ltda,78.309.614/0001-47,SC,Criciúma,Conveniência,Pro,VendeFácil Estoque,1245.77,Cancelado,contato@distribuidoragu.com.br
CUST411,Mundo da Albuquerque Comercial,03.218.794/0001-52,GO,Goiânia,Supermercado,Pro,VendeFácil Loja,951.02,Inativo,contato@mundodaalbuquer.com.br
CUST412,Centro de Pastor Comercial,41.078.356/0001-25,PR,Cascavel,Pet,Pro,VendeFácil Analytics,1376.36,Ativo,contato@centrodepastorc.com.br
CUST413,Comércio de Farias S.A.,10.789.432/0001-87,GO,Aparecida de Goiânia,Construção,Basic,VendeFácil PDV,361.98,Ativo,contato@comérciodefaria.com.br
CUST414,Distribuidora Gonçalves Me,70.653.128/0001-30,CE,Juazeiro do Norte,Pet,Enterprise,VendeFácil Pay,2688.01,Ativo,contato@distribuidorago.com.br
CUST415,Mundo da Cirino Ltda,49.710.862/0001-05,DF,Águas Claras,Calçados,Pro,VendeFácil Estoque,787.64,Ativo,contato@mundodacirinolt.com.br
CUST416,Distribuidora da Rocha Ltda,76.908.235/0001-48,PE,Recife,Construção,Enterprise,VendeFácil Estoque,3086.71,Ativo,contato@distribuidorada.com.br
CUST417,Centro de Leão Comercial,38.954.072/0001-40,DF,Taguatinga,Calçados,Basic,VendeFácil PDV,332.77,Cancelado,contato@centrodeleãocom.com.br
CUST418,Atacado Fogaça Ltda,78.924.561/0001-74,DF,Ceilândia,Alimentação,Pro,VendeFácil Loja,888.85,Ativo,contato@atacadofogaçalt.com.br
CUST419,Rede da Mata Ltda,20.541.896/0001-23,MG,Contagem,Pet,Pro,VendeFácil Loja,1166.7,Ativo,contato@rededamataltda.com.br
CUST420,Lojas Melo Me,85.310.647/0001-72,PE,Caruaru,Eletrônicos,Pro,VendeFácil Loja,838.81,Inativo,contato@lojasmelome.com.br
CUST421,Centro de Nascimento Ltda,03.621.547/0001-00,RJ,Petrópolis,Farmácia,Enterprise,VendeFácil Pay,2743.77,Ativo,contato@centrodenascime.com.br
CUST422,Lojas Dias S.A.,50.946.173/0001-75,MG,Belo Horizonte,Vestuário,Basic,VendeFácil PDV,394.35,Ativo,contato@lojasdiassa.com.br
CUST423,Empório Nogueira Me,42.706.518/0001-95,MG,Uberaba,Vestuário,Pro,VendeFácil Loja,973.78,Inativo,contato@empórionogueira.com.br
CUST424,Comércio de Câmara Comercial,08.792.416/0001-00,SP,Santos,Farmácia,Enterprise,VendeFácil Pay,2742.66,Ativo,contato@comérciodecâmar.com.br
CUST425,Atacado Fernandes Me,25.071.486/0001-80,MG,Uberaba,Farmácia,Pro,VendeFácil Analytics,1499.52,Ativo,contato@atacadofernande.com.br
CUST426,Atacado Moura Comercial,51.976.308/0001-08,SP,Jundiaí,Supermercado,Pro,VendeFácil Loja,940.47,Ativo,contato@atacadomouracom.com.br
CUST427,Comércio de da Rosa Comercial,52.893.670/0001-88,RS,Canoas,Varejo Cultural,Enterprise,VendeFácil Pay,3160.6,Cancelado,contato@comérciodedaros.com.br
CUST428,Mercado Santos Me,85.394.176/0001-28,RS,Caxias do Sul,Supermercado,Pro,VendeFácil Analytics,867.93,Ativo,contato@mercadosantosme.com.br
CUST429,Comércio de Siqueira Eireli,42.850.937/0001-04,MG,Uberaba,Calçados,Enterprise,VendeFácil Estoque,2392.02,Ativo,contato@comérciodesique.com.br
CUST430,Comércio de Andrade Comercial,25.384.076/0001-99,PE,Recife,Alimentação,Enterprise,VendeFácil Estoque,2347.72,Ativo,contato@comérciodeandra.com.br
CUST431,Lojas Farias Eireli,13.529.067/0001-60,BA,Vitória da Conquista,Automotivo,Enterprise,VendeFácil Estoque,2035.84,Ativo,contato@lojasfariaseire.com.br
CUST432,Atacado Albuquerque Me,43.850.296/0001-42,SP,São Paulo,Pet,Enterprise,VendeFácil Estoque,3442.75,Ativo,contato@atacadoalbuquer.com.br
CUST433,Comércio de Silveira S.A.,09.635.714/0001-40,BA,Vitória da Conquista,Varejo Cultural,Pro,VendeFácil Analytics,1053.97,Ativo,contato@comérciodesilve.com.br
CUST434,Mundo da Monteiro Ltda,65.903.417/0001-00,GO,Goiânia,Alimentação,Basic,VendeFácil PDV,332.87,Ativo,contato@mundodamonteiro.com.br
CUST435,Distribuidora Machado Ltda,10.482.563/0001-17,CE,Juazeiro do Norte,Vestuário,Pro,VendeFácil Analytics,1081.23,Ativo,contato@distribuidorama.com.br
CUST436,Empório Fernandes S.A.,26.950.481/0001-90,RJ,Nova Iguaçu,Construção,Enterprise,VendeFácil Estoque,3015.0,Ativo,contato@empóriofernande.com.br
CUST437,Atacado Peixoto S.A.,97.035.168/0001-74,SP,SJC,Varejo Cultural,Pro,VendeFácil Analytics,1235.09,Ativo,contato@atacadopeixotos.com.br
CUST438,Casa do Aragão Ltda,15.397.428/0001-97,MG,Uberaba,Automotivo,Enterprise,VendeFácil Pay,2847.31,Ativo,contato@casadoaragãoltd.com.br
CUST439,Lojas da Paz S.A.,43.108.956/0001-14,RJ,Rio de Janeiro,Supermercado,Basic,VendeFácil PDV,466.07,Cancelado,contato@lojasdapazsa.com.br
CUST440,Rede Aragão Me,50.682.437/0001-20,BA,Vitória da Conquista,Conveniência,Enterprise,VendeFácil Estoque,3400.12,Ativo,contato@redearagãome.com.br
CUST441,Lojas Brito Ltda,03.257.984/0001-89,SP,São Paulo,Farmácia,Pro,VendeFácil Estoque,1336.62,Ativo,contato@lojasbritoltda.com.br
CUST442,Mundo da das Neves Eireli,67.852.034/0001-85,SC,Florianópolis,Supermercado,Pro,VendeFácil Analytics,887.98,Inativo,contato@mundodadasneves.com.br
CUST443,Lojas Freitas Me,65.230.791/0001-91,PE,Recife,Pet,Enterprise,VendeFácil Estoque,2582.66,Ativo,contato@lojasfreitasme.com.br
CUST444,Atacado da Luz Eireli,34.015.782/0001-54,PR,Ponta Grossa,Alimentação,Basic,VendeFácil PDV,422.82,Ativo,contato@atacadodaluzeir.com.br
CUST445,Comércio de Ferreira Comercial,86.340.792/0001-69,BA,Camaçari,Supermercado,Basic,VendeFácil PDV,355.96,Ativo,contato@comérciodeferre.com.br
CUST446,Centro de Rodrigues Eireli,73.920.856/0001-59,RS,Santa Maria,Supermercado,Pro,VendeFácil Analytics,1436.44,Ativo,contato@centroderodrigu.com.br
CUST447,Empório Oliveira Comercial,82.163.740/0001-03,SC,Criciúma,Eletrônicos,Pro,VendeFácil Loja,1071.87,Ativo,contato@empóriooliveira.com.br
CUST448,Empório Correia Comercial,20.685.319/0001-05,RS,Porto Alegre,Construção,Basic,VendeFácil PDV,461.73,Ativo,contato@empóriocorreiac.com.br
CUST449,Mercado Casa Grande S.A.,94.570.632/0001-34,RS,Caxias do Sul,Farmácia,Pro,VendeFácil Estoque,1176.96,Ativo,contato@mercadocasagran.com.br
CUST450,Empório Gonçalves Comercial,85.473.096/0001-68,GO,Rio Verde,Varejo Cultural,Pro,VendeFácil Estoque,864.47,Ativo,contato@empóriogonçalve.com.br
CUST451,Casa do Leão Comercial,29.104.683/0001-09,MG,Contagem,Cosméticos,Enterprise,VendeFácil Pay,1998.94,Inativo,contato@casadoleãocomer.com.br
CUST452,Comércio de Ferreira Ltda,64.953.870/0001-68,PR,Londrina,Automotivo,Basic,VendeFácil PDV,318.05,Ativo,contato@comérciodeferre.com.br
CUST453,Lojas Cavalcanti Me,46.298.301/0001-44,CE,Sobral,Supermercado,Pro,VendeFácil Loja,1442.53,Ativo,contato@lojascavalcanti.com.br
CUST454,Lojas Farias Ltda,30.726.851/0001-87,DF,Taguatinga,Varejo Cultural,Basic,VendeFácil PDV,304.38,Ativo,contato@lojasfariasltda.com.br
CUST455,Rede das Neves Ltda,47.168.523/0001-05,CE,Juazeiro do Norte,Farmácia,Pro,VendeFácil Loja,1293.18,Ativo,contato@rededasnevesltd.com.br
CUST456,Mundo da Macedo Eireli,54.689.013/0001-49,SC,Blumenau,Varejo Cultural,Pro,VendeFácil Estoque,1384.31,Ativo,contato@mundodamacedoei.com.br
CUST457,Rede Cunha Me,67.590.418/0001-77,ES,Serra,Alimentação,Enterprise,VendeFácil Estoque,3449.99,Ativo,contato@redecunhame.com.br
CUST458,Lojas das Neves S.A.,86.294.503/0001-32,RS,Santa Maria,Alimentação,Pro,VendeFácil Analytics,1080.12,Ativo,contato@lojasdasnevessa.com.br
CUST459,Rede Correia Ltda,30.987.625/0001-50,DF,Brasília,Calçados,Enterprise,VendeFácil Pay,2348.24,Cancelado,contato@redecorreialtda.com.br
CUST460,Casa do Costa S.A.,45.793.068/0001-03,RJ,Campos dos Goytacazes,Varejo Cultural,Enterprise,VendeFácil Pay,2109.25,Ativo,contato@casadocostasa.com.br
CUST461,Distribuidora Freitas Me,79.263.481/0001-88,SC,Florianópolis,Vestuário,Pro,VendeFácil Loja,1487.67,Ativo,contato@distribuidorafr.com.br
CUST462,Atacado Castro Ltda,41.903.682/0001-20,PE,Recife,Construção,Pro,VendeFácil Estoque,912.2,Ativo,contato@atacadocastrolt.com.br
CUST463,Lojas Vasconcelos Eireli,39.851.274/0001-20,DF,Brasília,Supermercado,Pro,VendeFácil Analytics,1178.67,Ativo,contato@lojasvasconcelo.com.br
CUST464,Rede Almeida S.A.,07.251.493/0001-81,PE,Caruaru,Varejo Cultural,Enterprise,VendeFácil Pay,2325.49,Ativo,contato@redealmeidasa.com.br
CUST465,Distribuidora da Cunha Ltda,94.836.251/0001-54,RJ,Volta Redonda,Farmácia,Basic,VendeFácil PDV,358.98,Ativo,contato@distribuidorada.com.br
CUST466,Distribuidora Cunha Me,74.680.523/0001-62,SC,Joinville,Pet,Pro,VendeFácil Estoque,1225.79,Ativo,contato@distribuidoracu.com.br
CUST467,Rede Ramos Eireli,94.850.361/0001-70,GO,Rio Verde,Calçados,Basic,VendeFácil PDV,386.26,Ativo,contato@rederamoseireli.com.br
CUST468,Centro de da Mota Comercial,54.896.210/0001-39,RJ,Rio de Janeiro,Farmácia,Pro,VendeFácil Loja,943.89,Ativo,contato@centrodedamotac.com.br
CUST469,Centro de Moreira Eireli,30.652.187/0001-79,PR,Maringá,Construção,Pro,VendeFácil Estoque,812.35,Ativo,contato@centrodemoreira.com.br
CUST470,Rede Monteiro Eireli,49.637.015/0001-54,RJ,Rio de Janeiro,Varejo Cultural,Basic,VendeFácil PDV,385.52,Ativo,contato@redemonteiroeir.com.br
CUST471,Distribuidora Silveira Eireli,38.752.460/0001-49,RS,Porto Alegre,Supermercado,Pro,VendeFácil Estoque,861.04,Ativo,contato@distribuidorasi.com.br
CUST472,Distribuidora Ribeiro Comercial,82.403.195/0001-85,SP,Sorocaba,Pet,Pro,VendeFácil Analytics,1216.82,Ativo,contato@distribuidorari.com.br
CUST473,Atacado Novais Eireli,25.179.684/0001-61,BA,Feira de Santana,Varejo Cultural,Pro,VendeFácil Analytics,1127.05,Ativo,contato@atacadonovaisei.com.br
CUST474,Distribuidora Viana Ltda,59.472.301/0001-60,PE,Olinda,Vestuário,Pro,VendeFácil Loja,1194.97,Ativo,contato@distribuidoravi.com.br
CUST475,Centro de Aragão Ltda,91.784.032/0001-80,ES,Serra,Eletrônicos,Pro,VendeFácil Analytics,1578.03,Ativo,contato@centrodearagãol.com.br
CUST476,Comércio de da Rosa Eireli,60.219.734/0001-98,BA,Camaçari,Eletrônicos,Enterprise,VendeFácil Estoque,3287.03,Ativo,contato@comérciodedaros.com.br
CUST477,Centro de Marques Comercial,25.960.374/0001-80,PR,Curitiba,Pet,Enterprise,VendeFácil Estoque,1955.57,Ativo,contato@centrodemarques.com.br
CUST478,Comércio de Cavalcanti S.A.,50.832.149/0001-05,ES,Vila Velha,Farmácia,Pro,VendeFácil Analytics,979.66,Cancelado,contato@comérciodecaval.com.br
CUST479,Lojas Teixeira Comercial,27.184.356/0001-89,RJ,Rio de Janeiro,Pet,Basic,VendeFácil PDV,497.66,Ativo,contato@lojasteixeiraco.com.br
CUST480,Centro de Lima Me,76.094.128/0001-23,PR,Maringá,Calçados,Basic,VendeFácil PDV,317.41,Ativo,contato@centrodelimame.com.br
CUST481,Centro de Duarte Eireli,83.057.142/0001-12,PR,Cascavel,Automotivo,Basic,VendeFácil PDV,457.31,Ativo,contato@centrodeduartee.com.br
CUST482,Distribuidora Ferreira Ltda,42.139.580/0001-42,SP,Bauru,Alimentação,Pro,VendeFácil Estoque,1118.29,Ativo,contato@distribuidorafe.com.br
CUST483,Atacado Azevedo Eireli,04.835.721/0001-72,GO,Goiânia,Construção,Enterprise,VendeFácil Pay,3032.19,Inativo,contato@atacadoazevedoe.com.br
CUST484,Mundo da Rodrigues S.A.,25.791.830/0001-05,ES,Cariacica,Cosméticos,Enterprise,VendeFácil Pay,2462.27,Ativo,contato@mundodarodrigue.com.br
CUST485,Comércio de da Conceição Ltda,32.950.416/0001-67,GO,Rio Verde,Supermercado,Pro,VendeFácil Analytics,1517.18,Ativo,contato@comérciodedacon.com.br
CUST486,Atacado Fonseca Me,06.487.592/0001-02,DF,Águas Claras,Construção,Pro,VendeFácil Loja,814.16,Ativo,contato@atacadofonsecam.com.br
CUST487,Lojas Aragão Me,10.857.349/0001-06,PR,Ponta Grossa,Calçados,Enterprise,VendeFácil Estoque,2057.15,Inativo,contato@lojasaragãome.com.br
CUST488,Distribuidora Campos S.A.,84.751.609/0001-92,DF,Águas Claras,Varejo Cultural,Pro,VendeFácil Loja,1310.16,Ativo,contato@distribuidoraca.com.br
CUST489,Empório Leão Ltda,18.476.930/0001-81,PE,Jaboatão dos Guararapes,Pet,Enterprise,VendeFácil Estoque,2675.14,Ativo,contato@empórioleãoltda.com.br
CUST490,Centro de Moraes Comercial,91.406.382/0001-03,CE,Caucaia,Farmácia,Pro,VendeFácil Loja,1296.7,Ativo,contato@centrodemoraesc.com.br
CUST491,Casa do Costa Ltda,48.325.760/0001-03,MG,Juiz de Fora,Vestuário,Pro,VendeFácil Estoque,1294.03,Ativo,contato@casadocostaltda.com.br
CUST492,Distribuidora Aparecida Ltda,87.359.210/0001-59,SC,Joinville,Construção,Pro,VendeFácil Loja,1376.45,Ativo,contato@distribuidoraap.com.br
CUST493,Casa do Albuquerque Comercial,19.780.452/0001-61,RS,Pelotas,Automotivo,Enterprise,VendeFácil Pay,2424.54,Cancelado,contato@casadoalbuquerq.com.br
CUST494,Distribuidora Silveira Me,14.372.560/0001-81,CE,Juazeiro do Norte,Varejo Cultural,Pro,VendeFácil Estoque,1294.47,Ativo,contato@distribuidorasi.com.br
CUST495,Comércio de Brito S.A.,20.495.637/0001-03,MG,Uberaba,Supermercado,Pro,VendeFácil Estoque,1304.98,Ativo,contato@comérciodebrito.com.br
CUST496,Mercado Camargo Ltda,10.869.524/0001-77,ES,Vila Velha,Conveniência,Pro,VendeFácil Estoque,924.9,Ativo,contato@mercadocamargol.com.br
CUST497,Atacado Macedo Comercial,94.126.708/0001-37,PE,Jaboatão dos Guararapes,Conveniência,Pro,VendeFácil Estoque,1140.74,Ativo,contato@atacadomacedoco.com.br
CUST498,Comércio de Guerra Eireli,74.653.910/0001-00,PR,Maringá,Pet,Pro,VendeFácil Analytics,1488.69,Ativo,contato@comérciodeguerr.com.br
CUST499,Empório Cardoso Comercial,02.134.659/0001-66,PR,Cascavel,Cosméticos,Pro,VendeFácil Analytics,1288.37,Ativo,contato@empóriocardosoc.com.br
CUST500,Atacado Pimenta Me,65.098.134/0001-32,ES,Serra,Construção,Enterprise,VendeFácil Estoque,2072.97,Ativo,contato@atacadopimentam.com.br
CUST501,Comércio de Camargo S.A.,67.082.594/0001-06,PR,Maringá,Conveniência,Enterprise,VendeFácil Estoque,3423.5,Ativo,contato@comérciodecamar.com.br
CUST502,Lojas Rocha Ltda,83.546.701/0001-58,CE,Caucaia,Supermercado,Enterprise,VendeFácil Pay,2365.74,Ativo,contato@lojasrochaltda.com.br
CUST503,Mercado Ribeiro Comercial,37.586.912/0001-05,ES,Cariacica,Construção,Pro,VendeFácil Loja,1434.84,Ativo,contato@mercadoribeiroc.com.br
CUST504,Casa do Pimenta Me,09.243.518/0001-20,DF,Taguatinga,Varejo Cultural,Enterprise,VendeFácil Estoque,3041.39,Ativo,contato@casadopimentame.com.br
CUST505,Distribuidora Sá Eireli,75.326.018/0001-87,CE,Juazeiro do Norte,Alimentação,Enterprise,VendeFácil Estoque,3302.39,Ativo,contato@distribuidorasá.com.br
CUST506,Lojas Ramos Me,69.307.548/0001-85,RJ,Nova Iguaçu,Construção,Enterprise,VendeFácil Estoque,3193.35,Ativo,contato@lojasramosme.com.br
CUST507,Mundo da Monteiro Me,75.138.049/0001-04,ES,Vitória,Vestuário,Pro,VendeFácil Loja,956.33,Inativo,contato@mundodamonteiro.com.br
CUST508,Mercado Jesus Comercial,08.967.423/0001-97,SC,Blumenau,Cosméticos,Pro,VendeFácil Loja,1124.63,Ativo,contato@mercadojesuscom.com.br
CUST509,Mundo da Novais Comercial,37.520.194/0001-66,GO,Goiânia,Automotivo,Pro,VendeFácil Estoque,1075.31,Inativo,contato@mundodanovaisco.com.br
CUST510,Mundo da Novais Comercial,97.583.042/0001-34,PR,Ponta Grossa,Supermercado,Pro,VendeFácil Estoque,839.29,Ativo,contato@mundodanovaisco.com.br
CUST511,Empório Câmara S.A.,05.867.243/0001-45,PE,Jaboatão dos Guararapes,Varejo Cultural,Enterprise,VendeFácil Estoque,2188.57,Ativo,contato@empóriocâmarasa.com.br
CUST512,Lojas Caldeira Comercial,02.715.396/0001-89,SC,Florianópolis,Supermercado,Pro,VendeFácil Analytics,1055.15,Ativo,contato@lojascaldeiraco.com.br
CUST513,Mundo da Pimenta Eireli,39.168.750/0001-02,RJ,Volta Redonda,Farmácia,Pro,VendeFácil Estoque,1149.41,Ativo,contato@mundodapimentae.com.br
CUST514,Mercado Silva Me,51.609.478/0001-54,PE,Caruaru,Supermercado,Basic,VendeFácil PDV,406.76,Ativo,contato@mercadosilvame.com.br
CUST515,Comércio de Marques Me,98.230.457/0001-97,CE,Caucaia,Supermercado,Enterprise,VendeFácil Estoque,1906.6,Ativo,contato@comérciodemarqu.com.br
CUST516,Distribuidora Lopes Ltda,97.254.160/0001-07,PR,Londrina,Farmácia,Pro,VendeFácil Analytics,1227.5,Ativo,contato@distribuidoralo.com.br
CUST517,Mundo da Gomes S.A.,95.634.128/0001-13,PR,Maringá,Automotivo,Enterprise,VendeFácil Estoque,2732.46,Ativo,contato@mundodagomessa.com.br
CUST518,Mundo da Fernandes Ltda,47.213.985/0001-05,SC,Chapecó,Varejo Cultural,Pro,VendeFácil Estoque,857.17,Inativo,contato@mundodafernande.com.br
CUST519,Centro de Novaes S.A.,58.316.427/0001-83,RS,Caxias do Sul,Calçados,Pro,VendeFácil Estoque,887.27,Ativo,contato@centrodenovaess.com.br
CUST520,Atacado Ferreira Comercial,29.570.834/0001-14,SP,Santos,Calçados,Enterprise,VendeFácil Estoque,3167.4,Ativo,contato@atacadoferreira.com.br
CUST521,Mercado Oliveira Ltda,68.493.075/0001-95,GO,Goiânia,Cosméticos,Basic,VendeFácil PDV,432.39,Ativo,contato@mercadooliveira.com.br
CUST522,Casa do Garcia S.A.,20.819.653/0001-04,DF,Brasília,Pet,Pro,VendeFácil Analytics,1135.19,Ativo,contato@casadogarciasa.com.br
CUST523,Atacado da Cunha Comercial,20.417.896/0001-16,RS,Porto Alegre,Construção,Pro,VendeFácil Analytics,1346.25,Ativo,contato@atacadodacunhac.com.br
CUST524,Atacado Caldeira Ltda,98.356.470/0001-97,GO,Aparecida de Goiânia,Pet,Basic,VendeFácil PDV,402.32,Ativo,contato@atacadocaldeira.com.br
CUST525,Centro de Moraes S.A.,40.637.285/0001-90,SP,Jundiaí,Vestuário,Enterprise,VendeFácil Pay,2079.65,Ativo,contato@centrodemoraess.com.br
CUST526,Comércio de Souza Eireli,43.761.259/0001-68,SC,Chapecó,Construção,Pro,VendeFácil Estoque,775.61,Ativo,contato@comérciodesouza.com.br
CUST527,Rede Correia Eireli,47.250.198/0001-25,SC,Joinville,Supermercado,Basic,VendeFácil PDV,434.33,Inativo,contato@redecorreiaeire.com.br
CUST528,Atacado Moraes S.A.,16.032.457/0001-18,RJ,Rio de Janeiro,Eletrônicos,Basic,VendeFácil PDV,444.71,Ativo,contato@atacadomoraessa.com.br
CUST529,Mercado Castro Me,94.023.175/0001-68,PE,Olinda,Construção,Pro,VendeFácil Analytics,887.56,Ativo,contato@mercadocastrome.com.br
CUST530,Mercado Duarte Ltda,90.437.528/0001-15,SC,Blumenau,Pet,Enterprise,VendeFácil Estoque,2085.44,Inativo,contato@mercadoduartelt.com.br
CUST531,Rede Viana Me,58.314.067/0001-80,RJ,Nova Iguaçu,Conveniência,Pro,VendeFácil Estoque,963.63,Inativo,contato@redevianame.com.br
CUST532,Casa do Nogueira Me,86.127.594/0001-11,DF,Brasília,Varejo Cultural,Pro,VendeFácil Loja,928.01,Ativo,contato@casadonogueiram.com.br
CUST533,Lojas Fonseca Ltda,43.795.062/0001-40,BA,Camaçari,Pet,Enterprise,VendeFácil Estoque,3317.8,Ativo,contato@lojasfonsecaltd.com.br
CUST534,Casa do Ferreira S.A.,73.805.296/0001-91,RJ,Rio de Janeiro,Pet,Enterprise,VendeFácil Pay,2475.74,Ativo,contato@casadoferreiras.com.br
CUST535,Lojas Gomes Eireli,48.907.231/0001-00,GO,Rio Verde,Varejo Cultural,Enterprise,VendeFácil Pay,1840.34,Ativo,contato@lojasgomeseirel.com.br
CUST536,Empório Aparecida Ltda,43.590.712/0001-10,PE,Recife,Pet,Pro,VendeFácil Analytics,884.48,Ativo,contato@empórioaparecid.com.br
CUST537,Rede Nascimento Ltda,01.356.879/0001-71,DF,Taguatinga,Conveniência,Pro,VendeFácil Loja,1163.37,Ativo,contato@redenascimentol.com.br
CUST538,Lojas Costela Comercial,86.159.704/0001-27,BA,Feira de Santana,Automotivo,Pro,VendeFácil Loja,1264.6,Ativo,contato@lojascostelacom.com.br
CUST539,Casa do Silva Eireli,50.186.723/0001-03,GO,Goiânia,Supermercado,Enterprise,VendeFácil Estoque,3394.99,Ativo,contato@casadosilvaeire.com.br
CUST540,Mercado Barbosa Comercial,93.486.571/0001-69,RJ,Rio de Janeiro,Automotivo,Pro,VendeFácil Loja,968.62,Cancelado,contato@mercadobarbosac.com.br
CUST541,Casa do Dias Eireli,06.149.852/0001-21,RS,Santa Maria,Conveniência,Pro,VendeFácil Analytics,1152.46,Ativo,contato@casadodiaseirel.com.br
CUST542,Casa do Pacheco Ltda,01.549.263/0001-17,GO,Rio Verde,Farmácia,Pro,VendeFácil Analytics,1185.3,Ativo,contato@casadopachecolt.com.br
CUST543,Distribuidora Borges Comercial,47.635.089/0001-26,SP,Bauru,Pet,Basic,VendeFácil PDV,411.43,Ativo,contato@distribuidorabo.com.br
CUST544,Empório Nascimento Me,32.674.819/0001-20,GO,Anápolis,Eletrônicos,Enterprise,VendeFácil Pay,2089.59,Ativo,contato@empórionascimen.com.br
CUST545,Casa do Rocha Me,50.286.937/0001-43,MG,Montes Claros,Automotivo,Pro,VendeFácil Loja,1192.11,Ativo,contato@casadorochame.com.br
CUST546,Empório Novaes Me,14.356.297/0001-37,DF,Águas Claras,Farmácia,Basic,VendeFácil PDV,451.86,Ativo,contato@empórionovaesme.com.br
CUST547,Lojas Ramos Eireli,82.916.470/0001-64,ES,Serra,Eletrônicos,Enterprise,VendeFácil Pay,2323.45,Ativo,contato@lojasramoseirel.com.br
CUST548,Comércio de Camargo S.A.,20.754.893/0001-78,RJ,Nova Iguaçu,Calçados,Enterprise,VendeFácil Estoque,2554.74,Ativo,contato@comérciodecamar.com.br
CUST549,Empório Azevedo Ltda,41.359.728/0001-91,SP,Bauru,Vestuário,Pro,VendeFácil Analytics,1468.42,Ativo,contato@empórioazevedol.com.br
CUST550,Casa do Cardoso Eireli,31.470.826/0001-48,BA,Salvador,Conveniência,Enterprise,VendeFácil Estoque,2842.1,Ativo,contato@casadocardosoei.com.br
CUST551,Mundo da Machado Comercial,54.286.791/0001-97,ES,Vila Velha,Automotivo,Basic,VendeFácil PDV,406.07,Ativo,contato@mundodamachadoc.com.br
CUST552,Distribuidora Cavalcante Eireli,05.361.728/0001-62,PE,Jaboatão dos Guararapes,Calçados,Enterprise,VendeFácil Pay,2043.11,Ativo,contato@distribuidoraca.com.br
CUST553,Comércio de Carvalho Me,57.832.964/0001-13,ES,Serra,Eletrônicos,Pro,VendeFácil Analytics,1164.0,Ativo,contato@comérciodecarva.com.br
CUST554,Rede Caldeira Comercial,21.468.753/0001-04,BA,Vitória da Conquista,Construção,Pro,VendeFácil Analytics,1453.6,Ativo,contato@redecaldeiracom.com.br
CUST555,Comércio de Siqueira S.A.,19.064.732/0001-73,PR,Cascavel,Varejo Cultural,Enterprise,VendeFácil Estoque,3078.91,Ativo,contato@comérciodesique.com.br
CUST556,Lojas Cunha S.A.,08.476.315/0001-11,RS,Santa Maria,Calçados,Pro,VendeFácil Loja,1280.63,Inativo,contato@lojascunhasa.com.br
CUST557,Rede Gonçalves Comercial,34.298.501/0001-18,CE,Juazeiro do Norte,Calçados,Basic,VendeFácil PDV,452.16,Ativo,contato@redegonçalvesco.com.br
CUST558,Mundo da Fonseca Ltda,80.364.157/0001-35,ES,Cariacica,Conveniência,Enterprise,VendeFácil Estoque,3330.19,Ativo,contato@mundodafonsecal.com.br
CUST559,Comércio de Castro Me,29.780.135/0001-07,CE,Fortaleza,Supermercado,Pro,VendeFácil Analytics,959.0,Ativo,contato@comérciodecastr.com.br
CUST560,Atacado Azevedo S.A.,45.308.129/0001-08,RJ,Petrópolis,Conveniência,Pro,VendeFácil Loja,902.5,Ativo,contato@atacadoazevedos.com.br
CUST561,Centro de Melo S.A.,70.852.963/0001-07,CE,Fortaleza,Varejo Cultural,Pro,VendeFácil Analytics,926.86,Inativo,contato@centrodemelosa.com.br
CUST562,Atacado da Luz Ltda,98.235.674/0001-70,DF,Águas Claras,Vestuário,Enterprise,VendeFácil Pay,2898.03,Ativo,contato@atacadodaluzltd.com.br
CUST563,Mercado Rezende Me,18.439.765/0001-98,BA,Camaçari,Pet,Enterprise,VendeFácil Estoque,2400.25,Ativo,contato@mercadorezendem.com.br
CUST564,Empório Ferreira Comercial,79.041.358/0001-12,RS,Santa Maria,Automotivo,Pro,VendeFácil Estoque,1342.47,Ativo,contato@empórioferreira.com.br
CUST565,Distribuidora Barbosa S.A.,84.316.527/0001-10,CE,Caucaia,Calçados,Pro,VendeFácil Estoque,941.22,Ativo,contato@distribuidoraba.com.br
CUST566,Centro de Silva Me,13.672.085/0001-04,RJ,Nova Iguaçu,Eletrônicos,Basic,VendeFácil PDV,375.44,Ativo,contato@centrodesilvame.com.br
CUST567,Lojas Mendes Ltda,73.258.014/0001-83,RJ,Niterói,Cosméticos,Pro,VendeFácil Loja,803.95,Ativo,contato@lojasmendesltda.com.br
CUST568,Atacado Cardoso Eireli,92.854.016/0001-80,RJ,Petrópolis,Cosméticos,Basic,VendeFácil PDV,454.73,Ativo,contato@atacadocardosoe.com.br
CUST569,Lojas Cavalcante Comercial,42.697.085/0001-59,GO,Anápolis,Farmácia,Enterprise,VendeFácil Estoque,2408.57,Ativo,contato@lojascavalcante.com.br
CUST570,Comércio de Cunha S.A.,79.816.352/0001-70,SP,Ribeirão Preto,Pet,Enterprise,VendeFácil Pay,2551.85,Ativo,contato@comérciodecunha.com.br
CUST571,Rede Vargas Comercial,28.415.937/0001-47,ES,Serra,Varejo Cultural,Pro,VendeFácil Loja,1005.5,Cancelado,contato@redevargascomer.com.br
CUST572,Rede Pastor Comercial,13.689.047/0001-56,PE,Recife,Farmácia,Enterprise,VendeFácil Estoque,2453.61,Ativo,contato@redepastorcomer.com.br
CUST573,Distribuidora Moreira Eireli,86.240.137/0001-39,RS,Porto Alegre,Conveniência,Pro,VendeFácil Loja,1066.96,Ativo,contato@distribuidoramo.com.br
CUST574,Empório Peixoto Comercial,08.193.762/0001-63,PR,Cascavel,Calçados,Pro,VendeFácil Loja,817.29,Ativo,contato@empóriopeixotoc.com.br
CUST575,Empório Rezende Comercial,68.920.435/0001-98,CE,Sobral,Automotivo,Basic,VendeFácil PDV,359.29,Ativo,contato@empóriorezendec.com.br
CUST576,Comércio de Mendes S.A.,65.137.290/0001-65,SP,Campinas,Alimentação,Enterprise,VendeFácil Pay,2546.49,Ativo,contato@comérciodemende.com.br
CUST577,Mundo da Barros Ltda,48.621.097/0001-86,ES,Cariacica,Farmácia,Pro,VendeFácil Estoque,1099.54,Ativo,contato@mundodabarroslt.com.br
CUST578,Distribuidora Moreira Ltda,18.035.924/0001-99,DF,Taguatinga,Supermercado,Pro,VendeFácil Analytics,1387.65,Ativo,contato@distribuidoramo.com.br
CUST579,Atacado Fonseca Eireli,12.654.873/0001-05,RJ,Petrópolis,Eletrônicos,Basic,VendeFácil PDV,414.99,Ativo,contato@atacadofonsecae.com.br
CUST580,Distribuidora Lima Comercial,95.483.162/0001-34,BA,Camaçari,Conveniência,Pro,VendeFácil Analytics,1174.77,Ativo,contato@distribuidorali.com.br
CUST581,Empório Viana Comercial,87.294.531/0001-12,MG,Uberlândia,Calçados,Enterprise,VendeFácil Pay,1863.72,Ativo,contato@empóriovianacom.com.br
CUST582,Casa do das Neves Eireli,95.681.073/0001-00,SP,Sorocaba,Conveniência,Pro,VendeFácil Loja,1224.6,Ativo,contato@casadodasnevese.com.br
CUST583,Mundo da Viana Comercial,21.347.905/0001-02,BA,Salvador,Automotivo,Pro,VendeFácil Estoque,1096.75,Ativo,contato@mundodavianacom.com.br
CUST584,Empório Gomes Ltda,01.234.695/0001-39,PR,Londrina,Construção,Enterprise,VendeFácil Estoque,3319.16,Cancelado,contato@empóriogomesltd.com.br
CUST585,Centro de da Luz Comercial,35.140.962/0001-20,CE,Caucaia,Farmácia,Basic,VendeFácil PDV,301.01,Ativo,contato@centrodedaluzco.com.br
CUST586,Comércio de Rezende Eireli,84.061.397/0001-11,SP,Sorocaba,Vestuário,Enterprise,VendeFácil Estoque,3086.29,Ativo,contato@comércioderezen.com.br
CUST587,Comércio de Costa Ltda,84.309.512/0001-24,ES,Vila Velha,Alimentação,Pro,VendeFácil Estoque,893.51,Ativo,contato@comérciodecosta.com.br
CUST588,Centro de Cavalcante Eireli,05.389.164/0001-76,RJ,Nova Iguaçu,Cosméticos,Basic,VendeFácil PDV,470.28,Inativo,contato@centrodecavalca.com.br
CUST589,Rede Vasconcelos Eireli,65.934.102/0001-20,ES,Vitória,Construção,Enterprise,VendeFácil Estoque,2007.78,Ativo,contato@redevasconcelos.com.br
CUST590,Rede Santos Ltda,19.457.628/0001-49,SC,Blumenau,Alimentação,Enterprise,VendeFácil Estoque,2948.76,Ativo,contato@redesantosltda.com.br
CUST591,Rede da Mota S.A.,39.784.025/0001-69,RS,Pelotas,Automotivo,Pro,VendeFácil Analytics,1096.26,Ativo,contato@rededamotasa.com.br
CUST592,Comércio de Jesus Eireli,81.942.506/0001-11,GO,Anápolis,Varejo Cultural,Pro,VendeFácil Analytics,976.48,Ativo,contato@comérciodejesus.com.br
CUST593,Casa do da Cunha Eireli,84.739.615/0001-24,PR,Maringá,Alimentação,Enterprise,VendeFácil Estoque,3072.76,Inativo,contato@casadodacunhaei.com.br
CUST594,Distribuidora Vasconcelos Me,79.038.251/0001-15,SC,Blumenau,Automotivo,Enterprise,VendeFácil Pay,1952.37,Ativo,contato@distribuidorava.com.br
CUST595,Distribuidora Porto Ltda,39.582.407/0001-00,RJ,Campos dos Goytacazes,Vestuário,Pro,VendeFácil Loja,1313.48,Ativo,contato@distribuidorapo.com.br
CUST596,Mercado da Luz Comercial,34.195.208/0001-25,CE,Fortaleza,Cosméticos,Enterprise,VendeFácil Pay,2367.19,Ativo,contato@mercadodaluzcom.com.br
CUST597,Mundo da Cavalcanti S.A.,75.814.269/0001-00,PR,Cascavel,Eletrônicos,Pro,VendeFácil Analytics,1340.43,Ativo,contato@mundodacavalcan.com.br
CUST598,Empório Rodrigues Comercial,37.915.620/0001-60,GO,Anápolis,Alimentação,Pro,VendeFácil Analytics,1225.84,Ativo,contato@empóriorodrigue.com.br
CUST599,Casa do da Conceição S.A.,39.510.742/0001-00,MG,Montes Claros,Cosméticos,Enterprise,VendeFácil Estoque,2165.35,Ativo,contato@casadodaconceiç.com.br
CUST600,Casa do Ribeiro Me,70.863.241/0001-40,RJ,Campos dos Goytacazes,Cosméticos,Enterprise,VendeFácil Estoque,3295.51,Ativo,contato@casadoribeirome.com.br
CUST601,Mercado Oliveira S.A.,47.269.830/0001-82,MG,Montes Claros,Automotivo,Pro,VendeFácil Estoque,790.86,Ativo,contato@mercadooliveira.com.br
CUST602,Mercado Sá Me,92.043.578/0001-43,CE,Juazeiro do Norte,Pet,Pro,VendeFácil Analytics,1538.43,Inativo,contato@mercadosáme.com.br
CUST603,Mundo da Ferreira Eireli,62.705.431/0001-00,SP,Sorocaba,Calçados,Pro,VendeFácil Loja,1205.04,Ativo,contato@mundodaferreira.com.br
CUST604,Comércio de Sales Comercial,09.374.821/0001-62,SC,Criciúma,Conveniência,Basic,VendeFácil PDV,403.33,Ativo,contato@comérciodesales.com.br
CUST605,Mercado Pimenta Comercial,42.918.356/0001-59,BA,Vitória da Conquista,Varejo Cultural,Pro,VendeFácil Analytics,1444.49,Inativo,contato@mercadopimentac.com.br
CUST606,Comércio de Cirino S.A.,76.395.241/0001-49,RJ,Volta Redonda,Alimentação,Pro,VendeFácil Estoque,800.11,Ativo,contato@comérciodecirin.com.br
CUST607,Comércio de da Mota Eireli,72.845.109/0001-30,RJ,Niterói,Varejo Cultural,Enterprise,VendeFácil Pay,2804.22,Ativo,contato@comérciodedamot.com.br
CUST608,Lojas da Mata Eireli,38.679.142/0001-08,SC,Florianópolis,Automotivo,Enterprise,VendeFácil Estoque,2666.1,Ativo,contato@lojasdamataeire.com.br
CUST609,Centro de Cassiano Ltda,70.236.194/0001-04,MG,Montes Claros,Supermercado,Pro,VendeFácil Estoque,1122.77,Ativo,contato@centrodecassian.com.br
CUST610,Mundo da da Rosa Comercial,48.037.156/0001-73,GO,Aparecida de Goiânia,Supermercado,Pro,VendeFácil Estoque,917.87,Ativo,contato@mundodadarosaco.com.br
CUST611,Distribuidora da Cunha S.A.,71.952.648/0001-06,GO,Goiânia,Calçados,Enterprise,VendeFácil Estoque,2958.79,Ativo,contato@distribuidorada.com.br
CUST612,Lojas Novais Comercial,84.503.627/0001-55,PE,Caruaru,Automotivo,Pro,VendeFácil Estoque,892.59,Ativo,contato@lojasnovaiscome.com.br
CUST613,Empório Pereira Eireli,38.267.549/0001-10,RJ,Campos dos Goytacazes,Conveniência,Enterprise,VendeFácil Pay,2170.33,Ativo,contato@empóriopereirae.com.br
CUST614,Comércio de Moraes Comercial,79.134.265/0001-32,GO,Goiânia,Vestuário,Pro,VendeFácil Analytics,1139.1,Ativo,contato@comérciodemorae.com.br
CUST615,Rede Casa Grande Comercial,25.684.730/0001-80,CE,Sobral,Alimentação,Enterprise,VendeFácil Pay,1934.82,Ativo,contato@redecasagrandec.com.br
CUST616,Centro de Barros Ltda,25.396.847/0001-68,MG,Uberlândia,Farmácia,Pro,VendeFácil Analytics,1344.54,Inativo,contato@centrodebarrosl.com.br
CUST617,Centro de Ramos Eireli,64.792.831/0001-26,ES,Cariacica,Eletrônicos,Pro,VendeFácil Analytics,1127.78,Ativo,contato@centroderamosei.com.br
CUST618,Rede Cavalcante Ltda,20.951.783/0001-04,RS,Canoas,Pet,Pro,VendeFácil Loja,1212.33,Ativo,contato@redecavalcantel.com.br
CUST619,Distribuidora Cavalcante Me,61.803.495/0001-81,BA,Feira de Santana,Construção,Pro,VendeFácil Analytics,1424.39,Inativo,contato@distribuidoraca.com.br
CUST620,Mercado Vargas Comercial,68.102.479/0001-00,GO,Rio Verde,Construção,Pro,VendeFácil Estoque,753.56,Ativo,contato@mercadovargasco.com.br
CUST621,Empório Rezende Eireli,64.315.278/0001-30,CE,Fortaleza,Eletrônicos,Basic,VendeFácil PDV,375.01,Ativo,contato@empóriorezendee.com.br
CUST622,Centro de Cardoso Eireli,28.906.741/0001-55,SC,Florianópolis,Alimentação,Pro,VendeFácil Analytics,1338.68,Ativo,contato@centrodecardoso.com.br
CUST623,Comércio de Martins Eireli,84.715.962/0001-17,GO,Anápolis,Cosméticos,Pro,VendeFácil Loja,1494.26,Ativo,contato@comérciodemarti.com.br
CUST624,Atacado Peixoto Comercial,76.423.910/0001-49,CE,Sobral,Alimentação,Pro,VendeFácil Loja,1191.37,Ativo,contato@atacadopeixotoc.com.br
CUST625,Comércio de Macedo Eireli,45.621.703/0001-75,SC,Chapecó,Calçados,Pro,VendeFácil Estoque,1305.75,Ativo,contato@comérciodemaced.com.br
CUST626,Centro de Moreira Comercial,25.437.061/0001-41,DF,Taguatinga,Farmácia,Pro,VendeFácil Estoque,1080.42,Ativo,contato@centrodemoreira.com.br
CUST627,Distribuidora da Rosa S.A.,06.471.928/0001-30,DF,Brasília,Alimentação,Pro,VendeFácil Analytics,1573.43,Ativo,contato@distribuidorada.com.br
CUST628,Rede Jesus Ltda,86.917.340/0001-05,PE,Caruaru,Farmácia,Basic,VendeFácil PDV,352.62,Ativo,contato@redejesusltda.com.br
CUST629,Rede da Luz Ltda,16.348.257/0001-79,DF,Águas Claras,Pet,Enterprise,VendeFácil Pay,2718.65,Ativo,contato@rededaluzltda.com.br
CUST630,Centro de Souza Me,84.610.793/0001-50,RJ,Nova Iguaçu,Automotivo,Pro,VendeFácil Analytics,858.03,Inativo,contato@centrodesouzame.com.br
CUST631,Lojas Camargo Ltda,79.458.316/0001-81,RS,Porto Alegre,Cosméticos,Enterprise,VendeFácil Pay,2522.14,Ativo,contato@lojascamargoltd.com.br
CUST632,Atacado Almeida Eireli,20.817.945/0001-08,SC,Joinville,Conveniência,Basic,VendeFácil PDV,495.13,Ativo,contato@atacadoalmeidae.com.br
CUST633,Distribuidora Silva Ltda,70.381.694/0001-30,SC,Chapecó,Pet,Enterprise,VendeFácil Pay,2080.43,Ativo,contato@distribuidorasi.com.br
CUST634,Atacado Fernandes S.A.,64.723.098/0001-98,CE,Juazeiro do Norte,Calçados,Enterprise,VendeFácil Pay,3081.01,Ativo,contato@atacadofernande.com.br
CUST635,Mundo da Sá Comercial,20.463.857/0001-55,GO,Aparecida de Goiânia,Automotivo,Pro,VendeFácil Analytics,1281.18,Ativo,contato@mundodasácomerc.com.br
CUST636,Centro de Correia Me,46.075.139/0001-03,SP,Campinas,Eletrônicos,Pro,VendeFácil Loja,1037.98,Ativo,contato@centrodecorreia.com.br
CUST637,Comércio de da Cruz Me,03.759.418/0001-75,CE,Juazeiro do Norte,Calçados,Pro,VendeFácil Analytics,1574.54,Ativo,contato@comérciodedacru.com.br
CUST638,Mundo da Gomes S.A.,45.286.091/0001-01,PE,Caruaru,Cosméticos,Basic,VendeFácil PDV,396.39,Ativo,contato@mundodagomessa.com.br
CUST639,Mercado Mendes Me,43.507.168/0001-09,ES,Vila Velha,Varejo Cultural,Pro,VendeFácil Analytics,1566.58,Ativo,contato@mercadomendesme.com.br
CUST640,Distribuidora Porto Comercial,65.012.479/0001-21,RS,Pelotas,Farmácia,Pro,VendeFácil Analytics,1355.27,Ativo,contato@distribuidorapo.com.br
CUST641,Lojas Vieira S.A.,30.845.916/0001-03,RJ,Volta Redonda,Varejo Cultural,Pro,VendeFácil Loja,953.0,Ativo,contato@lojasvieirasa.com.br
CUST642,Comércio de Vargas S.A.,13.280.476/0001-75,PE,Jaboatão dos Guararapes,Vestuário,Enterprise,VendeFácil Estoque,2287.29,Ativo,contato@comérciodevarga.com.br
CUST643,Distribuidora Araújo Eireli,05.284.913/0001-09,RS,Santa Maria,Varejo Cultural,Pro,VendeFácil Estoque,1256.31,Ativo,contato@distribuidoraar.com.br
CUST644,Empório da Conceição Eireli,58.963.102/0001-92,GO,Goiânia,Eletrônicos,Basic,VendeFácil PDV,469.6,Ativo,contato@empóriodaconcei.com.br
CUST645,Atacado Garcia Eireli,52.403.987/0001-99,GO,Anápolis,Automotivo,Pro,VendeFácil Estoque,1389.86,Inativo,contato@atacadogarciaei.com.br
CUST646,Centro de Sampaio Ltda,73.249.581/0001-73,RS,Santa Maria,Alimentação,Basic,VendeFácil PDV,405.15,Ativo,contato@centrodesampaio.com.br
CUST647,Distribuidora Peixoto Comercial,82.147.395/0001-14,CE,Juazeiro do Norte,Pet,Enterprise,VendeFácil Estoque,3141.45,Ativo,contato@distribuidorape.com.br
CUST648,Rede Nogueira Ltda,57.069.432/0001-76,PE,Olinda,Calçados,Basic,VendeFácil PDV,302.36,Ativo,contato@redenogueiraltd.com.br
CUST649,Atacado Cirino Eireli,05.328.974/0001-12,SC,Blumenau,Cosméticos,Pro,VendeFácil Loja,931.01,Ativo,contato@atacadocirinoei.com.br
CUST650,Empório Moura Me,78.249.536/0001-32,GO,Anápolis,Varejo Cultural,Pro,VendeFácil Estoque,1074.2,Ativo,contato@empóriomourame.com.br
CUST651,Comércio de Duarte Ltda,19.807.563/0001-14,BA,Vitória da Conquista,Automotivo,Pro,VendeFácil Estoque,1121.42,Cancelado,contato@comérciodeduart.com.br
CUST652,Lojas Caldeira S.A.,73.104.852/0001-00,DF,Ceilândia,Vestuário,Enterprise,VendeFácil Pay,2405.11,Ativo,contato@lojascaldeirasa.com.br
CUST653,Centro de Pinto Comercial,94.021.873/0001-24,PE,Recife,Alimentação,Pro,VendeFácil Analytics,1224.7,Cancelado,contato@centrodepintoco.com.br
CUST654,Mercado Costela Eireli,71.965.023/0001-89,DF,Ceilândia,Automotivo,Pro,VendeFácil Loja,975.68,Inativo,contato@mercadocostelae.com.br
CUST655,Distribuidora Souza Eireli,65.094.278/0001-10,SP,Ribeirão Preto,Supermercado,Pro,VendeFácil Estoque,1278.98,Ativo,contato@distribuidoraso.com.br
CUST656,Atacado Barbosa Me,41.390.582/0001-47,DF,Ceilândia,Construção,Pro,VendeFácil Loja,1052.21,Ativo,contato@atacadobarbosam.com.br
CUST657,Comércio de Gomes Comercial,39.845.172/0001-00,MG,Uberaba,Farmácia,Pro,VendeFácil Loja,1407.16,Cancelado,contato@comérciodegomes.com.br
CUST658,Casa do Caldeira Ltda,95.786.304/0001-32,GO,Aparecida de Goiânia,Construção,Pro,VendeFácil Loja,1027.56,Ativo,contato@casadocaldeiral.com.br
CUST659,Empório Vieira Eireli,28.649.137/0001-90,BA,Vitória da Conquista,Automotivo,Enterprise,VendeFácil Estoque,3430.55,Inativo,contato@empóriovieiraei.com.br
CUST660,Empório Dias Me,85.937.624/0001-92,ES,Cariacica,Farmácia,Basic,VendeFácil PDV,332.4,Ativo,contato@empóriodiasme.com.br
CUST661,Empório da Costa Comercial,98.374.251/0001-30,DF,Ceilândia,Cosméticos,Enterprise,VendeFácil Estoque,2532.73,Inativo,contato@empóriodacostac.com.br
CUST662,Comércio de Machado Me,60.824.713/0001-00,CE,Sobral,Pet,Pro,VendeFácil Estoque,869.53,Ativo,contato@comérciodemacha.com.br
CUST663,Casa do Abreu Comercial,43.862.057/0001-02,DF,Brasília,Vestuário,Pro,VendeFácil Estoque,1008.08,Ativo,contato@casadoabreucome.com.br
CUST664,Atacado Moraes Comercial,82.103.976/0001-54,MG,Belo Horizonte,Pet,Enterprise,VendeFácil Pay,2870.99,Ativo,contato@atacadomoraesco.com.br
CUST665,Atacado da Luz Eireli,53.826.079/0001-70,RJ,Rio de Janeiro,Conveniência,Pro,VendeFácil Analytics,1082.03,Ativo,contato@atacadodaluzeir.com.br
CUST666,Empório Cunha Me,15.793.402/0001-68,ES,Vila Velha,Alimentação,Enterprise,VendeFácil Pay,2973.92,Ativo,contato@empóriocunhame.com.br
CUST667,Centro de Ramos S.A.,40.687.291/0001-52,PE,Caruaru,Eletrônicos,Pro,VendeFácil Loja,1183.98,Ativo,contato@centroderamossa.com.br
CUST668,Centro de Leão Comercial,13.056.879/0001-35,GO,Rio Verde,Conveniência,Enterprise,VendeFácil Estoque,2917.36,Ativo,contato@centrodeleãocom.com.br
CUST669,Atacado Moura Me,05.274.189/0001-24,PR,Maringá,Automotivo,Enterprise,VendeFácil Pay,2117.98,Ativo,contato@atacadomourame.com.br
CUST670,Lojas Rocha Me,67.183.250/0001-85,BA,Vitória da Conquista,Alimentação,Pro,VendeFácil Loja,807.39,Ativo,contato@lojasrochame.com.br
CUST671,Casa do Cardoso Me,51.749.038/0001-00,PR,Ponta Grossa,Eletrônicos,Basic,VendeFácil PDV,437.55,Ativo,contato@casadocardosome.com.br
CUST672,Empório Barros S.A.,68.975.143/0001-52,MG,Uberaba,Construção,Enterprise,VendeFácil Pay,2123.7,Ativo,contato@empóriobarrossa.com.br
CUST673,Mundo da Novais Eireli,37.654.180/0001-35,BA,Camaçari,Pet,Pro,VendeFácil Estoque,856.13,Ativo,contato@mundodanovaisei.com.br
CUST674,Rede Barbosa Me,46.579.082/0001-71,RS,Pelotas,Farmácia,Pro,VendeFácil Analytics,1318.99,Ativo,contato@redebarbosame.com.br
CUST675,Lojas Jesus Me,65.812.709/0001-37,PR,Cascavel,Construção,Pro,VendeFácil Analytics,991.0,Ativo,contato@lojasjesusme.com.br
CUST676,Comércio de Cavalcante Me,57.230.148/0001-30,SP,Jundiaí,Cosméticos,Pro,VendeFácil Analytics,1054.1,Ativo,contato@comérciodecaval.com.br
CUST677,Atacado Freitas Me,21.850.743/0001-20,MG,Juiz de Fora,Supermercado,Enterprise,VendeFácil Pay,1830.98,Cancelado,contato@atacadofreitasm.com.br
CUST678,Mercado Albuquerque Eireli,51.436.027/0001-62,RJ,Nova Iguaçu,Automotivo,Enterprise,VendeFácil Estoque,1913.13,Ativo,contato@mercadoalbuquer.com.br
CUST679,Empório Sousa Eireli,83.946.275/0001-40,RS,Pelotas,Pet,Pro,VendeFácil Loja,1350.01,Ativo,contato@empóriosousaeir.com.br
CUST680,Mercado Siqueira Me,20.645.781/0001-89,DF,Brasília,Varejo Cultural,Basic,VendeFácil PDV,468.71,Cancelado,contato@mercadosiqueira.com.br
CUST681,Atacado Cavalcante Eireli,04.365.829/0001-49,BA,Salvador,Eletrônicos,Pro,VendeFácil Analytics,986.2,Inativo,contato@atacadocavalcan.com.br
CUST682,Comércio de Martins Ltda,01.652.793/0001-96,MG,Uberlândia,Calçados,Pro,VendeFácil Estoque,1000.12,Cancelado,contato@comérciodemarti.com.br
CUST683,Casa do da Rocha Eireli,63.945.021/0001-08,RS,Canoas,Calçados,Basic,VendeFácil PDV,404.23,Cancelado,contato@casadodarochaei.com.br
CUST684,Centro de Peixoto Comercial,81.294.305/0001-55,ES,Serra,Varejo Cultural,Pro,VendeFácil Estoque,1158.96,Ativo,contato@centrodepeixoto.com.br
CUST685,Mercado da Cruz S.A.,84.536.109/0001-38,SP,Sorocaba,Automotivo,Enterprise,VendeFácil Estoque,2378.1,Ativo,contato@mercadodacruzsa.com.br
CUST686,Atacado Rodrigues Comercial,59.417.208/0001-53,SP,SJC,Conveniência,Pro,VendeFácil Analytics,1093.39,Ativo,contato@atacadorodrigue.com.br
CUST687,Casa do da Cunha Comercial,60.419.237/0001-33,SP,Bauru,Vestuário,Basic,VendeFácil PDV,493.77,Ativo,contato@casadodacunhaco.com.br
CUST688,Rede Carvalho Me,16.379.458/0001-33,RJ,Petrópolis,Farmácia,Pro,VendeFácil Estoque,852.5,Ativo,contato@redecarvalhome.com.br
CUST689,Distribuidora das Neves S.A.,95.741.862/0001-81,ES,Vitória,Supermercado,Pro,VendeFácil Loja,1251.2,Ativo,contato@distribuidorada.com.br
CUST690,Casa do Nogueira S.A.,32.456.719/0001-28,PE,Jaboatão dos Guararapes,Varejo Cultural,Enterprise,VendeFácil Pay,2903.99,Ativo,contato@casadonogueiras.com.br
CUST691,Casa do Vargas Eireli,29.504.763/0001-51,MG,Uberaba,Varejo Cultural,Enterprise,VendeFácil Estoque,2115.57,Inativo,contato@casadovargaseir.com.br
CUST692,Centro de Dias Me,20.536.974/0001-00,CE,Juazeiro do Norte,Eletrônicos,Enterprise,VendeFácil Estoque,2684.15,Ativo,contato@centrodediasme.com.br
CUST693,Distribuidora Porto Comercial,42.301.568/0001-92,SC,Chapecó,Construção,Enterprise,VendeFácil Pay,3080.26,Ativo,contato@distribuidorapo.com.br
CUST694,Centro de Pimenta Eireli,43.815.029/0001-34,RJ,Volta Redonda,Construção,Pro,VendeFácil Loja,1179.12,Ativo,contato@centrodepimenta.com.br
CUST695,Comércio de Sales Me,72.956.813/0001-60,DF,Taguatinga,Supermercado,Enterprise,VendeFácil Pay,2999.56,Ativo,contato@comérciodesales.com.br
CUST696,Casa do Mendonça Comercial,72.816.034/0001-60,DF,Brasília,Conveniência,Enterprise,VendeFácil Pay,2946.67,Ativo,contato@casadomendonçac.com.br
CUST697,Distribuidora da Mata Comercial,63.891.057/0001-48,RJ,Campos dos Goytacazes,Construção,Pro,VendeFácil Loja,1086.86,Ativo,contato@distribuidorada.com.br
CUST698,Distribuidora Pimenta Eireli,75.913.802/0001-91,ES,Vitória,Supermercado,Pro,VendeFácil Estoque,866.12,Ativo,contato@distribuidorapi.com.br
CUST699,Casa do Sousa Comercial,65.948.702/0001-47,RS,Porto Alegre,Supermercado,Enterprise,VendeFácil Pay,2698.45,Ativo,contato@casadosousacome.com.br
CUST700,Mercado Caldeira S.A.,79.014.532/0001-38,GO,Anápolis,Supermercado,Pro,VendeFácil Loja,954.51,Ativo,contato@mercadocaldeira.com.br
CUST701,Centro de Aparecida Eireli,86.012.349/0001-69,ES,Cariacica,Farmácia,Pro,VendeFácil Analytics,1450.76,Ativo,contato@centrodeapareci.com.br
CUST702,Atacado Vasconcelos Ltda,47.238.905/0001-68,SC,Florianópolis,Cosméticos,Pro,VendeFácil Loja,1170.31,Ativo,contato@atacadovasconce.com.br
CUST703,Comércio de Moreira S.A.,27.805.463/0001-87,RS,Santa Maria,Farmácia,Basic,VendeFácil PDV,445.03,Ativo,contato@comérciodemorei.com.br
CUST704,Centro de Vasconcelos Eireli,98.236.750/0001-61,CE,Caucaia,Cosméticos,Enterprise,VendeFácil Estoque,3416.01,Ativo,contato@centrodevasconc.com.br
CUST705,Mundo da Cavalcanti Ltda,73.902.514/0001-06,DF,Brasília,Conveniência,Enterprise,VendeFácil Pay,2301.15,Ativo,contato@mundodacavalcan.com.br
CUST706,Centro de Siqueira Comercial,19.853.204/0001-01,RJ,Niterói,Eletrônicos,Pro,VendeFácil Analytics,1228.52,Ativo,contato@centrodesiqueir.com.br
CUST707,Empório Santos Eireli,68.234.905/0001-60,PE,Olinda,Varejo Cultural,Enterprise,VendeFácil Pay,3188.05,Ativo,contato@empóriosantosei.com.br
CUST708,Comércio de Farias Eireli,92.861.504/0001-14,ES,Cariacica,Calçados,Pro,VendeFácil Loja,1225.89,Ativo,contato@comérciodefaria.com.br
CUST709,Mercado das Neves Me,47.951.068/0001-10,CE,Juazeiro do Norte,Varejo Cultural,Pro,VendeFácil Analytics,1185.62,Ativo,contato@mercadodasneves.com.br
CUST710,Atacado Abreu S.A.,94.036.572/0001-74,GO,Goiânia,Eletrônicos,Pro,VendeFácil Estoque,1395.72,Ativo,contato@atacadoabreusa.com.br
CUST711,Centro de Monteiro Comercial,39.786.502/0001-25,RS,Pelotas,Supermercado,Enterprise,VendeFácil Estoque,3215.74,Inativo,contato@centrodemonteir.com.br
CUST712,Atacado Peixoto Me,03.475.619/0001-40,GO,Aparecida de Goiânia,Farmácia,Basic,VendeFácil PDV,392.07,Ativo,contato@atacadopeixotom.com.br
CUST713,Mundo da Cirino Comercial,20.581.697/0001-49,GO,Aparecida de Goiânia,Vestuário,Pro,VendeFácil Loja,1367.75,Ativo,contato@mundodacirinoco.com.br
CUST714,Rede Borges Ltda,01.687.253/0001-48,RS,Porto Alegre,Calçados,Pro,VendeFácil Loja,1355.03,Ativo,contato@redeborgesltda.com.br
CUST715,Mercado Souza Me,95.072.841/0001-10,GO,Anápolis,Supermercado,Enterprise,VendeFácil Estoque,3193.35,Ativo,contato@mercadosouzame.com.br
CUST716,Rede Azevedo Ltda,68.123.709/0001-18,SC,Chapecó,Pet,Basic,VendeFácil PDV,473.96,Ativo,contato@redeazevedoltda.com.br
CUST717,Rede da Mota S.A.,58.641.903/0001-31,ES,Cariacica,Supermercado,Pro,VendeFácil Loja,1167.07,Ativo,contato@rededamotasa.com.br
CUST718,Mundo da Oliveira Eireli,81.756.429/0001-05,SC,Criciúma,Calçados,Pro,VendeFácil Estoque,849.58,Ativo,contato@mundodaoliveira.com.br
CUST719,Lojas Pereira Me,54.918.732/0001-94,GO,Goiânia,Vestuário,Pro,VendeFácil Analytics,1067.34,Ativo,contato@lojaspereirame.com.br
CUST720,Distribuidora Siqueira Eireli,79.241.850/0001-31,SP,Jundiaí,Cosméticos,Enterprise,VendeFácil Estoque,1978.9,Ativo,contato@distribuidorasi.com.br
CUST721,Comércio de Campos Eireli,07.158.436/0001-52,CE,Sobral,Calçados,Pro,VendeFácil Estoque,1245.32,Ativo,contato@comérciodecampo.com.br
CUST722,Comércio de Aparecida Ltda,59.308.124/0001-81,BA,Feira de Santana,Eletrônicos,Enterprise,VendeFácil Pay,3195.91,Ativo,contato@comérciodeapare.com.br
CUST723,Mundo da Vieira Eireli,14.876.203/0001-50,PR,Ponta Grossa,Varejo Cultural,Enterprise,VendeFácil Estoque,3378.62,Ativo,contato@mundodavieiraei.com.br
CUST724,Atacado Rodrigues S.A.,59.684.703/0001-29,SC,Blumenau,Vestuário,Pro,VendeFácil Loja,1041.17,Ativo,contato@atacadorodrigue.com.br
CUST725,Comércio de Correia S.A.,59.730.168/0001-03,SC,Criciúma,Automotivo,Enterprise,VendeFácil Pay,2004.15,Ativo,contato@comérciodecorre.com.br
CUST726,Mercado Pires S.A.,78.536.029/0001-80,ES,Serra,Alimentação,Enterprise,VendeFácil Estoque,3264.42,Ativo,contato@mercadopiressa.com.br
CUST727,Atacado Silveira Eireli,58.014.297/0001-24,GO,Aparecida de Goiânia,Construção,Basic,VendeFácil PDV,368.65,Ativo,contato@atacadosilveira.com.br
CUST728,Centro de Cassiano Comercial,40.537.912/0001-11,PE,Recife,Varejo Cultural,Pro,VendeFácil Estoque,1231.01,Ativo,contato@centrodecassian.com.br
CUST729,Mercado Pereira Eireli,62.198.507/0001-59,PR,Cascavel,Automotivo,Enterprise,VendeFácil Pay,2821.89,Ativo,contato@mercadopereirae.com.br
CUST730,Rede Jesus Me,17.328.694/0001-93,GO,Goiânia,Construção,Pro,VendeFácil Estoque,789.07,Ativo,contato@redejesusme.com.br
CUST731,Empório da Rosa Ltda,21.560.874/0001-73,MG,Ipatinga,Conveniência,Basic,VendeFácil PDV,313.32,Ativo,contato@empóriodarosalt.com.br
CUST732,Distribuidora Montenegro Me,07.218.356/0001-45,MG,Ouro Preto,Conveniência,Pro,VendeFácil Analytics,1023.38,Ativo,contato@distribuidoramo.com.br
CUST733,Mercado Casa Grande Ltda,18.295.036/0001-05,PE,Recife,Alimentação,Pro,VendeFácil Estoque,1075.42,Ativo,contato@mercadocasagran.com.br
CUST734,Mercado Silva Me,81.027.459/0001-80,RS,Santa Maria,Construção,Pro,VendeFácil Loja,1142.95,Ativo,contato@mercadosilvame.com.br
CUST735,Centro de Martins Me,01.497.283/0001-91,ES,Serra,Varejo Cultural,Enterprise,VendeFácil Estoque,2383.72,Cancelado,contato@centrodemartins.com.br
CUST736,Comércio de Costa S.A.,34.872.901/0001-95,MG,Ouro Preto,Pet,Basic,VendeFácil PDV,488.83,Inativo,contato@comérciodecosta.com.br
CUST737,Rede Cassiano S.A.,24.108.563/0001-66,SC,Chapecó,Conveniência,Pro,VendeFácil Estoque,807.07,Ativo,contato@redecassianosa.com.br
CUST738,Rede Nogueira Me,58.921.670/0001-20,BA,Feira de Santana,Cosméticos,Pro,VendeFácil Estoque,1027.2,Ativo,contato@redenogueirame.com.br
CUST739,Comércio de Barbosa S.A.,45.701.632/0001-10,PE,Jaboatão dos Guararapes,Vestuário,Enterprise,VendeFácil Estoque,2121.72,Ativo,contato@comérciodebarbo.com.br
CUST740,Lojas Aragão Comercial,16.073.592/0001-01,PR,Cascavel,Alimentação,Pro,VendeFácil Analytics,1596.76,Cancelado,contato@lojasaragãocome.com.br
CUST741,Lojas Peixoto Me,97.526.104/0001-76,RJ,Petrópolis,Farmácia,Enterprise,VendeFácil Pay,2546.15,Ativo,contato@lojaspeixotome.com.br
CUST742,Mundo da Nunes Me,21.703.958/0001-19,RJ,Nova Iguaçu,Supermercado,Pro,VendeFácil Loja,1416.09,Ativo,contato@mundodanunesme.com.br
CUST743,Rede da Conceição Comercial,32.489.167/0001-54,PE,Olinda,Alimentação,Pro,VendeFácil Estoque,819.4,Ativo,contato@rededaconceição.com.br
CUST744,Mercado Marques Me,70.138.269/0001-14,PR,Cascavel,Cosméticos,Enterprise,VendeFácil Pay,2123.28,Ativo,contato@mercadomarquesm.com.br
CUST745,Empório Cavalcante S.A.,45.290.381/0001-29,SP,Jundiaí,Alimentação,Enterprise,VendeFácil Pay,2984.59,Ativo,contato@empóriocavalcan.com.br
CUST746,Mundo da Novais Ltda,14.738.692/0001-84,BA,Camaçari,Automotivo,Pro,VendeFácil Estoque,856.46,Ativo,contato@mundodanovaislt.com.br
CUST747,Comércio de da Cruz Ltda,82.730.914/0001-72,PR,Ponta Grossa,Vestuário,Enterprise,VendeFácil Estoque,2974.14,Ativo,contato@comérciodedacru.com.br
CUST748,Comércio de Pastor Eireli,69.547.182/0001-11,RJ,Volta Redonda,Cosméticos,Pro,VendeFácil Analytics,1365.9,Inativo,contato@comérciodepasto.com.br
CUST749,Mundo da Rios Comercial,17.946.325/0001-64,BA,Salvador,Cosméticos,Enterprise,VendeFácil Estoque,3218.93,Ativo,contato@mundodarioscome.com.br
CUST750,Mercado Brito S.A.,72.430.958/0001-23,DF,Brasília,Eletrônicos,Basic,VendeFácil PDV,390.32,Ativo,contato@mercadobritosa.com.br
CUST751,Mercado Peixoto S.A.,65.789.043/0001-43,CE,Sobral,Calçados,Basic,VendeFácil PDV,411.54,Ativo,contato@mercadopeixotos.com.br
CUST752,Lojas Carvalho Eireli,90.251.376/0001-61,PR,Ponta Grossa,Pet,Pro,VendeFácil Loja,1341.57,Ativo,contato@lojascarvalhoei.com.br
CUST753,Casa do Pimenta Ltda,97.315.248/0001-83,PR,Cascavel,Supermercado,Enterprise,VendeFácil Estoque,2727.15,Ativo,contato@casadopimentalt.com.br
CUST754,Lojas Vieira Eireli,46.509.837/0001-61,DF,Brasília,Alimentação,Enterprise,VendeFácil Pay,3112.98,Ativo,contato@lojasvieiraeire.com.br
CUST755,Comércio de da Rocha Eireli,05.978.426/0001-38,BA,Vitória da Conquista,Automotivo,Basic,VendeFácil PDV,335.78,Ativo,contato@comérciodedaroc.com.br
CUST756,Lojas da Paz Ltda,03.654.827/0001-07,SP,Sorocaba,Varejo Cultural,Enterprise,VendeFácil Estoque,2937.72,Ativo,contato@lojasdapazltda.com.br
CUST757,Mundo da Garcia Comercial,69.841.530/0001-69,SP,Campinas,Calçados,Pro,VendeFácil Analytics,1325.55,Ativo,contato@mundodagarciaco.com.br
CUST758,Empório Correia Comercial,86.593.127/0001-87,GO,Aparecida de Goiânia,Pet,Enterprise,VendeFácil Pay,2332.85,Ativo,contato@empóriocorreiac.com.br
CUST759,Mundo da Cardoso Me,20.158.739/0001-33,ES,Vila Velha,Alimentação,Pro,VendeFácil Estoque,866.26,Ativo,contato@mundodacardosom.com.br
CUST760,Comércio de Lopes Ltda,21.953.647/0001-08,PR,Ponta Grossa,Construção,Enterprise,VendeFácil Estoque,2189.11,Inativo,contato@comérciodelopes.com.br
CUST761,Mercado Cirino Comercial,78.643.520/0001-00,GO,Anápolis,Supermercado,Pro,VendeFácil Analytics,1223.22,Ativo,contato@mercadocirinoco.com.br
CUST762,Casa do Cirino Ltda,60.795.124/0001-32,PE,Jaboatão dos Guararapes,Vestuário,Enterprise,VendeFácil Pay,2723.26,Ativo,contato@casadocirinoltd.com.br
CUST763,Comércio de Nogueira Ltda,95.074.326/0001-70,GO,Goiânia,Vestuário,Enterprise,VendeFácil Pay,2189.36,Ativo,contato@comérciodenogue.com.br
CUST764,Mercado Pacheco Comercial,71.256.498/0001-04,RJ,Niterói,Supermercado,Enterprise,VendeFácil Estoque,2458.43,Ativo,contato@mercadopachecoc.com.br
CUST765,Lojas Moreira S.A.,18.973.025/0001-37,GO,Anápolis,Varejo Cultural,Basic,VendeFácil PDV,309.81,Ativo,contato@lojasmoreirasa.com.br
CUST766,Centro de Aragão S.A.,58.036.492/0001-55,ES,Serra,Cosméticos,Enterprise,VendeFácil Estoque,3006.42,Ativo,contato@centrodearagãos.com.br
CUST767,Mundo da Siqueira Ltda,56.982.710/0001-19,PE,Olinda,Supermercado,Basic,VendeFácil PDV,453.7,Ativo,contato@mundodasiqueira.com.br
CUST768,Atacado Sales Me,94.805.312/0001-16,BA,Salvador,Construção,Pro,VendeFácil Analytics,950.91,Ativo,contato@atacadosalesme.com.br
CUST769,Distribuidora Aragão Comercial,40.938.157/0001-87,CE,Sobral,Eletrônicos,Pro,VendeFácil Estoque,1202.29,Ativo,contato@distribuidoraar.com.br
CUST770,Atacado da Cunha Eireli,24.869.075/0001-71,DF,Brasília,Automotivo,Enterprise,VendeFácil Estoque,3001.85,Inativo,contato@atacadodacunhae.com.br
CUST771,Lojas Cavalcanti Comercial,92.781.653/0001-73,GO,Anápolis,Construção,Enterprise,VendeFácil Pay,2605.2,Ativo,contato@lojascavalcanti.com.br
CUST772,Lojas Cirino Comercial,80.591.473/0001-40,GO,Rio Verde,Eletrônicos,Enterprise,VendeFácil Estoque,2910.97,Ativo,contato@lojascirinocome.com.br
CUST773,Distribuidora Sá S.A.,69.357.142/0001-07,RS,Pelotas,Vestuário,Basic,VendeFácil PDV,323.64,Ativo,contato@distribuidorasá.com.br
CUST774,Comércio de Siqueira Ltda,50.468.913/0001-05,GO,Rio Verde,Pet,Basic,VendeFácil PDV,366.76,Ativo,contato@comérciodesique.com.br
CUST775,Atacado Guerra Comercial,74.958.132/0001-67,ES,Vila Velha,Calçados,Pro,VendeFácil Loja,978.09,Ativo,contato@atacadoguerraco.com.br
CUST776,Rede Santos Comercial,67.418.309/0001-77,CE,Juazeiro do Norte,Supermercado,Basic,VendeFácil PDV,437.17,Ativo,contato@redesantoscomer.com.br
CUST777,Casa do Machado Eireli,65.074.238/0001-07,MG,Juiz de Fora,Vestuário,Pro,VendeFácil Loja,1383.68,Inativo,contato@casadomachadoei.com.br
CUST778,Centro de Rezende Me,45.920.631/0001-67,MG,Juiz de Fora,Automotivo,Pro,VendeFácil Estoque,1157.68,Inativo,contato@centroderezende.com.br
CUST779,Empório Vargas Comercial,39.576.128/0001-33,PE,Caruaru,Calçados,Basic,VendeFácil PDV,467.02,Ativo,contato@empóriovargasco.com.br
CUST780,Empório Albuquerque Ltda,01.937.452/0001-67,CE,Fortaleza,Vestuário,Enterprise,VendeFácil Pay,2759.69,Ativo,contato@empórioalbuquer.com.br
CUST781,Lojas Machado Comercial,53.421.076/0001-57,RJ,Petrópolis,Supermercado,Pro,VendeFácil Loja,1488.53,Ativo,contato@lojasmachadocom.com.br
CUST782,Atacado Borges Me,03.159.678/0001-00,GO,Rio Verde,Alimentação,Enterprise,VendeFácil Pay,1963.58,Ativo,contato@atacadoborgesme.com.br
CUST783,Empório Ribeiro Eireli,92.157.846/0001-58,DF,Brasília,Construção,Pro,VendeFácil Analytics,915.1,Inativo,contato@empórioribeiroe.com.br
CUST784,Mercado Ribeiro S.A.,17.463.280/0001-77,PR,Londrina,Eletrônicos,Pro,VendeFácil Loja,922.51,Ativo,contato@mercadoribeiros.com.br
CUST785,Lojas Vasconcelos S.A.,14.036.279/0001-78,SP,Jundiaí,Eletrônicos,Basic,VendeFácil PDV,459.81,Inativo,contato@lojasvasconcelo.com.br
CUST786,Distribuidora da Luz Comercial,27.138.460/0001-37,SC,Chapecó,Calçados,Enterprise,VendeFácil Pay,2234.5,Ativo,contato@distribuidorada.com.br
CUST787,Centro de Ramos Ltda,71.243.806/0001-59,ES,Vila Velha,Vestuário,Enterprise,VendeFácil Estoque,1958.48,Ativo,contato@centroderamoslt.com.br
CUST788,Empório Silva Eireli,41.076.928/0001-37,MG,Ouro Preto,Supermercado,Enterprise,VendeFácil Estoque,3257.0,Inativo,contato@empóriosilvaeir.com.br
CUST789,Atacado Almeida S.A.,72.095.386/0001-73,MG,Uberlândia,Eletrônicos,Enterprise,VendeFácil Estoque,3092.89,Ativo,contato@atacadoalmeidas.com.br
CUST790,Casa do Sampaio Ltda,56.049.381/0001-58,SC,Joinville,Vestuário,Pro,VendeFácil Loja,993.65,Ativo,contato@casadosampaiolt.com.br
CUST791,Centro de Guerra Comercial,18.307.562/0001-48,PR,Londrina,Alimentação,Pro,VendeFácil Loja,880.12,Cancelado,contato@centrodeguerrac.com.br
CUST792,Atacado Nascimento Comercial,59.430.826/0001-33,SP,SJC,Eletrônicos,Pro,VendeFácil Loja,1184.56,Ativo,contato@atacadonascimen.com.br
CUST793,Casa do Fernandes Ltda,17.459.608/0001-81,RS,Caxias do Sul,Farmácia,Pro,VendeFácil Loja,1229.28,Ativo,contato@casadofernandes.com.br
CUST794,Distribuidora Ribeiro Eireli,34.605.297/0001-30,RJ,Rio de Janeiro,Automotivo,Enterprise,VendeFácil Estoque,1980.73,Ativo,contato@distribuidorari.com.br
CUST795,Casa do Pires Comercial,73.201.658/0001-35,BA,Feira de Santana,Calçados,Enterprise,VendeFácil Pay,3047.79,Ativo,contato@casadopirescome.com.br
CUST796,Centro de Gomes Ltda,18.437.605/0001-00,SC,Blumenau,Varejo Cultural,Pro,VendeFácil Estoque,1213.38,Ativo,contato@centrodegomeslt.com.br
CUST797,Casa do Fernandes Eireli,05.937.162/0001-74,PE,Jaboatão dos Guararapes,Farmácia,Enterprise,VendeFácil Estoque,2649.24,Ativo,contato@casadofernandes.com.br
CUST798,Lojas Nascimento Me,23.105.789/0001-40,RS,Caxias do Sul,Alimentação,Enterprise,VendeFácil Pay,2161.27,Ativo,contato@lojasnascimento.com.br
CUST799,Casa do Almeida Eireli,70.356.189/0001-35,SC,Chapecó,Automotivo,Basic,VendeFácil PDV,313.07,Ativo,contato@casadoalmeidaei.com.br
CUST800,Mundo da Pires Ltda,04.138.796/0001-02,RJ,Petrópolis,Varejo Cultural,Enterprise,VendeFácil Pay,2604.55,Ativo,contato@mundodapiresltd.com.br
CUST801,Mundo da Camargo Comercial,73.169.824/0001-63,SC,Criciúma,Conveniência,Basic,VendeFácil PDV,458.49,Ativo,contato@mundodacamargoc.com.br
CUST802,Mundo da Rocha Ltda,65.184.973/0001-73,BA,Feira de Santana,Cosméticos,Pro,VendeFácil Estoque,1106.17,Cancelado,contato@mundodarochaltd.com.br
CUST803,Rede Vieira Me,30.278.564/0001-51,SC,Joinville,Calçados,Enterprise,VendeFácil Pay,2403.61,Cancelado,contato@redevieirame.com.br
CUST804,Rede Sá Eireli,62.541.378/0001-50,CE,Caucaia,Alimentação,Enterprise,VendeFácil Estoque,2971.37,Ativo,contato@redesáeireli.com.br
CUST805,Atacado Aparecida Eireli,21.678.034/0001-00,SP,Jundiaí,Varejo Cultural,Enterprise,VendeFácil Pay,1936.72,Ativo,contato@atacadoaparecid.com.br
CUST806,Casa do Abreu Ltda,02.156.487/0001-21,SP,Campinas,Conveniência,Enterprise,VendeFácil Pay,2879.88,Ativo,contato@casadoabreultda.com.br
CUST807,Mercado Sales S.A.,72.315.896/0001-09,SP,SJC,Alimentação,Enterprise,VendeFácil Pay,3064.56,Ativo,contato@mercadosalessa.com.br
CUST808,Casa do da Costa S.A.,20.953.487/0001-34,ES,Vila Velha,Automotivo,Enterprise,VendeFácil Pay,2208.1,Ativo,contato@casadodacostasa.com.br
CUST809,Mundo da Viana Me,45.609.187/0001-63,RS,Pelotas,Construção,Enterprise,VendeFácil Pay,2912.09,Ativo,contato@mundodavianame.com.br
CUST810,Atacado Moura Ltda,15.378.920/0001-15,SP,São Paulo,Cosméticos,Enterprise,VendeFácil Pay,2365.88,Ativo,contato@atacadomouraltd.com.br
CUST811,Empório Correia Ltda,12.739.506/0001-04,SC,Criciúma,Supermercado,Basic,VendeFácil PDV,440.67,Ativo,contato@empóriocorreial.com.br
CUST812,Empório Ramos Eireli,54.372.960/0001-01,PR,Curitiba,Vestuário,Pro,VendeFácil Analytics,1376.67,Ativo,contato@empórioramoseir.com.br
CUST813,Lojas Caldeira S.A.,08.219.354/0001-33,BA,Camaçari,Pet,Enterprise,VendeFácil Pay,2095.7,Ativo,contato@lojascaldeirasa.com.br
CUST814,Lojas da Costa S.A.,75.618.290/0001-30,CE,Sobral,Varejo Cultural,Pro,VendeFácil Analytics,965.7,Cancelado,contato@lojasdacostasa.com.br
CUST815,Mundo da Duarte S.A.,31.957.860/0001-41,MG,Uberlândia,Conveniência,Basic,VendeFácil PDV,328.8,Inativo,contato@mundodaduartesa.com.br
CUST816,Rede Barbosa Eireli,79.031.568/0001-20,SP,Ribeirão Preto,Conveniência,Pro,VendeFácil Analytics,1495.11,Inativo,contato@redebarbosaeire.com.br
CUST817,Mundo da Gomes Me,52.791.840/0001-13,GO,Aparecida de Goiânia,Automotivo,Enterprise,VendeFácil Pay,2393.77,Ativo,contato@mundodagomesme.com.br
CUST818,Comércio de Farias Comercial,20.891.735/0001-60,RS,Caxias do Sul,Pet,Enterprise,VendeFácil Pay,1810.4,Ativo,contato@comérciodefaria.com.br
CUST819,Rede Leão Eireli,25.394.186/0001-31,PR,Ponta Grossa,Eletrônicos,Enterprise,VendeFácil Pay,2313.76,Cancelado,contato@redeleãoeireli.com.br
CUST820,Lojas Novaes Comercial,31.674.982/0001-20,DF,Ceilândia,Farmácia,Enterprise,VendeFácil Pay,2474.15,Ativo,contato@lojasnovaescome.com.br
CUST821,Comércio de Melo Eireli,74.053.186/0001-83,PR,Ponta Grossa,Eletrônicos,Basic,VendeFácil PDV,404.67,Ativo,contato@comérciodemeloe.com.br
CUST822,Rede Lopes Ltda,93.240.856/0001-15,ES,Vitória,Conveniência,Enterprise,VendeFácil Estoque,2762.72,Ativo,contato@redelopesltda.com.br
CUST823,Rede Melo Me,80.643.591/0001-54,SC,Criciúma,Supermercado,Pro,VendeFácil Analytics,1190.53,Inativo,contato@redemelome.com.br
CUST824,Rede Monteiro Me,31.056.987/0001-90,BA,Vitória da Conquista,Construção,Pro,VendeFácil Loja,917.26,Ativo,contato@redemonteirome.com.br
CUST825,Mercado Fogaça Me,43.108.279/0001-34,DF,Ceilândia,Supermercado,Enterprise,VendeFácil Estoque,2657.06,Ativo,contato@mercadofogaçame.com.br
CUST826,Atacado Marques Me,90.731.654/0001-88,DF,Brasília,Construção,Pro,VendeFácil Analytics,911.88,Ativo,contato@atacadomarquesm.com.br
CUST827,Distribuidora Pires Comercial,70.135.289/0001-31,RJ,Campos dos Goytacazes,Construção,Pro,VendeFácil Loja,1400.5,Ativo,contato@distribuidorapi.com.br
CUST828,Lojas Lima Me,48.365.027/0001-04,RJ,Campos dos Goytacazes,Calçados,Pro,VendeFácil Estoque,1178.45,Ativo,contato@lojaslimame.com.br
CUST829,Empório Araújo Ltda,85.073.294/0001-34,DF,Taguatinga,Automotivo,Pro,VendeFácil Estoque,1269.59,Inativo,contato@empórioaraújolt.com.br
CUST830,Mundo da Aparecida S.A.,59.284.016/0001-16,RJ,Campos dos Goytacazes,Alimentação,Pro,VendeFácil Analytics,1414.57,Ativo,contato@mundodaaparecid.com.br
CUST831,Empório Farias Ltda,38.159.472/0001-64,ES,Cariacica,Calçados,Enterprise,VendeFácil Estoque,2167.65,Ativo,contato@empóriofariaslt.com.br
CUST832,Atacado Teixeira Eireli,35.824.960/0001-50,ES,Serra,Farmácia,Basic,VendeFácil PDV,333.52,Ativo,contato@atacadoteixeira.com.br
CUST833,Lojas Azevedo Comercial,59.734.801/0001-23,DF,Taguatinga,Pet,Enterprise,VendeFácil Estoque,3028.97,Ativo,contato@lojasazevedocom.com.br
CUST834,Centro de Santos Ltda,89.437.206/0001-97,BA,Salvador,Construção,Pro,VendeFácil Analytics,1136.5,Ativo,contato@centrodesantosl.com.br
CUST835,Empório Marques Me,19.682.043/0001-22,SP,Santos,Pet,Enterprise,VendeFácil Pay,3085.26,Inativo,contato@empóriomarquesm.com.br
CUST836,Comércio de da Mota Comercial,12.796.405/0001-67,PR,Curitiba,Construção,Enterprise,VendeFácil Estoque,2834.68,Ativo,contato@comérciodedamot.com.br
CUST837,Centro de Leão Ltda,82.793.501/0001-37,RS,Santa Maria,Varejo Cultural,Enterprise,VendeFácil Estoque,3004.45,Ativo,contato@centrodeleãoltd.com.br
CUST838,Casa do Correia Me,10.364.275/0001-68,ES,Vitória,Farmácia,Basic,VendeFácil PDV,382.25,Ativo,contato@casadocorreiame.com.br
CUST839,Mercado Fernandes Comercial,57.832.416/0001-93,RS,Pelotas,Construção,Pro,VendeFácil Estoque,772.13,Ativo,contato@mercadofernande.com.br
CUST840,Distribuidora Cavalcante Comercial,43.726.018/0001-88,ES,Vila Velha,Cosméticos,Enterprise,VendeFácil Estoque,2094.86,Cancelado,contato@distribuidoraca.com.br
CUST841,Distribuidora da Paz S.A.,72.854.910/0001-42,RJ,Volta Redonda,Conveniência,Enterprise,VendeFácil Estoque,2805.71,Cancelado,contato@distribuidorada.com.br
CUST842,Atacado Santos Eireli,29.306.817/0001-74,PR,Maringá,Automotivo,Enterprise,VendeFácil Estoque,3397.89,Ativo,contato@atacadosantosei.com.br
CUST843,Mercado da Luz Eireli,52.349.081/0001-33,DF,Ceilândia,Construção,Pro,VendeFácil Estoque,1257.48,Ativo,contato@mercadodaluzeir.com.br
CUST844,Casa do Casa Grande Ltda,57.248.061/0001-90,BA,Vitória da Conquista,Supermercado,Pro,VendeFácil Loja,1468.92,Ativo,contato@casadocasagrand.com.br
CUST845,Lojas Monteiro Comercial,27.510.493/0001-66,PE,Jaboatão dos Guararapes,Cosméticos,Pro,VendeFácil Analytics,983.83,Ativo,contato@lojasmonteiroco.com.br
CUST846,Atacado Santos Ltda,47.968.135/0001-09,BA,Feira de Santana,Cosméticos,Enterprise,VendeFácil Estoque,2070.0,Ativo,contato@atacadosantoslt.com.br
CUST847,Mercado Sales Eireli,17.095.486/0001-91,MG,Uberlândia,Farmácia,Enterprise,VendeFácil Pay,2818.56,Ativo,contato@mercadosaleseir.com.br
CUST848,Atacado Alves S.A.,63.720.954/0001-99,RJ,Nova Iguaçu,Conveniência,Basic,VendeFácil PDV,486.58,Ativo,contato@atacadoalvessa.com.br
CUST849,Casa do Ramos Eireli,38.962.107/0001-93,DF,Ceilândia,Pet,Enterprise,VendeFácil Pay,1805.19,Ativo,contato@casadoramoseire.com.br
CUST850,Casa do Nascimento Ltda,71.683.204/0001-12,BA,Camaçari,Calçados,Basic,VendeFácil PDV,408.03,Ativo,contato@casadonasciment.com.br
CUST851,Distribuidora Fonseca Me,62.983.701/0001-45,GO,Anápolis,Varejo Cultural,Enterprise,VendeFácil Estoque,2384.52,Ativo,contato@distribuidorafo.com.br
CUST852,Comércio de Ferreira S.A.,54.768.012/0001-90,CE,Juazeiro do Norte,Farmácia,Pro,VendeFácil Analytics,1420.34,Ativo,contato@comérciodeferre.com.br
CUST853,Distribuidora Macedo Me,67.415.380/0001-04,CE,Fortaleza,Pet,Enterprise,VendeFácil Estoque,2205.61,Ativo,contato@distribuidorama.com.br
CUST854,Comércio de Pastor Ltda,91.287.350/0001-36,PE,Recife,Conveniência,Pro,VendeFácil Analytics,1401.49,Ativo,contato@comérciodepasto.com.br
CUST855,Atacado Pastor Eireli,61.035.297/0001-15,DF,Taguatinga,Automotivo,Pro,VendeFácil Analytics,897.24,Ativo,contato@atacadopastorei.com.br
CUST856,Mercado Novais Eireli,72.319.850/0001-68,CE,Sobral,Supermercado,Basic,VendeFácil PDV,367.86,Ativo,contato@mercadonovaisei.com.br
CUST857,Centro de da Rosa S.A.,94.785.310/0001-02,SP,SJC,Conveniência,Enterprise,VendeFácil Estoque,2736.99,Inativo,contato@centrodedarosas.com.br
CUST858,Mercado Vieira Eireli,02.485.396/0001-30,DF,Taguatinga,Farmácia,Basic,VendeFácil PDV,447.09,Ativo,contato@mercadovieiraei.com.br
CUST859,Mercado Rios Me,46.235.108/0001-64,GO,Goiânia,Vestuário,Enterprise,VendeFácil Estoque,2938.06,Ativo,contato@mercadoriosme.com.br
CUST860,Distribuidora Teixeira Ltda,47.195.236/0001-94,SP,Jundiaí,Cosméticos,Pro,VendeFácil Estoque,1292.98,Ativo,contato@distribuidorate.com.br
CUST861,Mundo da Lopes Me,47.129.508/0001-58,PE,Jaboatão dos Guararapes,Farmácia,Pro,VendeFácil Estoque,1027.04,Ativo,contato@mundodalopesme.com.br
CUST862,Empório Castro Ltda,90.273.168/0001-63,SP,Ribeirão Preto,Varejo Cultural,Pro,VendeFácil Estoque,1246.75,Ativo,contato@empóriocastrolt.com.br
CUST863,Lojas Aragão Eireli,45.682.071/0001-50,SP,Sorocaba,Alimentação,Pro,VendeFácil Analytics,976.04,Ativo,contato@lojasaragãoeire.com.br
CUST864,Rede Moura Eireli,18.365.902/0001-97,RS,Santa Maria,Supermercado,Pro,VendeFácil Estoque,814.98,Ativo,contato@redemouraeireli.com.br
CUST865,Distribuidora Sá Comercial,28.569.743/0001-04,RJ,Rio de Janeiro,Automotivo,Basic,VendeFácil PDV,301.27,Ativo,contato@distribuidorasá.com.br
CUST866,Atacado Sampaio Comercial,51.968.072/0001-68,PR,Ponta Grossa,Calçados,Pro,VendeFácil Analytics,1369.27,Ativo,contato@atacadosampaioc.com.br
CUST867,Lojas da Paz Eireli,57.621.094/0001-33,PE,Caruaru,Vestuário,Pro,VendeFácil Estoque,1146.85,Ativo,contato@lojasdapazeirel.com.br
CUST868,Comércio de Montenegro S.A.,39.186.045/0001-38,GO,Goiânia,Conveniência,Pro,VendeFácil Loja,1043.5,Ativo,contato@comérciodemonte.com.br
CUST869,Centro de Almeida S.A.,75.482.136/0001-84,SP,Campinas,Cosméticos,Pro,VendeFácil Loja,1403.91,Cancelado,contato@centrodealmeida.com.br
CUST870,Casa do Moreira Eireli,52.409.617/0001-69,PE,Jaboatão dos Guararapes,Construção,Basic,VendeFácil PDV,338.74,Ativo,contato@casadomoreiraei.com.br
CUST871,Comércio de Sales Eireli,23.416.507/0001-26,RJ,Niterói,Conveniência,Basic,VendeFácil PDV,310.81,Ativo,contato@comérciodesales.com.br
CUST872,Centro de Sales S.A.,19.063.574/0001-37,PR,Maringá,Cosméticos,Pro,VendeFácil Analytics,882.49,Ativo,contato@centrodesalessa.com.br
CUST873,Casa do Caldeira Comercial,08.937.256/0001-31,RJ,Rio de Janeiro,Automotivo,Enterprise,VendeFácil Pay,1962.49,Inativo,contato@casadocaldeirac.com.br
CUST874,Comércio de da Rosa Ltda,01.847.659/0001-40,GO,Anápolis,Pet,Pro,VendeFácil Estoque,1235.61,Inativo,contato@comérciodedaros.com.br
CUST875,Mundo da Rios S.A.,50.179.246/0001-40,SC,Joinville,Farmácia,Pro,VendeFácil Estoque,1229.54,Inativo,contato@mundodariossa.com.br
CUST876,Comércio de Castro Comercial,83.104.672/0001-74,SP,Jundiaí,Cosméticos,Pro,VendeFácil Analytics,890.75,Ativo,contato@comérciodecastr.com.br
CUST877,Empório Correia Me,42.057.139/0001-11,PE,Jaboatão dos Guararapes,Pet,Pro,VendeFácil Loja,895.48,Ativo,contato@empóriocorreiam.com.br
CUST878,Lojas Sampaio Ltda,92.750.184/0001-25,RS,Pelotas,Alimentação,Basic,VendeFácil PDV,438.44,Ativo,contato@lojassampaioltd.com.br
CUST879,Atacado Lima Comercial,38.970.251/0001-71,PE,Caruaru,Pet,Pro,VendeFácil Estoque,1244.22,Ativo,contato@atacadolimacome.com.br
CUST880,Comércio de Camargo Ltda,82.769.503/0001-90,RJ,Nova Iguaçu,Cosméticos,Pro,VendeFácil Estoque,1125.78,Ativo,contato@comérciodecamar.com.br
CUST881,Mercado Duarte Eireli,71.623.495/0001-53,BA,Camaçari,Vestuário,Enterprise,VendeFácil Pay,2462.88,Ativo,contato@mercadoduarteei.com.br
CUST882,Rede Macedo S.A.,38.629.104/0001-32,DF,Taguatinga,Vestuário,Pro,VendeFácil Loja,1103.97,Ativo,contato@redemacedosa.com.br
CUST883,Centro de Rocha Ltda,52.093.761/0001-39,GO,Goiânia,Pet,Basic,VendeFácil PDV,308.01,Ativo,contato@centroderochalt.com.br
CUST884,Comércio de Moreira Ltda,19.236.407/0001-40,BA,Camaçari,Automotivo,Enterprise,VendeFácil Estoque,3214.07,Ativo,contato@comérciodemorei.com.br
CUST885,Empório Cavalcante Me,15.329.470/0001-70,CE,Fortaleza,Calçados,Enterprise,VendeFácil Estoque,2550.59,Ativo,contato@empóriocavalcan.com.br
CUST886,Casa do da Conceição Comercial,67.495.823/0001-06,RS,Porto Alegre,Supermercado,Pro,VendeFácil Analytics,1351.78,Ativo,contato@casadodaconceiç.com.br
CUST887,Mundo da Guerra S.A.,57.634.218/0001-15,DF,Brasília,Automotivo,Pro,VendeFácil Analytics,1428.88,Inativo,contato@mundodaguerrasa.com.br
CUST888,Mundo da Caldeira Me,14.739.506/0001-21,SC,Chapecó,Calçados,Enterprise,VendeFácil Estoque,1902.18,Ativo,contato@mundodacaldeira.com.br
CUST889,Rede Sousa Comercial,01.759.832/0001-59,CE,Fortaleza,Construção,Pro,VendeFácil Analytics,1414.67,Ativo,contato@redesousacomerc.com.br
CUST890,Mercado Rocha Comercial,52.476.098/0001-51,GO,Aparecida de Goiânia,Conveniência,Basic,VendeFácil PDV,424.09,Ativo,contato@mercadorochacom.com.br
CUST891,Mercado Sá Me,87.912.345/0001-08,ES,Serra,Supermercado,Basic,VendeFácil PDV,376.59,Ativo,contato@mercadosáme.com.br
CUST892,Comércio de da Luz S.A.,85.067.391/0001-14,SC,Joinville,Conveniência,Enterprise,VendeFácil Pay,2786.82,Ativo,contato@comérciodedaluz.com.br
CUST893,Rede Machado S.A.,56.730.912/0001-73,SC,Joinville,Eletrônicos,Basic,VendeFácil PDV,429.81,Ativo,contato@redemachadosa.com.br
CUST894,Mundo da Ribeiro Me,42.731.865/0001-78,DF,Taguatinga,Varejo Cultural,Pro,VendeFácil Loja,1428.55,Ativo,contato@mundodaribeirom.com.br
CUST895,Distribuidora Teixeira Eireli,17.834.905/0001-60,MG,Uberlândia,Varejo Cultural,Pro,VendeFácil Loja,1116.69,Ativo,contato@distribuidorate.com.br
CUST896,Distribuidora da Luz S.A.,76.582.903/0001-90,DF,Ceilândia,Automotivo,Enterprise,VendeFácil Pay,2315.4,Ativo,contato@distribuidorada.com.br
CUST897,Distribuidora Pastor Ltda,02.587.496/0001-77,PE,Recife,Farmácia,Pro,VendeFácil Analytics,1523.46,Ativo,contato@distribuidorapa.com.br
CUST898,Comércio de Fernandes Comercial,61.927.350/0001-92,RJ,Petrópolis,Farmácia,Enterprise,VendeFácil Estoque,2136.73,Ativo,contato@comérciodeferna.com.br
CUST899,Lojas Ribeiro Eireli,39.852.406/0001-38,ES,Vitória,Construção,Pro,VendeFácil Analytics,1577.18,Ativo,contato@lojasribeiroeir.com.br
CUST900,Distribuidora Azevedo Ltda,41.580.927/0001-25,SC,Chapecó,Automotivo,Enterprise,VendeFácil Estoque,2931.5,Ativo,contato@distribuidoraaz.com.br
CUST901,Empório Marques Eireli,68.920.351/0001-54,RS,Santa Maria,Conveniência,Pro,VendeFácil Loja,1088.18,Ativo,contato@empóriomarquese.com.br
CUST902,Atacado Garcia S.A.,96.540.372/0001-80,GO,Rio Verde,Automotivo,Pro,VendeFácil Loja,1197.08,Inativo,contato@atacadogarciasa.com.br
CUST903,Mercado Rocha S.A.,35.748.216/0001-14,PR,Londrina,Automotivo,Pro,VendeFácil Loja,1479.51,Ativo,contato@mercadorochasa.com.br
CUST904,Centro de da Rosa Me,56.379.018/0001-09,SC,Blumenau,Automotivo,Pro,VendeFácil Estoque,1152.11,Ativo,contato@centrodedarosam.com.br
CUST905,Lojas da Luz S.A.,04.671.892/0001-03,RJ,Niterói,Calçados,Enterprise,VendeFácil Estoque,3347.54,Ativo,contato@lojasdaluzsa.com.br
CUST906,Lojas Pacheco S.A.,15.407.839/0001-16,SP,São Paulo,Varejo Cultural,Enterprise,VendeFácil Pay,1977.06,Ativo,contato@lojaspachecosa.com.br
CUST907,Casa do Costela Comercial,51.472.390/0001-33,CE,Fortaleza,Conveniência,Pro,VendeFácil Loja,1484.62,Ativo,contato@casadocostelaco.com.br
CUST908,Casa do Leão S.A.,64.758.102/0001-53,RJ,Campos dos Goytacazes,Construção,Basic,VendeFácil PDV,484.09,Ativo,contato@casadoleãosa.com.br
CUST909,Centro de Santos Me,82.715.394/0001-29,PE,Olinda,Alimentação,Basic,VendeFácil PDV,494.03,Ativo,contato@centrodesantosm.com.br
CUST910,Rede Nascimento S.A.,96.041.237/0001-90,ES,Serra,Automotivo,Pro,VendeFácil Loja,1478.72,Ativo,contato@redenascimentos.com.br
CUST911,Mercado da Costa S.A.,24.639.017/0001-51,GO,Rio Verde,Varejo Cultural,Enterprise,VendeFácil Estoque,2079.7,Ativo,contato@mercadodacostas.com.br
CUST912,Casa do da Mata Me,42.957.130/0001-67,ES,Vitória,Construção,Basic,VendeFácil PDV,380.33,Ativo,contato@casadodamatame.com.br
CUST913,Comércio de Camargo Me,23.019.845/0001-24,SP,Santos,Supermercado,Enterprise,VendeFácil Pay,2697.84,Ativo,contato@comérciodecamar.com.br
CUST914,Distribuidora Lopes Comercial,60.312.984/0001-78,RS,Porto Alegre,Farmácia,Enterprise,VendeFácil Pay,2989.23,Ativo,contato@distribuidoralo.com.br
CUST915,Mercado Vieira Me,48.250.369/0001-89,BA,Feira de Santana,Automotivo,Pro,VendeFácil Loja,1222.22,Ativo,contato@mercadovieirame.com.br
CUST916,Atacado Barros Me,54.132.069/0001-06,BA,Feira de Santana,Calçados,Pro,VendeFácil Analytics,1127.22,Ativo,contato@atacadobarrosme.com.br
CUST917,Casa do Carvalho Eireli,31.845.627/0001-77,SC,Blumenau,Automotivo,Enterprise,VendeFácil Pay,1922.64,Ativo,contato@casadocarvalhoe.com.br
CUST918,Mundo da Borges S.A.,31.524.987/0001-77,PE,Olinda,Alimentação,Enterprise,VendeFácil Estoque,3452.58,Ativo,contato@mundodaborgessa.com.br
CUST919,Centro de Cunha Me,21.987.346/0001-03,GO,Goiânia,Alimentação,Pro,VendeFácil Estoque,947.1,Cancelado,contato@centrodecunhame.com.br
CUST920,Mundo da Pastor S.A.,07.589.231/0001-21,SP,Bauru,Farmácia,Basic,VendeFácil PDV,381.89,Inativo,contato@mundodapastorsa.com.br
CUST921,Lojas Rodrigues Eireli,34.279.680/0001-46,CE,Sobral,Calçados,Enterprise,VendeFácil Pay,2857.34,Ativo,contato@lojasrodriguese.com.br
CUST922,Rede Ramos Me,90.856.123/0001-11,PR,Cascavel,Automotivo,Basic,VendeFácil PDV,464.56,Ativo,contato@rederamosme.com.br
CUST923,Atacado Gomes Eireli,45.197.360/0001-63,PE,Caruaru,Vestuário,Basic,VendeFácil PDV,458.24,Ativo,contato@atacadogomeseir.com.br
CUST924,Comércio de Gonçalves Ltda,49.167.250/0001-00,SP,Sorocaba,Pet,Pro,VendeFácil Estoque,1069.73,Ativo,contato@comérciodegonça.com.br
CUST925,Casa do Macedo Comercial,56.027.348/0001-27,SP,Sorocaba,Automotivo,Basic,VendeFácil PDV,419.78,Ativo,contato@casadomacedocom.com.br
CUST926,Distribuidora Jesus Me,56.187.209/0001-60,BA,Vitória da Conquista,Conveniência,Enterprise,VendeFácil Estoque,2661.67,Ativo,contato@distribuidoraje.com.br
CUST927,Casa do Leão S.A.,98.537.042/0001-60,CE,Fortaleza,Construção,Pro,VendeFácil Estoque,1128.08,Ativo,contato@casadoleãosa.com.br
CUST928,Empório Ramos Ltda,27.903.184/0001-56,SC,Joinville,Supermercado,Pro,VendeFácil Loja,1052.81,Ativo,contato@empórioramosltd.com.br
CUST929,Lojas Oliveira Ltda,19.284.635/0001-96,PR,Maringá,Eletrônicos,Enterprise,VendeFácil Estoque,3398.11,Ativo,contato@lojasoliveiralt.com.br
CUST930,Atacado Machado Me,72.415.986/0001-71,GO,Aparecida de Goiânia,Eletrônicos,Pro,VendeFácil Loja,1410.71,Ativo,contato@atacadomachadom.com.br
CUST931,Mercado Costa S.A.,16.593.780/0001-60,ES,Serra,Farmácia,Enterprise,VendeFácil Pay,2612.07,Ativo,contato@mercadocostasa.com.br
CUST932,Lojas Almeida Ltda,83.197.250/0001-90,CE,Juazeiro do Norte,Varejo Cultural,Pro,VendeFácil Analytics,1159.0,Inativo,contato@lojasalmeidaltd.com.br
CUST933,Centro de Guerra Comercial,96.410.287/0001-05,RS,Caxias do Sul,Eletrônicos,Pro,VendeFácil Estoque,1290.52,Ativo,contato@centrodeguerrac.com.br
CUST934,Lojas Campos Ltda,08.673.594/0001-03,DF,Brasília,Pet,Pro,VendeFácil Analytics,1537.02,Ativo,contato@lojascamposltda.com.br
CUST935,Rede Silva Comercial,39.425.870/0001-48,PE,Olinda,Construção,Enterprise,VendeFácil Estoque,2480.11,Ativo,contato@redesilvacomerc.com.br
CUST936,Comércio de Lopes S.A.,39.456.180/0001-56,SC,Joinville,Calçados,Pro,VendeFácil Loja,820.13,Ativo,contato@comérciodelopes.com.br
CUST937,Distribuidora Jesus Eireli,20.491.738/0001-06,DF,Taguatinga,Calçados,Pro,VendeFácil Estoque,949.83,Ativo,contato@distribuidoraje.com.br
CUST938,Mercado Freitas S.A.,97.103.825/0001-73,DF,Brasília,Farmácia,Basic,VendeFácil PDV,454.94,Ativo,contato@mercadofreitass.com.br
CUST939,Atacado Gonçalves Ltda,36.854.209/0001-60,SP,São Paulo,Conveniência,Enterprise,VendeFácil Pay,2630.45,Ativo,contato@atacadogonçalve.com.br
CUST940,Rede Novais S.A.,09.513.287/0001-28,SP,Sorocaba,Conveniência,Basic,VendeFácil PDV,450.91,Ativo,contato@redenovaissa.com.br
CUST941,Atacado da Cunha Comercial,86.435.217/0001-40,GO,Aparecida de Goiânia,Alimentação,Enterprise,VendeFácil Estoque,2462.45,Ativo,contato@atacadodacunhac.com.br
CUST942,Centro de Aparecida Comercial,92.417.386/0001-50,SC,Blumenau,Alimentação,Enterprise,VendeFácil Pay,2893.12,Ativo,contato@centrodeapareci.com.br
CUST943,Atacado Cardoso S.A.,15.692.084/0001-49,SP,Campinas,Cosméticos,Basic,VendeFácil PDV,405.77,Ativo,contato@atacadocardosos.com.br
CUST944,Casa do Cardoso Me,74.532.986/0001-87,CE,Fortaleza,Calçados,Basic,VendeFácil PDV,484.85,Inativo,contato@casadocardosome.com.br
CUST945,Empório Dias Eireli,62.573.190/0001-93,DF,Taguatinga,Automotivo,Enterprise,VendeFácil Estoque,3432.4,Ativo,contato@empóriodiaseire.com.br
CUST946,Empório Correia Ltda,20.318.795/0001-98,BA,Feira de Santana,Eletrônicos,Pro,VendeFácil Estoque,1014.93,Ativo,contato@empóriocorreial.com.br
CUST947,Atacado Santos Comercial,76.130.824/0001-48,PE,Recife,Eletrônicos,Pro,VendeFácil Estoque,1072.28,Ativo,contato@atacadosantosco.com.br
CUST948,Casa do Novais Comercial,79.805.164/0001-46,DF,Brasília,Farmácia,Pro,VendeFácil Loja,1145.6,Ativo,contato@casadonovaiscom.com.br
CUST949,Mundo da Borges S.A.,34.261.879/0001-47,DF,Ceilândia,Conveniência,Pro,VendeFácil Analytics,1019.41,Ativo,contato@mundodaborgessa.com.br
CUST950,Casa do Ribeiro Ltda,93.046.187/0001-45,SP,Jundiaí,Conveniência,Pro,VendeFácil Loja,925.51,Cancelado,contato@casadoribeirolt.com.br
CUST951,Mundo da da Cruz Eireli,71.502.638/0001-79,BA,Camaçari,Eletrônicos,Enterprise,VendeFácil Estoque,2982.43,Ativo,contato@mundodadacruzei.com.br
CUST952,Empório Pastor S.A.,15.206.349/0001-51,DF,Brasília,Calçados,Pro,VendeFácil Estoque,792.06,Cancelado,contato@empóriopastorsa.com.br
CUST953,Atacado Pires Comercial,40.587.931/0001-52,GO,Rio Verde,Farmácia,Pro,VendeFácil Estoque,1294.77,Ativo,contato@atacadopirescom.com.br
CUST954,Mundo da Siqueira Eireli,92.360.845/0001-06,GO,Anápolis,Conveniência,Pro,VendeFácil Analytics,1117.07,Ativo,contato@mundodasiqueira.com.br
CUST955,Casa do Souza S.A.,18.603.297/0001-45,CE,Juazeiro do Norte,Alimentação,Pro,VendeFácil Analytics,931.03,Ativo,contato@casadosouzasa.com.br
CUST956,Casa do Vargas Ltda,61.098.534/0001-97,ES,Vila Velha,Supermercado,Basic,VendeFácil PDV,447.56,Ativo,contato@casadovargasltd.com.br
CUST957,Rede da Paz Ltda,21.436.985/0001-72,RJ,Volta Redonda,Cosméticos,Enterprise,VendeFácil Estoque,2423.13,Ativo,contato@rededapazltda.com.br
CUST958,Centro de Rios Me,15.376.849/0001-31,SP,Jundiaí,Automotivo,Pro,VendeFácil Estoque,940.82,Ativo,contato@centroderiosme.com.br
CUST959,Mundo da Nunes Ltda,96.183.275/0001-87,CE,Juazeiro do Norte,Eletrônicos,Enterprise,VendeFácil Pay,1824.74,Ativo,contato@mundodanunesltd.com.br
CUST960,Lojas Pires Comercial,61.042.385/0001-44,BA,Camaçari,Varejo Cultural,Pro,VendeFácil Analytics,1181.92,Ativo,contato@lojaspirescomer.com.br
CUST961,Mundo da Rodrigues Eireli,27.193.508/0001-00,ES,Serra,Calçados,Pro,VendeFácil Estoque,1069.46,Ativo,contato@mundodarodrigue.com.br
CUST962,Casa do da Rosa Comercial,29.461.735/0001-02,SP,Jundiaí,Conveniência,Enterprise,VendeFácil Pay,2759.52,Ativo,contato@casadodarosacom.com.br
CUST963,Mundo da Nunes Comercial,08.194.637/0001-78,RJ,Campos dos Goytacazes,Supermercado,Pro,VendeFácil Analytics,1047.54,Ativo,contato@mundodanunescom.com.br
CUST964,Lojas Brito Me,74.528.093/0001-68,ES,Serra,Construção,Pro,VendeFácil Loja,843.0,Ativo,contato@lojasbritome.com.br
CUST965,Empório Sousa Me,72.863.041/0001-12,SC,Criciúma,Supermercado,Enterprise,VendeFácil Estoque,2446.01,Ativo,contato@empóriosousame.com.br
CUST966,Atacado Santos Comercial,45.768.321/0001-79,BA,Vitória da Conquista,Supermercado,Enterprise,VendeFácil Estoque,2290.77,Ativo,contato@atacadosantosco.com.br
CUST967,Empório Cirino Ltda,32.154.807/0001-75,SP,Campinas,Construção,Basic,VendeFácil PDV,367.52,Ativo,contato@empóriocirinolt.com.br
CUST968,Casa do Nascimento Comercial,09.687.134/0001-05,PE,Caruaru,Cosméticos,Enterprise,VendeFácil Pay,3061.97,Ativo,contato@casadonasciment.com.br
CUST969,Casa do Sales Ltda,67.489.231/0001-81,MG,Contagem,Pet,Enterprise,VendeFácil Pay,2346.42,Ativo,contato@casadosalesltda.com.br
CUST970,Empório Borges S.A.,29.017.564/0001-19,DF,Taguatinga,Varejo Cultural,Pro,VendeFácil Analytics,1227.08,Ativo,contato@empórioborgessa.com.br
CUST971,Distribuidora Costela Comercial,72.395.410/0001-90,GO,Anápolis,Varejo Cultural,Pro,VendeFácil Analytics,1001.32,Ativo,contato@distribuidoraco.com.br
CUST972,Comércio de da Rosa Comercial,72.930.514/0001-57,RS,Pelotas,Construção,Basic,VendeFácil PDV,359.46,Ativo,contato@comérciodedaros.com.br
CUST973,Distribuidora Sousa Comercial,79.803.416/0001-06,DF,Brasília,Calçados,Enterprise,VendeFácil Pay,1932.63,Ativo,contato@distribuidoraso.com.br
CUST974,Atacado da Rocha Comercial,96.027.531/0001-47,CE,Sobral,Pet,Pro,VendeFácil Estoque,975.76,Ativo,contato@atacadodarochac.com.br
CUST975,Atacado Monteiro Comercial,98.403.572/0001-16,PR,Ponta Grossa,Conveniência,Enterprise,VendeFácil Pay,2238.69,Ativo,contato@atacadomonteiro.com.br
CUST976,Centro de Pastor S.A.,97.350.461/0001-26,CE,Sobral,Conveniência,Enterprise,VendeFácil Pay,2052.84,Ativo,contato@centrodepastors.com.br
CUST977,Casa do Oliveira Me,58.129.340/0001-05,GO,Rio Verde,Vestuário,Enterprise,VendeFácil Estoque,3439.39,Ativo,contato@casadooliveiram.com.br
CUST978,Empório Monteiro Eireli,95.783.016/0001-24,ES,Cariacica,Cosméticos,Enterprise,VendeFácil Estoque,2902.81,Ativo,contato@empóriomonteiro.com.br
CUST979,Mundo da Silveira Eireli,37.591.482/0001-01,RJ,Niterói,Alimentação,Enterprise,VendeFácil Estoque,2996.49,Ativo,contato@mundodasilveira.com.br
CUST980,Atacado Rodrigues S.A.,57.289.346/0001-79,SC,Florianópolis,Conveniência,Pro,VendeFácil Estoque,1299.88,Ativo,contato@atacadorodrigue.com.br
CUST981,Mercado Rezende S.A.,57.241.806/0001-99,PR,Cascavel,Vestuário,Pro,VendeFácil Analytics,1028.86,Ativo,contato@mercadorezendes.com.br
CUST982,Mercado Mendes S.A.,29.314.706/0001-00,PR,Ponta Grossa,Automotivo,Enterprise,VendeFácil Pay,3187.81,Ativo,contato@mercadomendessa.com.br
CUST983,Centro de Monteiro S.A.,43.890.521/0001-74,RJ,Petrópolis,Alimentação,Basic,VendeFácil PDV,351.68,Ativo,contato@centrodemonteir.com.br
CUST984,Distribuidora Fogaça Me,29.067.835/0001-40,ES,Vitória,Calçados,Pro,VendeFácil Analytics,1436.68,Ativo,contato@distribuidorafo.com.br
CUST985,Distribuidora Pinto Eireli,31.972.540/0001-60,GO,Anápolis,Farmácia,Pro,VendeFácil Analytics,1522.58,Ativo,contato@distribuidorapi.com.br
CUST986,Distribuidora Vargas Comercial,84.265.907/0001-72,DF,Taguatinga,Vestuário,Basic,VendeFácil PDV,414.19,Ativo,contato@distribuidorava.com.br
CUST987,Empório Aragão Me,79.104.562/0001-35,ES,Serra,Automotivo,Basic,VendeFácil PDV,347.62,Ativo,contato@empórioaragãome.com.br
CUST988,Lojas Aparecida Ltda,81.250.976/0001-14,GO,Rio Verde,Calçados,Enterprise,VendeFácil Estoque,2277.5,Ativo,contato@lojasaparecidal.com.br
CUST989,Mercado Siqueira Eireli,47.850.129/0001-52,RJ,Niterói,Construção,Pro,VendeFácil Analytics,1156.28,Inativo,contato@mercadosiqueira.com.br
CUST990,Comércio de Carvalho Me,13.780.964/0001-41,CE,Juazeiro do Norte,Calçados,Basic,VendeFácil PDV,363.3,Ativo,contato@comérciodecarva.com.br
CUST991,Rede da Paz Ltda,82.196.354/0001-18,RJ,Petrópolis,Automotivo,Enterprise,VendeFácil Estoque,2488.38,Ativo,contato@rededapazltda.com.br
CUST992,Atacado Rios Me,32.671.594/0001-59,DF,Brasília,Calçados,Enterprise,VendeFácil Estoque,2283.48,Ativo,contato@atacadoriosme.com.br
CUST993,Mundo da Jesus Me,78.503.162/0001-30,ES,Vitória,Eletrônicos,Pro,VendeFácil Estoque,1307.47,Ativo,contato@mundodajesusme.com.br
CUST994,Casa do Moreira Me,19.523.870/0001-73,PR,Curitiba,Vestuário,Pro,VendeFácil Loja,947.27,Inativo,contato@casadomoreirame.com.br
CUST995,Casa do Gonçalves Eireli,02.956.481/0001-39,ES,Cariacica,Supermercado,Pro,VendeFácil Loja,1406.51,Ativo,contato@casadogonçalves.com.br
CUST996,Distribuidora Guerra S.A.,84.520.619/0001-17,DF,Águas Claras,Varejo Cultural,Enterprise,VendeFácil Estoque,2575.79,Inativo,contato@distribuidoragu.com.br
CUST997,Centro de Guerra Me,73.952.814/0001-08,DF,Ceilândia,Eletrônicos,Basic,VendeFácil PDV,370.37,Ativo,contato@centrodeguerram.com.br
CUST998,Lojas Barros Ltda,08.537.129/0001-45,PE,Recife,Supermercado,Enterprise,VendeFácil Estoque,2926.55,Ativo,contato@lojasbarrosltda.com.br
CUST999,Lojas Borges S.A.,89.472.103/0001-68,BA,Feira de Santana,Conveniência,Pro,VendeFácil Loja,1019.61,Ativo,contato@lojasborgessa.com.br
CUST1000,Casa do Vieira Eireli,84.362.705/0001-49,CE,Caucaia,Cosméticos,Enterprise,VendeFácil Estoque,2556.51,Inativo,contato@casadovieiraeir.com.br
CUST1001,Atacado Araújo S.A.,54.906.731/0001-20,DF,Taguatinga,Construção,Pro,VendeFácil Estoque,1196.85,Ativo,contato@atacadoaraújosa.com.br
CUST1002,Rede Oliveira S.A.,07.518.463/0001-99,SP,Bauru,Varejo Cultural,Pro,VendeFácil Estoque,1005.77,Ativo,contato@redeoliveirasa.com.br
CUST1003,Distribuidora da Rosa Eireli,42.695.107/0001-41,MG,Belo Horizonte,Eletrônicos,Enterprise,VendeFácil Estoque,2879.21,Ativo,contato@distribuidorada.com.br
CUST1004,Rede Moreira Me,93.580.164/0001-16,RS,Pelotas,Calçados,Pro,VendeFácil Estoque,782.36,Ativo,contato@redemoreirame.com.br
CUST1005,Centro de Barros Eireli,10.693.758/0001-06,RJ,Rio de Janeiro,Varejo Cultural,Pro,VendeFácil Estoque,1365.71,Ativo,contato@centrodebarrose.com.br
CUST1006,Atacado Freitas Me,86.972.435/0001-13,PE,Caruaru,Farmácia,Pro,VendeFácil Estoque,1213.82,Ativo,contato@atacadofreitasm.com.br
CUST1007,Comércio de Lima Me,79.681.543/0001-71,DF,Águas Claras,Pet,Pro,VendeFácil Estoque,1030.35,Ativo,contato@comérciodelimam.com.br
CUST1008,Atacado Silva Me,72.159.340/0001-70,DF,Taguatinga,Pet,Pro,VendeFácil Estoque,1015.54,Ativo,contato@atacadosilvame.com.br
CUST1009,Casa do Souza Ltda,28.504.367/0001-61,RS,Santa Maria,Automotivo,Pro,VendeFácil Estoque,990.26,Ativo,contato@casadosouzaltda.com.br
CUST1010,Comércio de Freitas Eireli,94.081.725/0001-03,MG,Ipatinga,Alimentação,Pro,VendeFácil Loja,1482.08,Ativo,contato@comérciodefreit.com.br
CUST1011,Mercado Freitas Ltda,49.701.536/0001-23,DF,Águas Claras,Calçados,Enterprise,VendeFácil Pay,2158.72,Ativo,contato@mercadofreitasl.com.br
CUST1012,Rede das Neves Ltda,43.265.809/0001-58,SC,Joinville,Automotivo,Pro,VendeFácil Loja,1497.72,Inativo,contato@rededasnevesltd.com.br
CUST1013,Empório Novaes S.A.,51.036.429/0001-70,MG,Ouro Preto,Eletrônicos,Enterprise,VendeFácil Pay,2333.31,Cancelado,contato@empórionovaessa.com.br
CUST1014,Empório Machado Eireli,56.789.410/0001-18,CE,Fortaleza,Cosméticos,Pro,VendeFácil Estoque,919.19,Ativo,contato@empóriomachadoe.com.br
CUST1015,Distribuidora Montenegro Me,79.815.204/0001-30,RJ,Rio de Janeiro,Varejo Cultural,Enterprise,VendeFácil Estoque,2748.68,Ativo,contato@distribuidoramo.com.br
CUST1016,Atacado Rios Me,96.813.204/0001-10,MG,Juiz de Fora,Automotivo,Pro,VendeFácil Loja,1323.48,Inativo,contato@atacadoriosme.com.br
CUST1017,Casa do Macedo S.A.,41.250.973/0001-66,GO,Anápolis,Eletrônicos,Pro,VendeFácil Loja,1105.04,Ativo,contato@casadomacedosa.com.br
CUST1018,Mercado Ramos Eireli,18.974.502/0001-89,CE,Sobral,Supermercado,Pro,VendeFácil Estoque,846.6,Ativo,contato@mercadoramoseir.com.br
CUST1019,Casa do Moreira Ltda,37.085.416/0001-60,PR,Londrina,Calçados,Pro,VendeFácil Analytics,1177.32,Cancelado,contato@casadomoreiralt.com.br
CUST1020,Lojas da Mota Ltda,39.704.521/0001-65,PE,Olinda,Calçados,Enterprise,VendeFácil Pay,2479.28,Ativo,contato@lojasdamotaltda.com.br
CUST1021,Centro de Pastor Me,07.923.158/0001-82,SC,Florianópolis,Vestuário,Pro,VendeFácil Loja,926.46,Ativo,contato@centrodepastorm.com.br
CUST1022,Mundo da Moura Ltda,56.408.913/0001-04,GO,Aparecida de Goiânia,Cosméticos,Basic,VendeFácil PDV,405.2,Ativo,contato@mundodamouraltd.com.br
CUST1023,Distribuidora Casa Grande Eireli,24.179.360/0001-60,RS,Canoas,Conveniência,Basic,VendeFácil PDV,477.47,Ativo,contato@distribuidoraca.com.br
CUST1024,Casa do Pimenta Eireli,52.097.836/0001-50,SC,Criciúma,Farmácia,Pro,VendeFácil Loja,907.64,Ativo,contato@casadopimentaei.com.br
CUST1025,Rede Dias Eireli,26.593.047/0001-08,ES,Serra,Cosméticos,Enterprise,VendeFácil Estoque,1909.29,Cancelado,contato@redediaseireli.com.br
CUST1026,Atacado da Costa Me,93.746.801/0001-81,SC,Criciúma,Alimentação,Pro,VendeFácil Estoque,1311.13,Ativo,contato@atacadodacostam.com.br
CUST1027,Lojas Araújo S.A.,57.603.892/0001-32,MG,Uberlândia,Eletrônicos,Enterprise,VendeFácil Pay,2333.95,Ativo,contato@lojasaraújosa.com.br
CUST1028,Atacado da Conceição S.A.,04.178.623/0001-00,BA,Salvador,Supermercado,Pro,VendeFácil Estoque,855.91,Ativo,contato@atacadodaconcei.com.br
CUST1029,Rede Jesus S.A.,71.368.250/0001-27,SP,Sorocaba,Automotivo,Pro,VendeFácil Analytics,1401.92,Inativo,contato@redejesussa.com.br
CUST1030,Mundo da Nascimento Eireli,68.709.324/0001-37,SC,Florianópolis,Varejo Cultural,Enterprise,VendeFácil Pay,2079.82,Ativo,contato@mundodanascimen.com.br
CUST1031,Empório Cavalcante Comercial,09.724.631/0001-28,PR,Cascavel,Cosméticos,Pro,VendeFácil Analytics,917.67,Ativo,contato@empóriocavalcan.com.br
CUST1032,Casa do Pires S.A.,38.401.765/0001-06,RJ,Volta Redonda,Conveniência,Pro,VendeFácil Analytics,919.71,Ativo,contato@casadopiressa.com.br
CUST1033,Atacado Borges Eireli,61.254.730/0001-03,ES,Vila Velha,Automotivo,Enterprise,VendeFácil Pay,2681.38,Ativo,contato@atacadoborgesei.com.br
CUST1034,Atacado Pimenta S.A.,85.972.360/0001-08,BA,Salvador,Automotivo,Pro,VendeFácil Loja,904.02,Ativo,contato@atacadopimentas.com.br
CUST1035,Mercado Ribeiro Comercial,59.374.208/0001-13,CE,Sobral,Construção,Enterprise,VendeFácil Pay,1866.82,Ativo,contato@mercadoribeiroc.com.br
CUST1036,Atacado Carvalho Me,07.985.132/0001-69,SP,Bauru,Pet,Basic,VendeFácil PDV,392.93,Ativo,contato@atacadocarvalho.com.br
CUST1037,Casa do Sampaio S.A.,76.185.042/0001-06,PR,Cascavel,Farmácia,Enterprise,VendeFácil Pay,1822.78,Ativo,contato@casadosampaiosa.com.br
CUST1038,Empório Macedo Comercial,15.674.230/0001-03,RJ,Volta Redonda,Supermercado,Basic,VendeFácil PDV,383.25,Ativo,contato@empóriomacedoco.com.br
CUST1039,Lojas Vargas S.A.,01.728.394/0001-61,DF,Águas Claras,Conveniência,Pro,VendeFácil Analytics,1317.86,Ativo,contato@lojasvargassa.com.br
CUST1040,Mundo da Souza Comercial,04.519.823/0001-89,RJ,Rio de Janeiro,Calçados,Enterprise,VendeFácil Pay,2163.04,Ativo,contato@mundodasouzacom.com.br
CUST1041,Casa do Câmara Eireli,37.502.916/0001-50,MG,Belo Horizonte,Pet,Basic,VendeFácil PDV,302.66,Ativo,contato@casadocâmaraeir.com.br
CUST1042,Mundo da Costa Me,61.479.382/0001-72,ES,Cariacica,Construção,Enterprise,VendeFácil Pay,2938.39,Ativo,contato@mundodacostame.com.br
CUST1043,Comércio de Correia Ltda,92.147.053/0001-58,SP,Ribeirão Preto,Alimentação,Basic,VendeFácil PDV,338.16,Ativo,contato@comérciodecorre.com.br
CUST1044,Centro de Nunes S.A.,38.415.029/0001-07,RS,Canoas,Conveniência,Pro,VendeFácil Estoque,1172.33,Ativo,contato@centrodenunessa.com.br
CUST1045,Lojas Novais S.A.,70.659.821/0001-10,SP,Sorocaba,Automotivo,Pro,VendeFácil Estoque,1058.09,Ativo,contato@lojasnovaissa.com.br
CUST1046,Comércio de Jesus S.A.,41.732.905/0001-33,DF,Águas Claras,Automotivo,Pro,VendeFácil Analytics,864.72,Ativo,contato@comérciodejesus.com.br
CUST1047,Mundo da Câmara Eireli,04.683.291/0001-10,PR,Cascavel,Pet,Basic,VendeFácil PDV,366.77,Ativo,contato@mundodacâmaraei.com.br
CUST1048,Rede Correia Eireli,51.098.374/0001-22,PE,Olinda,Supermercado,Pro,VendeFácil Analytics,1149.76,Ativo,contato@redecorreiaeire.com.br
CUST1049,Distribuidora Costa Me,25.408.671/0001-17,RS,Porto Alegre,Eletrônicos,Basic,VendeFácil PDV,384.4,Ativo,contato@distribuidoraco.com.br
CUST1050,Empório Lopes Eireli,05.419.367/0001-68,ES,Cariacica,Automotivo,Basic,VendeFácil PDV,398.96,Inativo,contato@empóriolopeseir.com.br
CUST1051,Empório Aragão Eireli,58.304.976/0001-38,DF,Águas Claras,Supermercado,Pro,VendeFácil Estoque,937.21,Ativo,contato@empórioaragãoei.com.br
CUST1052,Rede Pires Eireli,71.806.324/0001-60,RS,Santa Maria,Vestuário,Enterprise,VendeFácil Pay,3072.7,Ativo,contato@redepireseireli.com.br
CUST1053,Empório Azevedo Eireli,20.789.436/0001-19,RJ,Petrópolis,Calçados,Enterprise,VendeFácil Estoque,2524.59,Ativo,contato@empórioazevedoe.com.br
CUST1054,Casa do Caldeira S.A.,08.923.576/0001-32,RJ,Campos dos Goytacazes,Vestuário,Pro,VendeFácil Loja,1283.49,Ativo,contato@casadocaldeiras.com.br
CUST1055,Casa do Sá Me,63.089.542/0001-00,RJ,Niterói,Alimentação,Enterprise,VendeFácil Pay,2489.06,Ativo,contato@casadosáme.com.br
CUST1056,Atacado Pinto Me,15.034.297/0001-83,RS,Caxias do Sul,Eletrônicos,Basic,VendeFácil PDV,499.85,Ativo,contato@atacadopintome.com.br
CUST1057,Mundo da Caldeira Ltda,01.348.625/0001-01,ES,Vila Velha,Alimentação,Enterprise,VendeFácil Pay,1844.76,Ativo,contato@mundodacaldeira.com.br
CUST1058,Empório Leão Me,79.216.043/0001-69,GO,Aparecida de Goiânia,Farmácia,Enterprise,VendeFácil Pay,2113.73,Ativo,contato@empórioleãome.com.br
CUST1059,Distribuidora das Neves Ltda,96.524.710/0001-90,MG,Ouro Preto,Alimentação,Enterprise,VendeFácil Estoque,3297.91,Ativo,contato@distribuidorada.com.br
CUST1060,Distribuidora Melo Comercial,45.920.718/0001-34,PE,Caruaru,Farmácia,Basic,VendeFácil PDV,456.33,Ativo,contato@distribuidorame.com.br
CUST1061,Empório da Costa S.A.,89.032.145/0001-88,MG,Uberlândia,Alimentação,Enterprise,VendeFácil Estoque,2088.89,Ativo,contato@empóriodacostas.com.br
CUST1062,Distribuidora Costa S.A.,15.387.624/0001-80,DF,Ceilândia,Calçados,Pro,VendeFácil Analytics,1421.47,Ativo,contato@distribuidoraco.com.br
CUST1063,Mundo da Nunes Ltda,54.621.038/0001-00,ES,Serra,Varejo Cultural,Pro,VendeFácil Estoque,829.94,Ativo,contato@mundodanunesltd.com.br
CUST1064,Empório Monteiro Eireli,30.951.768/0001-01,RS,Canoas,Varejo Cultural,Pro,VendeFácil Loja,1153.52,Ativo,contato@empóriomonteiro.com.br
CUST1065,Mundo da Mendes Eireli,56.371.024/0001-01,SC,Joinville,Alimentação,Enterprise,VendeFácil Pay,2390.41,Ativo,contato@mundodamendesei.com.br
CUST1066,Lojas Barbosa Ltda,50.172.369/0001-50,BA,Camaçari,Eletrônicos,Enterprise,VendeFácil Estoque,2478.84,Ativo,contato@lojasbarbosaltd.com.br
CUST1067,Lojas Pacheco Eireli,50.816.297/0001-36,DF,Brasília,Farmácia,Pro,VendeFácil Loja,1020.36,Cancelado,contato@lojaspachecoeir.com.br
CUST1068,Rede da Luz Ltda,25.316.087/0001-31,MG,Uberaba,Supermercado,Enterprise,VendeFácil Estoque,3376.03,Ativo,contato@rededaluzltda.com.br
CUST1069,Atacado Brito Me,02.659.813/0001-13,ES,Serra,Pet,Pro,VendeFácil Analytics,1514.34,Ativo,contato@atacadobritome.com.br
CUST1070,Mundo da Marques Eireli,35.871.492/0001-75,SC,Florianópolis,Construção,Enterprise,VendeFácil Pay,2654.56,Ativo,contato@mundodamarquese.com.br
CUST1071,Empório Azevedo Eireli,12.869.537/0001-71,ES,Vila Velha,Eletrônicos,Enterprise,VendeFácil Pay,2903.68,Ativo,contato@empórioazevedoe.com.br
CUST1072,Lojas Freitas Comercial,56.304.912/0001-01,RS,Pelotas,Farmácia,Basic,VendeFácil PDV,407.49,Ativo,contato@lojasfreitascom.com.br
CUST1073,Empório da Rocha S.A.,25.308.914/0001-45,CE,Juazeiro do Norte,Vestuário,Basic,VendeFácil PDV,402.33,Ativo,contato@empóriodarochas.com.br
CUST1074,Atacado Pacheco Eireli,73.168.405/0001-07,MG,Belo Horizonte,Eletrônicos,Enterprise,VendeFácil Pay,2162.17,Ativo,contato@atacadopachecoe.com.br
CUST1075,Centro de Moraes Me,68.534.917/0001-00,CE,Fortaleza,Calçados,Basic,VendeFácil PDV,468.32,Ativo,contato@centrodemoraesm.com.br
CUST1076,Mercado Silva Eireli,58.793.624/0001-93,SP,São Paulo,Conveniência,Basic,VendeFácil PDV,389.75,Ativo,contato@mercadosilvaeir.com.br
CUST1077,Centro de Guerra Comercial,90.316.754/0001-48,SC,Joinville,Calçados,Enterprise,VendeFácil Pay,2591.84,Inativo,contato@centrodeguerrac.com.br
CUST1078,Rede Cunha S.A.,46.891.273/0001-74,RS,Pelotas,Construção,Pro,VendeFácil Loja,1266.85,Ativo,contato@redecunhasa.com.br
CUST1079,Rede Barros S.A.,21.437.985/0001-97,DF,Águas Claras,Eletrônicos,Enterprise,VendeFácil Estoque,2296.21,Ativo,contato@redebarrossa.com.br
CUST1080,Distribuidora Aparecida Ltda,78.536.941/0001-31,SC,Chapecó,Farmácia,Pro,VendeFácil Estoque,1212.57,Ativo,contato@distribuidoraap.com.br
CUST1081,Centro de Freitas Eireli,75.430.168/0001-36,MG,Uberaba,Alimentação,Pro,VendeFácil Analytics,1011.09,Ativo,contato@centrodefreitas.com.br
CUST1082,Casa do da Luz Eireli,15.924.807/0001-98,GO,Rio Verde,Construção,Enterprise,VendeFácil Pay,2498.36,Ativo,contato@casadodaluzeire.com.br
CUST1083,Casa do da Conceição S.A.,19.820.473/0001-63,DF,Águas Claras,Alimentação,Pro,VendeFácil Estoque,1078.76,Ativo,contato@casadodaconceiç.com.br
CUST1084,Lojas Costa Comercial,54.896.217/0001-50,DF,Brasília,Calçados,Pro,VendeFácil Estoque,1046.03,Ativo,contato@lojascostacomer.com.br
CUST1085,Atacado Pereira Ltda,28.409.571/0001-01,SC,Florianópolis,Cosméticos,Pro,VendeFácil Analytics,932.75,Ativo,contato@atacadopereiral.com.br
CUST1086,Atacado Guerra Eireli,90.754.138/0001-79,CE,Caucaia,Farmácia,Pro,VendeFácil Loja,1013.45,Ativo,contato@atacadoguerraei.com.br
CUST1087,Atacado da Conceição Me,37.946.582/0001-03,MG,Juiz de Fora,Alimentação,Enterprise,VendeFácil Pay,2390.46,Inativo,contato@atacadodaconcei.com.br
CUST1088,Distribuidora Martins Ltda,51.968.340/0001-41,RS,Caxias do Sul,Calçados,Pro,VendeFácil Analytics,851.56,Ativo,contato@distribuidorama.com.br
CUST1089,Mundo da Macedo Eireli,78.021.453/0001-91,BA,Camaçari,Cosméticos,Pro,VendeFácil Loja,1196.03,Inativo,contato@mundodamacedoei.com.br
CUST1090,Casa do Sousa S.A.,07.521.346/0001-84,DF,Taguatinga,Alimentação,Enterprise,VendeFácil Pay,2691.04,Ativo,contato@casadosousasa.com.br
CUST1091,Comércio de Sá Eireli,68.427.053/0001-27,DF,Ceilândia,Farmácia,Enterprise,VendeFácil Pay,2730.3,Ativo,contato@comérciodesáeir.com.br
CUST1092,Distribuidora Cassiano S.A.,56.813.094/0001-72,SC,Criciúma,Supermercado,Enterprise,VendeFácil Estoque,3324.07,Ativo,contato@distribuidoraca.com.br
CUST1093,Centro de Melo Ltda,15.782.094/0001-75,DF,Brasília,Cosméticos,Enterprise,VendeFácil Estoque,3173.85,Ativo,contato@centrodemeloltd.com.br
CUST1094,Rede Rocha Comercial,82.065.437/0001-78,ES,Vitória,Vestuário,Enterprise,VendeFácil Pay,2558.57,Ativo,contato@rederochacomerc.com.br
CUST1095,Lojas Cirino Ltda,31.628.579/0001-65,RS,Canoas,Eletrônicos,Basic,VendeFácil PDV,324.06,Inativo,contato@lojascirinoltda.com.br
CUST1096,Distribuidora Moura Comercial,17.024.893/0001-08,PR,Londrina,Vestuário,Enterprise,VendeFácil Estoque,3242.27,Ativo,contato@distribuidoramo.com.br
CUST1097,Mercado Jesus Me,62.174.358/0001-98,GO,Anápolis,Pet,Enterprise,VendeFácil Pay,1862.98,Inativo,contato@mercadojesusme.com.br
CUST1098,Atacado Azevedo Ltda,63.291.784/0001-74,BA,Feira de Santana,Pet,Basic,VendeFácil PDV,471.93,Ativo,contato@atacadoazevedol.com.br
CUST1099,Distribuidora Rios S.A.,72.491.635/0001-40,SP,Campinas,Eletrônicos,Pro,VendeFácil Estoque,935.48,Ativo,contato@distribuidorari.com.br
CUST1100,Lojas Costa Ltda,02.793.418/0001-29,PR,Ponta Grossa,Conveniência,Pro,VendeFácil Estoque,788.29,Cancelado,contato@lojascostaltda.com.br
CUST1101,Empório Farias Me,97.834.051/0001-50,DF,Brasília,Construção,Pro,VendeFácil Analytics,924.06,Ativo,contato@empóriofariasme.com.br
CUST1102,Comércio de Ramos Eireli,75.439.160/0001-30,BA,Salvador,Supermercado,Pro,VendeFácil Estoque,905.75,Ativo,contato@comércioderamos.com.br
CUST1103,Mundo da Cavalcanti Ltda,96.735.104/0001-13,CE,Sobral,Farmácia,Pro,VendeFácil Loja,842.44,Ativo,contato@mundodacavalcan.com.br
CUST1104,Atacado Sampaio Comercial,03.275.468/0001-87,PE,Recife,Pet,Enterprise,VendeFácil Estoque,2273.98,Inativo,contato@atacadosampaioc.com.br
CUST1105,Rede Azevedo Eireli,37.684.025/0001-61,GO,Goiânia,Vestuário,Enterprise,VendeFácil Pay,2712.17,Ativo,contato@redeazevedoeire.com.br
CUST1106,Empório Sá Comercial,18.536.920/0001-94,PE,Recife,Conveniência,Enterprise,VendeFácil Pay,2084.84,Cancelado,contato@empóriosácomerc.com.br
CUST1107,Mercado Montenegro Ltda,07.985.341/0001-02,RJ,Niterói,Eletrônicos,Pro,VendeFácil Analytics,1571.01,Ativo,contato@mercadomonteneg.com.br
CUST1108,Casa do Souza Me,63.907.254/0001-08,PE,Olinda,Conveniência,Pro,VendeFácil Estoque,750.35,Inativo,contato@casadosouzame.com.br
CUST1109,Comércio de Carvalho Comercial,57.830.912/0001-08,GO,Anápolis,Conveniência,Pro,VendeFácil Analytics,1599.43,Ativo,contato@comérciodecarva.com.br
CUST1110,Atacado Macedo Ltda,27.461.509/0001-98,CE,Juazeiro do Norte,Supermercado,Pro,VendeFácil Estoque,1230.47,Ativo,contato@atacadomacedolt.com.br
CUST1111,Mundo da Brito S.A.,24.185.370/0001-09,BA,Salvador,Alimentação,Enterprise,VendeFácil Estoque,2790.37,Ativo,contato@mundodabritosa.com.br
CUST1112,Casa do Rios Me,04.237.185/0001-03,GO,Anápolis,Conveniência,Pro,VendeFácil Loja,1244.62,Cancelado,contato@casadoriosme.com.br
CUST1113,Mercado Andrade S.A.,83.750.461/0001-09,RS,Pelotas,Varejo Cultural,Pro,VendeFácil Estoque,1048.87,Ativo,contato@mercadoandrades.com.br
CUST1114,Lojas Sales Eireli,47.098.536/0001-55,ES,Vitória,Cosméticos,Pro,VendeFácil Analytics,853.21,Ativo,contato@lojassaleseirel.com.br
CUST1115,Distribuidora da Cruz Comercial,53.806.794/0001-41,CE,Sobral,Pet,Enterprise,VendeFácil Pay,1913.61,Inativo,contato@distribuidorada.com.br
CUST1116,Rede Fernandes Me,31.905.846/0001-02,MG,Ipatinga,Conveniência,Basic,VendeFácil PDV,370.6,Ativo,contato@redefernandesme.com.br
CUST1117,Comércio de Leão Eireli,81.524.976/0001-65,BA,Feira de Santana,Calçados,Basic,VendeFácil PDV,324.95,Ativo,contato@comérciodeleãoe.com.br
CUST1118,Empório Gonçalves S.A.,61.380.245/0001-86,MG,Montes Claros,Calçados,Basic,VendeFácil PDV,451.68,Ativo,contato@empóriogonçalve.com.br
CUST1119,Empório Albuquerque Ltda,65.031.987/0001-57,SP,Sorocaba,Calçados,Pro,VendeFácil Estoque,902.27,Ativo,contato@empórioalbuquer.com.br
CUST1120,Mundo da Ribeiro Ltda,45.071.329/0001-81,PR,Ponta Grossa,Calçados,Enterprise,VendeFácil Estoque,2869.64,Ativo,contato@mundodaribeirol.com.br
CUST1121,Rede Monteiro Comercial,18.270.463/0001-39,PR,Cascavel,Eletrônicos,Pro,VendeFácil Analytics,977.86,Ativo,contato@redemonteirocom.com.br
CUST1122,Atacado Sampaio Comercial,62.517.830/0001-48,GO,Aparecida de Goiânia,Farmácia,Enterprise,VendeFácil Pay,1979.54,Ativo,contato@atacadosampaioc.com.br
CUST1123,Centro de Farias Comercial,07.645.193/0001-87,RS,Santa Maria,Calçados,Pro,VendeFácil Loja,934.3,Ativo,contato@centrodefariasc.com.br
CUST1124,Mercado Almeida Me,91.485.362/0001-75,PR,Cascavel,Automotivo,Basic,VendeFácil PDV,487.58,Ativo,contato@mercadoalmeidam.com.br
CUST1125,Empório Barros Comercial,02.538.146/0001-10,BA,Camaçari,Construção,Basic,VendeFácil PDV,436.03,Ativo,contato@empóriobarrosco.com.br
CUST1126,Empório Costela Ltda,03.752.164/0001-63,MG,Montes Claros,Supermercado,Pro,VendeFácil Loja,1442.87,Ativo,contato@empóriocostelal.com.br
CUST1127,Comércio de Ramos Eireli,08.652.917/0001-82,BA,Feira de Santana,Varejo Cultural,Basic,VendeFácil PDV,476.02,Ativo,contato@comércioderamos.com.br
CUST1128,Distribuidora Farias Ltda,53.840.162/0001-02,SP,SJC,Vestuário,Pro,VendeFácil Estoque,964.0,Ativo,contato@distribuidorafa.com.br
CUST1129,Atacado Garcia S.A.,85.239.041/0001-98,PE,Caruaru,Supermercado,Enterprise,VendeFácil Pay,2916.11,Inativo,contato@atacadogarciasa.com.br
CUST1130,Centro de Azevedo S.A.,30.216.857/0001-04,SP,Jundiaí,Vestuário,Pro,VendeFácil Loja,1382.76,Ativo,contato@centrodeazevedo.com.br
CUST1131,Mercado Novaes Ltda,39.185.620/0001-88,SP,Jundiaí,Farmácia,Enterprise,VendeFácil Estoque,2614.33,Ativo,contato@mercadonovaeslt.com.br
CUST1132,Casa do Silveira Ltda,39.614.725/0001-05,BA,Vitória da Conquista,Calçados,Basic,VendeFácil PDV,456.53,Ativo,contato@casadosilveiral.com.br
CUST1133,Centro de Oliveira Ltda,73.468.021/0001-00,PR,Cascavel,Conveniência,Pro,VendeFácil Analytics,899.34,Ativo,contato@centrodeoliveir.com.br
CUST1134,Rede Garcia Comercial,27.834.560/0001-06,PR,Ponta Grossa,Pet,Basic,VendeFácil PDV,423.46,Ativo,contato@redegarciacomer.com.br
CUST1135,Rede Vieira Ltda,70.638.214/0001-73,MG,Ipatinga,Pet,Pro,VendeFácil Analytics,1446.37,Inativo,contato@redevieiraltda.com.br
CUST1136,Distribuidora Siqueira Ltda,24.639.751/0001-10,SC,Florianópolis,Automotivo,Enterprise,VendeFácil Pay,2259.47,Ativo,contato@distribuidorasi.com.br
CUST1137,Centro de Novais Me,97.128.350/0001-70,GO,Goiânia,Cosméticos,Pro,VendeFácil Estoque,1337.84,Ativo,contato@centrodenovaism.com.br
CUST1138,Lojas Correia Ltda,09.536.742/0001-00,SC,Chapecó,Automotivo,Enterprise,VendeFácil Estoque,2893.36,Ativo,contato@lojascorreialtd.com.br
CUST1139,Empório Freitas Me,67.458.039/0001-28,MG,Juiz de Fora,Construção,Enterprise,VendeFácil Pay,2410.19,Cancelado,contato@empóriofreitasm.com.br
CUST1140,Empório Campos Ltda,62.397.845/0001-10,GO,Aparecida de Goiânia,Alimentação,Pro,VendeFácil Analytics,1081.51,Ativo,contato@empóriocamposlt.com.br
CUST1141,Mercado Santos Eireli,75.083.619/0001-06,CE,Caucaia,Supermercado,Pro,VendeFácil Estoque,1079.62,Ativo,contato@mercadosantosei.com.br
CUST1142,Empório Mendes S.A.,05.986.123/0001-67,SC,Joinville,Vestuário,Enterprise,VendeFácil Estoque,3353.6,Ativo,contato@empóriomendessa.com.br
CUST1143,Empório Marques Comercial,24.386.107/0001-88,ES,Cariacica,Calçados,Enterprise,VendeFácil Estoque,3471.08,Ativo,contato@empóriomarquesc.com.br
CUST1144,Casa do Vargas Ltda,16.854.093/0001-51,GO,Anápolis,Cosméticos,Pro,VendeFácil Loja,1093.09,Ativo,contato@casadovargasltd.com.br
CUST1145,Rede Cavalcante S.A.,64.879.325/0001-79,PE,Jaboatão dos Guararapes,Supermercado,Enterprise,VendeFácil Estoque,2256.84,Ativo,contato@redecavalcantes.com.br
CUST1146,Mundo da Jesus S.A.,19.568.274/0001-00,RS,Canoas,Calçados,Pro,VendeFácil Loja,1365.09,Ativo,contato@mundodajesussa.com.br
CUST1147,Lojas Gonçalves Me,40.263.895/0001-71,MG,Contagem,Supermercado,Basic,VendeFácil PDV,371.58,Ativo,contato@lojasgonçalvesm.com.br
CUST1148,Mercado Vasconcelos S.A.,68.952.310/0001-40,PE,Jaboatão dos Guararapes,Conveniência,Enterprise,VendeFácil Pay,3077.79,Ativo,contato@mercadovasconce.com.br
CUST1149,Empório Freitas Comercial,29.371.405/0001-18,RS,Pelotas,Alimentação,Pro,VendeFácil Estoque,1325.5,Ativo,contato@empóriofreitasc.com.br
CUST1150,Distribuidora Nunes Ltda,32.905.147/0001-17,RS,Caxias do Sul,Vestuário,Basic,VendeFácil PDV,335.22,Ativo,contato@distribuidoranu.com.br
CUST1151,Comércio de Jesus Me,71.209.634/0001-05,ES,Vila Velha,Pet,Enterprise,VendeFácil Estoque,3159.86,Ativo,contato@comérciodejesus.com.br
CUST1152,Rede da Mota Eireli,15.049.362/0001-44,PE,Jaboatão dos Guararapes,Varejo Cultural,Pro,VendeFácil Loja,1262.64,Inativo,contato@rededamotaeirel.com.br
CUST1153,Comércio de Teixeira S.A.,10.827.453/0001-40,DF,Brasília,Farmácia,Pro,VendeFácil Estoque,1323.77,Ativo,contato@comérciodeteixe.com.br
CUST1154,Comércio de Cunha Ltda,80.647.231/0001-20,CE,Sobral,Calçados,Pro,VendeFácil Loja,1022.57,Ativo,contato@comérciodecunha.com.br
CUST1155,Mercado Sá Me,56.927.840/0001-59,GO,Aparecida de Goiânia,Eletrônicos,Pro,VendeFácil Loja,1352.71,Ativo,contato@mercadosáme.com.br
CUST1156,Casa do Fonseca Comercial,69.028.741/0001-87,RJ,Campos dos Goytacazes,Cosméticos,Pro,VendeFácil Analytics,1006.93,Ativo,contato@casadofonsecaco.com.br
CUST1157,Centro de Sampaio Me,62.047.983/0001-79,SP,Ribeirão Preto,Eletrônicos,Pro,VendeFácil Analytics,1413.48,Ativo,contato@centrodesampaio.com.br
CUST1158,Casa do Sá Eireli,35.748.962/0001-08,PE,Caruaru,Alimentação,Pro,VendeFácil Loja,1298.74,Ativo,contato@casadosáeireli.com.br
CUST1159,Mercado Correia S.A.,05.982.763/0001-07,PE,Olinda,Cosméticos,Pro,VendeFácil Analytics,1328.58,Ativo,contato@mercadocorreias.com.br
CUST1160,Mundo da Macedo Comercial,37.654.021/0001-30,RS,Caxias do Sul,Automotivo,Pro,VendeFácil Estoque,1007.33,Ativo,contato@mundodamacedoco.com.br
CUST1161,Atacado Melo Eireli,16.479.503/0001-21,RJ,Petrópolis,Construção,Enterprise,VendeFácil Pay,1918.66,Ativo,contato@atacadomeloeire.com.br
CUST1162,Empório Monteiro Eireli,14.793.052/0001-77,CE,Juazeiro do Norte,Vestuário,Enterprise,VendeFácil Pay,1857.6,Ativo,contato@empóriomonteiro.com.br
CUST1163,Atacado Nogueira Eireli,39.815.046/0001-02,PE,Caruaru,Pet,Pro,VendeFácil Analytics,1125.63,Ativo,contato@atacadonogueira.com.br
CUST1164,Distribuidora Silva Me,02.538.176/0001-27,MG,Juiz de Fora,Automotivo,Pro,VendeFácil Estoque,922.66,Ativo,contato@distribuidorasi.com.br
CUST1165,Mercado Melo Comercial,12.705.894/0001-02,CE,Fortaleza,Construção,Pro,VendeFácil Estoque,813.97,Ativo,contato@mercadomelocome.com.br
CUST1166,Atacado Vargas S.A.,91.537.640/0001-90,RS,Pelotas,Vestuário,Enterprise,VendeFácil Estoque,2426.79,Ativo,contato@atacadovargassa.com.br
CUST1167,Atacado Câmara Me,41.906.523/0001-89,DF,Taguatinga,Calçados,Enterprise,VendeFácil Estoque,2769.0,Ativo,contato@atacadocâmarame.com.br
CUST1168,Centro de Pastor S.A.,31.582.906/0001-95,SC,Chapecó,Pet,Enterprise,VendeFácil Pay,2860.93,Ativo,contato@centrodepastors.com.br
CUST1169,Centro de Araújo Comercial,98.367.521/0001-86,BA,Feira de Santana,Vestuário,Enterprise,VendeFácil Estoque,3098.62,Ativo,contato@centrodearaújoc.com.br
CUST1170,Comércio de Rocha Eireli,28.307.651/0001-48,CE,Sobral,Calçados,Pro,VendeFácil Analytics,1105.49,Ativo,contato@comércioderocha.com.br
CUST1171,Empório Casa Grande S.A.,43.758.120/0001-65,DF,Águas Claras,Vestuário,Pro,VendeFácil Analytics,1187.48,Ativo,contato@empóriocasagran.com.br
CUST1172,Empório Souza Me,05.478.923/0001-77,GO,Aparecida de Goiânia,Construção,Enterprise,VendeFácil Estoque,1915.49,Ativo,contato@empóriosouzame.com.br
CUST1173,Centro de Oliveira Me,73.925.801/0001-31,RS,Canoas,Pet,Enterprise,VendeFácil Estoque,3104.2,Ativo,contato@centrodeoliveir.com.br
CUST1174,Lojas Cassiano Me,39.061.845/0001-22,SC,Criciúma,Supermercado,Enterprise,VendeFácil Pay,2899.5,Inativo,contato@lojascassianome.com.br
CUST1175,Mundo da Ribeiro S.A.,20.693.571/0001-66,GO,Rio Verde,Pet,Pro,VendeFácil Estoque,1366.65,Ativo,contato@mundodaribeiros.com.br
CUST1176,Atacado Gonçalves Ltda,18.425.930/0001-52,PE,Recife,Varejo Cultural,Enterprise,VendeFácil Pay,3146.71,Ativo,contato@atacadogonçalve.com.br
CUST1177,Rede Cardoso Eireli,50.439.176/0001-12,RJ,Rio de Janeiro,Conveniência,Enterprise,VendeFácil Pay,2048.69,Ativo,contato@redecardosoeire.com.br
CUST1178,Comércio de Sampaio S.A.,74.216.508/0001-68,MG,Juiz de Fora,Vestuário,Basic,VendeFácil PDV,482.27,Ativo,contato@comérciodesampa.com.br
CUST1179,Lojas Silveira Me,91.236.805/0001-94,PR,Cascavel,Farmácia,Pro,VendeFácil Analytics,893.09,Ativo,contato@lojassilveirame.com.br
CUST1180,Distribuidora Fogaça Eireli,72.094.836/0001-03,BA,Camaçari,Alimentação,Basic,VendeFácil PDV,325.83,Ativo,contato@distribuidorafo.com.br
CUST1181,Casa do Pires S.A.,63.071.845/0001-98,RS,Caxias do Sul,Vestuário,Pro,VendeFácil Loja,1102.54,Ativo,contato@casadopiressa.com.br
CUST1182,Atacado Sales S.A.,92.675.038/0001-82,GO,Anápolis,Cosméticos,Pro,VendeFácil Estoque,1076.61,Ativo,contato@atacadosalessa.com.br
CUST1183,Comércio de Garcia Comercial,47.506.893/0001-05,MG,Juiz de Fora,Automotivo,Basic,VendeFácil PDV,464.92,Ativo,contato@comérciodegarci.com.br
CUST1184,Distribuidora Mendonça Me,83.046.591/0001-65,SC,Criciúma,Automotivo,Pro,VendeFácil Analytics,1197.02,Ativo,contato@distribuidorame.com.br
CUST1185,Mundo da Sales Comercial,12.635.784/0001-03,ES,Cariacica,Varejo Cultural,Enterprise,VendeFácil Estoque,3248.22,Ativo,contato@mundodasalescom.com.br
CUST1186,Casa do Cardoso Eireli,15.984.732/0001-30,RJ,Volta Redonda,Vestuário,Pro,VendeFácil Estoque,1334.98,Ativo,contato@casadocardosoei.com.br
CUST1187,Mercado Almeida S.A.,68.704.593/0001-00,ES,Vila Velha,Calçados,Enterprise,VendeFácil Pay,1933.75,Ativo,contato@mercadoalmeidas.com.br
CUST1188,Comércio de Ribeiro Eireli,12.804.376/0001-38,RJ,Petrópolis,Conveniência,Enterprise,VendeFácil Pay,2208.65,Inativo,contato@comércioderibei.com.br
CUST1189,Empório Aparecida Eireli,23.904.768/0001-95,BA,Salvador,Varejo Cultural,Basic,VendeFácil PDV,451.08,Ativo,contato@empórioaparecid.com.br
CUST1190,Distribuidora Campos Eireli,84.591.306/0001-50,PE,Jaboatão dos Guararapes,Construção,Pro,VendeFácil Estoque,1078.94,Ativo,contato@distribuidoraca.com.br
CUST1191,Mercado da Rosa Me,08.457.312/0001-30,BA,Vitória da Conquista,Calçados,Pro,VendeFácil Analytics,1491.83,Ativo,contato@mercadodarosame.com.br
CUST1192,Distribuidora Mendonça Ltda,58.946.712/0001-88,SP,Ribeirão Preto,Varejo Cultural,Enterprise,VendeFácil Estoque,3097.88,Ativo,contato@distribuidorame.com.br
CUST1193,Lojas Brito S.A.,03.916.257/0001-86,CE,Caucaia,Calçados,Pro,VendeFácil Analytics,955.19,Ativo,contato@lojasbritosa.com.br
CUST1194,Lojas Pereira Ltda,83.521.490/0001-07,MG,Uberlândia,Alimentação,Pro,VendeFácil Loja,886.91,Ativo,contato@lojaspereiraltd.com.br
CUST1195,Comércio de Novaes Ltda,49.651.380/0001-13,ES,Vitória,Conveniência,Pro,VendeFácil Loja,907.45,Ativo,contato@comérciodenovae.com.br
CUST1196,Centro de da Cunha Ltda,62.305.814/0001-91,ES,Vila Velha,Automotivo,Enterprise,VendeFácil Estoque,1976.41,Ativo,contato@centrodedacunha.com.br
CUST1197,Mundo da Freitas S.A.,98.231.765/0001-37,BA,Vitória da Conquista,Automotivo,Basic,VendeFácil PDV,419.64,Ativo,contato@mundodafreitass.com.br
CUST1198,Mercado Alves Me,93.120.456/0001-76,RS,Pelotas,Vestuário,Pro,VendeFácil Estoque,809.4,Ativo,contato@mercadoalvesme.com.br
CUST1199,Lojas Novaes S.A.,61.570.248/0001-82,RS,Porto Alegre,Vestuário,Basic,VendeFácil PDV,459.38,Ativo,contato@lojasnovaessa.com.br
CUST1200,Comércio de Casa Grande Comercial,34.079.156/0001-21,MG,Uberaba,Eletrônicos,Basic,VendeFácil PDV,463.12,Ativo,contato@comérciodecasag.com.br
CUST1201,Empório Viana Me,12.473.085/0001-04,RS,Santa Maria,Pet,Pro,VendeFácil Analytics,940.6,Ativo,contato@empóriovianame.com.br
CUST1202,Casa do Oliveira S.A.,48.970.513/0001-51,RJ,Rio de Janeiro,Pet,Enterprise,VendeFácil Estoque,2405.98,Ativo,contato@casadooliveiras.com.br
CUST1203,Comércio de Sá Eireli,62.597.431/0001-34,SP,Sorocaba,Conveniência,Enterprise,VendeFácil Pay,2316.57,Ativo,contato@comérciodesáeir.com.br
CUST1204,Rede Pastor S.A.,24.058.167/0001-71,PR,Cascavel,Automotivo,Basic,VendeFácil PDV,442.51,Ativo,contato@redepastorsa.com.br
CUST1205,Lojas Garcia Me,94.056.218/0001-01,PR,Curitiba,Cosméticos,Pro,VendeFácil Loja,1486.99,Ativo,contato@lojasgarciame.com.br
CUST1206,Distribuidora Pereira Me,67.238.951/0001-74,RJ,Nova Iguaçu,Calçados,Pro,VendeFácil Loja,1484.62,Ativo,contato@distribuidorape.com.br
CUST1207,Rede Lima Ltda,83.450.291/0001-47,MG,Ipatinga,Pet,Enterprise,VendeFácil Pay,2696.83,Ativo,contato@redelimaltda.com.br
CUST1208,Comércio de Borges Comercial,19.308.467/0001-21,RS,Porto Alegre,Cosméticos,Basic,VendeFácil PDV,361.77,Ativo,contato@comérciodeborge.com.br
CUST1209,Mundo da Souza S.A.,48.760.319/0001-41,SP,São Paulo,Alimentação,Pro,VendeFácil Loja,1149.11,Ativo,contato@mundodasouzasa.com.br
CUST1210,Empório Monteiro S.A.,89.130.472/0001-72,ES,Vitória,Vestuário,Enterprise,VendeFácil Estoque,2856.92,Inativo,contato@empóriomonteiro.com.br
CUST1211,Atacado Abreu Ltda,68.517.402/0001-00,PR,Maringá,Conveniência,Basic,VendeFácil PDV,404.17,Cancelado,contato@atacadoabreultd.com.br
CUST1212,Comércio de Machado S.A.,28.310.964/0001-55,RS,Pelotas,Varejo Cultural,Pro,VendeFácil Estoque,883.78,Ativo,contato@comérciodemacha.com.br
CUST1213,Distribuidora Fogaça Eireli,06.731.295/0001-52,GO,Rio Verde,Eletrônicos,Pro,VendeFácil Loja,928.48,Ativo,contato@distribuidorafo.com.br
CUST1214,Lojas Rocha Ltda,38.126.957/0001-51,SP,SJC,Supermercado,Enterprise,VendeFácil Estoque,3487.22,Inativo,contato@lojasrochaltda.com.br
CUST1215,Casa do Cunha Me,06.325.491/0001-27,RJ,Campos dos Goytacazes,Eletrônicos,Pro,VendeFácil Estoque,903.6,Ativo,contato@casadocunhame.com.br
CUST1216,Atacado Pinto Me,70.584.321/0001-66,RJ,Nova Iguaçu,Vestuário,Pro,VendeFácil Estoque,1025.61,Ativo,contato@atacadopintome.com.br
CUST1217,Distribuidora Fogaça Me,10.579.328/0001-68,GO,Rio Verde,Conveniência,Pro,VendeFácil Estoque,926.71,Ativo,contato@distribuidorafo.com.br
CUST1218,Mundo da Brito S.A.,67.304.518/0001-90,BA,Camaçari,Alimentação,Pro,VendeFácil Analytics,1181.03,Ativo,contato@mundodabritosa.com.br
CUST1219,Atacado Campos Comercial,70.265.913/0001-15,PE,Recife,Pet,Pro,VendeFácil Analytics,1490.53,Ativo,contato@atacadocamposco.com.br
CUST1220,Atacado Gonçalves Eireli,54.931.820/0001-26,CE,Caucaia,Eletrônicos,Enterprise,VendeFácil Estoque,2181.12,Ativo,contato@atacadogonçalve.com.br
CUST1221,Casa do Macedo S.A.,72.895.301/0001-31,PR,Ponta Grossa,Eletrônicos,Enterprise,VendeFácil Pay,2473.18,Ativo,contato@casadomacedosa.com.br
CUST1222,Empório Santos Eireli,31.920.874/0001-90,RJ,Niterói,Supermercado,Basic,VendeFácil PDV,472.33,Ativo,contato@empóriosantosei.com.br
CUST1223,Rede Souza Ltda,50.291.378/0001-60,BA,Camaçari,Pet,Enterprise,VendeFácil Estoque,2497.03,Ativo,contato@redesouzaltda.com.br
CUST1224,Mundo da Leão Me,78.965.124/0001-07,BA,Salvador,Farmácia,Pro,VendeFácil Analytics,1549.1,Ativo,contato@mundodaleãome.com.br
CUST1225,Mercado Montenegro Eireli,62.109.743/0001-51,DF,Ceilândia,Eletrônicos,Enterprise,VendeFácil Estoque,2681.79,Ativo,contato@mercadomonteneg.com.br
CUST1226,Mercado Montenegro S.A.,03.952.871/0001-01,BA,Feira de Santana,Vestuário,Pro,VendeFácil Analytics,875.88,Ativo,contato@mercadomonteneg.com.br
CUST1227,Rede Mendes S.A.,49.703.182/0001-56,PR,Cascavel,Automotivo,Enterprise,VendeFácil Estoque,2135.79,Ativo,contato@redemendessa.com.br
CUST1228,Rede Moraes Ltda,23.460.917/0001-74,MG,Uberlândia,Farmácia,Enterprise,VendeFácil Estoque,3038.58,Ativo,contato@redemoraesltda.com.br
CUST1229,Atacado Lima Comercial,37.156.480/0001-94,CE,Caucaia,Pet,Pro,VendeFácil Estoque,1289.34,Ativo,contato@atacadolimacome.com.br
CUST1230,Distribuidora Pastor Ltda,23.178.094/0001-99,CE,Sobral,Cosméticos,Pro,VendeFácil Loja,1313.75,Ativo,contato@distribuidorapa.com.br
CUST1231,Mundo da Casa Grande Me,60.389.742/0001-82,ES,Serra,Alimentação,Pro,VendeFácil Loja,1324.11,Inativo,contato@mundodacasagran.com.br
CUST1232,Mundo da das Neves Comercial,39.586.072/0001-06,MG,Juiz de Fora,Automotivo,Basic,VendeFácil PDV,319.37,Ativo,contato@mundodadasneves.com.br
CUST1233,Lojas Aragão S.A.,41.926.530/0001-42,BA,Vitória da Conquista,Calçados,Pro,VendeFácil Analytics,977.98,Ativo,contato@lojasaragãosa.com.br
CUST1234,Lojas Dias S.A.,02.976.813/0001-47,PE,Jaboatão dos Guararapes,Eletrônicos,Basic,VendeFácil PDV,390.13,Ativo,contato@lojasdiassa.com.br
CUST1235,Casa do Melo Comercial,41.682.357/0001-84,MG,Juiz de Fora,Vestuário,Pro,VendeFácil Loja,1488.06,Inativo,contato@casadomelocomer.com.br
CUST1236,Distribuidora da Rosa Me,19.054.826/0001-61,SP,Ribeirão Preto,Farmácia,Pro,VendeFácil Loja,859.99,Ativo,contato@distribuidorada.com.br
CUST1237,Mercado Sousa Me,58.917.264/0001-94,MG,Montes Claros,Automotivo,Pro,VendeFácil Analytics,1354.6,Ativo,contato@mercadosousame.com.br
CUST1238,Rede Gomes Comercial,19.256.403/0001-24,MG,Belo Horizonte,Farmácia,Pro,VendeFácil Estoque,1089.52,Ativo,contato@redegomescomerc.com.br
CUST1239,Empório Pastor Me,39.706.421/0001-78,PR,Ponta Grossa,Automotivo,Pro,VendeFácil Loja,1223.06,Ativo,contato@empóriopastorme.com.br
CUST1240,Empório Silveira Me,73.201.589/0001-60,RS,Pelotas,Conveniência,Pro,VendeFácil Analytics,1133.83,Ativo,contato@empóriosilveira.com.br
CUST1241,Lojas Silva Ltda,48.523.079/0001-61,SP,São Paulo,Automotivo,Enterprise,VendeFácil Estoque,2542.89,Ativo,contato@lojassilvaltda.com.br
CUST1242,Comércio de Mendes Me,68.014.293/0001-08,GO,Goiânia,Eletrônicos,Pro,VendeFácil Loja,1465.74,Ativo,contato@comérciodemende.com.br
CUST1243,Empório Aparecida Ltda,90.357.684/0001-76,PE,Caruaru,Eletrônicos,Pro,VendeFácil Analytics,1345.17,Ativo,contato@empórioaparecid.com.br
CUST1244,Rede Macedo Eireli,86.934.210/0001-72,ES,Serra,Supermercado,Enterprise,VendeFácil Estoque,2420.84,Ativo,contato@redemacedoeirel.com.br
CUST1245,Casa do Abreu Ltda,23.064.891/0001-45,BA,Salvador,Varejo Cultural,Pro,VendeFácil Analytics,1554.31,Inativo,contato@casadoabreultda.com.br
CUST1246,Centro de Câmara Comercial,49.176.053/0001-57,DF,Águas Claras,Construção,Enterprise,VendeFácil Pay,2073.11,Ativo,contato@centrodecâmarac.com.br
CUST1247,Centro de Aparecida Eireli,24.970.186/0001-70,DF,Brasília,Alimentação,Pro,VendeFácil Analytics,1447.62,Ativo,contato@centrodeapareci.com.br
CUST1248,Comércio de Camargo S.A.,05.829.463/0001-84,RJ,Volta Redonda,Farmácia,Pro,VendeFácil Analytics,1346.98,Ativo,contato@comérciodecamar.com.br
CUST1249,Empório Carvalho Eireli,64.507.928/0001-40,ES,Vitória,Farmácia,Pro,VendeFácil Analytics,1595.02,Ativo,contato@empóriocarvalho.com.br
CUST1250,Distribuidora Siqueira S.A.,42.907.568/0001-30,PR,Londrina,Calçados,Pro,VendeFácil Loja,1266.15,Cancelado,contato@distribuidorasi.com.br
CUST1251,Rede Souza Comercial,64.397.128/0001-13,CE,Sobral,Farmácia,Enterprise,VendeFácil Estoque,2432.48,Ativo,contato@redesouzacomerc.com.br
CUST1252,Centro de Costela Eireli,96.231.870/0001-40,SP,Santos,Pet,Enterprise,VendeFácil Estoque,3088.75,Ativo,contato@centrodecostela.com.br
CUST1253,Empório Mendes Comercial,17.239.548/0001-91,RS,Caxias do Sul,Construção,Basic,VendeFácil PDV,358.2,Ativo,contato@empóriomendesco.com.br
CUST1254,Mundo da Mendonça Comercial,24.091.536/0001-28,RS,Porto Alegre,Cosméticos,Pro,VendeFácil Loja,889.19,Ativo,contato@mundodamendonça.com.br
CUST1255,Mundo da Pereira Eireli,31.209.857/0001-40,DF,Brasília,Construção,Basic,VendeFácil PDV,418.01,Ativo,contato@mundodapereirae.com.br
CUST1256,Comércio de Guerra Ltda,18.250.469/0001-44,SC,Blumenau,Conveniência,Pro,VendeFácil Estoque,1087.84,Ativo,contato@comérciodeguerr.com.br
CUST1257,Atacado Gomes S.A.,01.965.784/0001-55,BA,Salvador,Eletrônicos,Pro,VendeFácil Analytics,1086.94,Ativo,contato@atacadogomessa.com.br
CUST1258,Mercado Vargas Comercial,14.258.063/0001-57,PE,Caruaru,Alimentação,Enterprise,VendeFácil Pay,2196.75,Ativo,contato@mercadovargasco.com.br
CUST1259,Rede Nogueira Eireli,51.387.490/0001-61,SC,Blumenau,Eletrônicos,Enterprise,VendeFácil Estoque,2097.54,Cancelado,contato@redenogueiraeir.com.br
CUST1260,Empório das Neves S.A.,57.210.483/0001-76,ES,Vila Velha,Automotivo,Pro,VendeFácil Loja,1292.9,Ativo,contato@empóriodasneves.com.br
CUST1261,Lojas Nogueira Eireli,10.874.265/0001-72,DF,Taguatinga,Calçados,Pro,VendeFácil Estoque,1205.26,Ativo,contato@lojasnogueiraei.com.br
CUST1262,Mercado Leão Comercial,20.381.746/0001-08,DF,Águas Claras,Construção,Enterprise,VendeFácil Estoque,3359.8,Ativo,contato@mercadoleãocome.com.br
CUST1263,Mundo da Fogaça Eireli,43.657.089/0001-76,BA,Vitória da Conquista,Pet,Enterprise,VendeFácil Estoque,2657.47,Ativo,contato@mundodafogaçaei.com.br
CUST1264,Centro de Camargo Eireli,31.420.765/0001-04,SP,Sorocaba,Construção,Enterprise,VendeFácil Estoque,3376.9,Ativo,contato@centrodecamargo.com.br
CUST1265,Atacado Fonseca Eireli,10.293.475/0001-77,SP,Ribeirão Preto,Varejo Cultural,Enterprise,VendeFácil Pay,3012.2,Ativo,contato@atacadofonsecae.com.br
CUST1266,Lojas Cirino S.A.,62.478.501/0001-35,ES,Vila Velha,Cosméticos,Pro,VendeFácil Estoque,1037.22,Ativo,contato@lojascirinosa.com.br
CUST1267,Rede Monteiro Ltda,54.160.783/0001-08,RS,Caxias do Sul,Calçados,Enterprise,VendeFácil Estoque,1914.61,Ativo,contato@redemonteiroltd.com.br
CUST1268,Mercado Casa Grande Ltda,67.890.532/0001-12,ES,Vila Velha,Pet,Pro,VendeFácil Analytics,1359.58,Ativo,contato@mercadocasagran.com.br
CUST1269,Empório da Mota Comercial,21.586.397/0001-15,SC,Chapecó,Alimentação,Basic,VendeFácil PDV,323.47,Ativo,contato@empóriodamotaco.com.br
CUST1270,Comércio de Monteiro Eireli,67.945.218/0001-90,BA,Feira de Santana,Conveniência,Enterprise,VendeFácil Estoque,2546.39,Ativo,contato@comérciodemonte.com.br
CUST1271,Mundo da da Cruz Ltda,69.748.315/0001-18,PE,Olinda,Calçados,Enterprise,VendeFácil Pay,3136.38,Ativo,contato@mundodadacruzlt.com.br
CUST1272,Distribuidora Barros Ltda,96.350.128/0001-54,PE,Caruaru,Construção,Enterprise,VendeFácil Estoque,2945.11,Ativo,contato@distribuidoraba.com.br
CUST1273,Mercado Costela Comercial,05.719.826/0001-29,SP,Campinas,Automotivo,Enterprise,VendeFácil Estoque,2970.07,Ativo,contato@mercadocostelac.com.br
CUST1274,Lojas Vasconcelos Eireli,24.718.360/0001-91,GO,Rio Verde,Construção,Enterprise,VendeFácil Estoque,3092.57,Ativo,contato@lojasvasconcelo.com.br
CUST1275,Centro de Câmara S.A.,02.156.738/0001-78,PE,Caruaru,Construção,Enterprise,VendeFácil Pay,1975.33,Ativo,contato@centrodecâmaras.com.br
CUST1276,Centro de Alves Eireli,65.087.491/0001-03,BA,Salvador,Pet,Enterprise,VendeFácil Pay,2944.45,Ativo,contato@centrodealvesei.com.br
CUST1277,Rede Peixoto S.A.,20.971.854/0001-22,SP,Campinas,Vestuário,Enterprise,VendeFácil Estoque,3336.16,Ativo,contato@redepeixotosa.com.br
CUST1278,Lojas Albuquerque Ltda,96.281.357/0001-64,MG,Ipatinga,Varejo Cultural,Basic,VendeFácil PDV,307.83,Ativo,contato@lojasalbuquerqu.com.br
CUST1279,Empório Moura Comercial,47.652.301/0001-63,CE,Juazeiro do Norte,Supermercado,Basic,VendeFácil PDV,495.99,Ativo,contato@empóriomouracom.com.br
CUST1280,Centro de Camargo Me,20.841.657/0001-99,RJ,Volta Redonda,Conveniência,Basic,VendeFácil PDV,349.67,Ativo,contato@centrodecamargo.com.br
CUST1281,Empório Gonçalves Comercial,67.489.213/0001-08,ES,Cariacica,Alimentação,Enterprise,VendeFácil Pay,2486.62,Ativo,contato@empóriogonçalve.com.br
CUST1282,Mercado Castro S.A.,41.685.732/0001-40,CE,Caucaia,Calçados,Basic,VendeFácil PDV,432.52,Ativo,contato@mercadocastrosa.com.br
CUST1283,Empório Araújo Me,36.285.407/0001-50,RJ,Petrópolis,Vestuário,Pro,VendeFácil Estoque,1141.39,Ativo,contato@empórioaraújome.com.br
CUST1284,Mundo da Martins S.A.,75.693.104/0001-28,RJ,Nova Iguaçu,Cosméticos,Pro,VendeFácil Analytics,905.77,Ativo,contato@mundodamartinss.com.br
CUST1285,Lojas Ramos Comercial,63.409.528/0001-39,BA,Camaçari,Farmácia,Pro,VendeFácil Loja,1273.57,Inativo,contato@lojasramoscomer.com.br
CUST1286,Comércio de Vasconcelos Me,50.321.487/0001-82,RS,Porto Alegre,Conveniência,Enterprise,VendeFácil Estoque,2331.04,Ativo,contato@comérciodevasco.com.br
CUST1287,Mundo da Cunha Ltda,90.417.683/0001-70,GO,Aparecida de Goiânia,Pet,Pro,VendeFácil Estoque,955.63,Ativo,contato@mundodacunhaltd.com.br
CUST1288,Centro de da Mata Eireli,10.786.259/0001-63,GO,Aparecida de Goiânia,Farmácia,Pro,VendeFácil Loja,887.23,Ativo,contato@centrodedamatae.com.br
CUST1289,Atacado Albuquerque S.A.,54.681.237/0001-04,SP,Santos,Conveniência,Basic,VendeFácil PDV,372.56,Ativo,contato@atacadoalbuquer.com.br
CUST1290,Mundo da Fogaça Ltda,21.537.409/0001-11,RS,Pelotas,Supermercado,Basic,VendeFácil PDV,375.43,Cancelado,contato@mundodafogaçalt.com.br
CUST1291,Casa do Vasconcelos Ltda,20.634.895/0001-23,SP,Ribeirão Preto,Eletrônicos,Enterprise,VendeFácil Estoque,3300.82,Ativo,contato@casadovasconcel.com.br
CUST1292,Rede Cassiano Ltda,71.859.642/0001-99,CE,Juazeiro do Norte,Calçados,Enterprise,VendeFácil Pay,3011.56,Ativo,contato@redecassianoltd.com.br
CUST1293,Centro de Castro Comercial,89.531.247/0001-48,MG,Juiz de Fora,Varejo Cultural,Pro,VendeFácil Analytics,985.5,Ativo,contato@centrodecastroc.com.br
CUST1294,Centro de Pinto S.A.,60.917.483/0001-15,GO,Rio Verde,Automotivo,Enterprise,VendeFácil Pay,1978.6,Ativo,contato@centrodepintosa.com.br
CUST1295,Empório Nunes S.A.,71.082.496/0001-38,ES,Vila Velha,Alimentação,Pro,VendeFácil Analytics,1275.67,Ativo,contato@empórionunessa.com.br
CUST1296,Casa do Brito Comercial,75.291.063/0001-43,ES,Cariacica,Calçados,Pro,VendeFácil Analytics,987.33,Cancelado,contato@casadobritocome.com.br
CUST1297,Comércio de Fonseca Me,51.879.326/0001-71,PR,Maringá,Pet,Enterprise,VendeFácil Pay,3118.35,Inativo,contato@comérciodefonse.com.br
CUST1298,Distribuidora da Cunha Ltda,72.143.089/0001-56,ES,Vitória,Construção,Pro,VendeFácil Analytics,1427.93,Ativo,contato@distribuidorada.com.br
CUST1299,Atacado Guerra Comercial,62.784.591/0001-92,DF,Taguatinga,Farmácia,Pro,VendeFácil Estoque,1123.96,Ativo,contato@atacadoguerraco.com.br
CUST1300,Casa do Barros Eireli,68.725.049/0001-45,PE,Recife,Pet,Enterprise,VendeFácil Estoque,2713.89,Ativo,contato@casadobarroseir.com.br
CUST1301,Mercado Vieira Eireli,38.017.295/0001-81,CE,Fortaleza,Pet,Basic,VendeFácil PDV,423.26,Inativo,contato@mercadovieiraei.com.br
CUST1302,Centro de Nunes Comercial,61.379.028/0001-76,DF,Ceilândia,Vestuário,Enterprise,VendeFácil Estoque,2957.88,Inativo,contato@centrodenunesco.com.br
CUST1303,Comércio de Martins S.A.,87.109.635/0001-00,MG,Ipatinga,Alimentação,Enterprise,VendeFácil Estoque,3388.3,Ativo,contato@comérciodemarti.com.br
CUST1304,Casa do Costa Eireli,65.129.430/0001-53,SP,Santos,Alimentação,Enterprise,VendeFácil Pay,2294.61,Ativo,contato@casadocostaeire.com.br
CUST1305,Centro de Sampaio Ltda,71.430.986/0001-88,RJ,Petrópolis,Farmácia,Pro,VendeFácil Loja,1439.83,Ativo,contato@centrodesampaio.com.br
CUST1306,Rede Casa Grande Eireli,35.049.721/0001-70,PR,Maringá,Automotivo,Pro,VendeFácil Loja,985.33,Ativo,contato@redecasagrandee.com.br
CUST1307,Casa do Melo Comercial,30.968.721/0001-50,RS,Pelotas,Conveniência,Enterprise,VendeFácil Pay,2956.02,Ativo,contato@casadomelocomer.com.br
CUST1308,Empório Porto Ltda,21.907.368/0001-08,PE,Recife,Varejo Cultural,Basic,VendeFácil PDV,423.11,Ativo,contato@empórioportoltd.com.br
CUST1309,Mundo da Silva Eireli,76.352.109/0001-50,MG,Contagem,Calçados,Pro,VendeFácil Estoque,1011.34,Ativo,contato@mundodasilvaeir.com.br
CUST1310,Casa do Lima Ltda,54.217.386/0001-17,RS,Porto Alegre,Eletrônicos,Enterprise,VendeFácil Pay,3057.91,Ativo,contato@casadolimaltda.com.br
CUST1311,Empório Nascimento Eireli,26.574.309/0001-89,RJ,Nova Iguaçu,Construção,Pro,VendeFácil Estoque,1055.95,Ativo,contato@empórionascimen.com.br
CUST1312,Casa do Viana S.A.,93.156.478/0001-96,RJ,Campos dos Goytacazes,Construção,Basic,VendeFácil PDV,497.87,Ativo,contato@casadovianasa.com.br
CUST1313,Comércio de Rios Ltda,50.231.678/0001-53,RJ,Petrópolis,Calçados,Pro,VendeFácil Analytics,854.36,Inativo,contato@comércioderiosl.com.br
CUST1314,Mercado Vieira S.A.,64.031.978/0001-01,RS,Pelotas,Supermercado,Pro,VendeFácil Estoque,1006.45,Ativo,contato@mercadovieirasa.com.br
CUST1315,Casa do Cunha Comercial,36.249.170/0001-51,ES,Vila Velha,Automotivo,Enterprise,VendeFácil Estoque,3472.69,Ativo,contato@casadocunhacome.com.br
CUST1316,Mundo da Correia S.A.,90.562.871/0001-91,PE,Jaboatão dos Guararapes,Varejo Cultural,Pro,VendeFácil Analytics,1226.39,Inativo,contato@mundodacorreias.com.br
CUST1317,Comércio de Montenegro Ltda,17.836.245/0001-56,SP,Campinas,Supermercado,Pro,VendeFácil Estoque,851.1,Ativo,contato@comérciodemonte.com.br
CUST1318,Atacado Lima Me,85.173.920/0001-64,ES,Serra,Pet,Enterprise,VendeFácil Pay,2832.4,Ativo,contato@atacadolimame.com.br
CUST1319,Lojas Novaes S.A.,92.638.754/0001-90,PE,Recife,Pet,Pro,VendeFácil Estoque,1151.45,Ativo,contato@lojasnovaessa.com.br
CUST1320,Comércio de Pinto Eireli,19.805.634/0001-40,PR,Curitiba,Construção,Enterprise,VendeFácil Estoque,2295.77,Ativo,contato@comérciodepinto.com.br
CUST1321,Rede Monteiro S.A.,98.153.402/0001-20,DF,Brasília,Calçados,Enterprise,VendeFácil Estoque,2703.73,Ativo,contato@redemonteirosa.com.br
CUST1322,Lojas da Rocha Eireli,63.897.450/0001-49,RS,Porto Alegre,Alimentação,Pro,VendeFácil Analytics,878.77,Cancelado,contato@lojasdarochaeir.com.br
CUST1323,Comércio de Costa S.A.,71.563.940/0001-37,MG,Montes Claros,Farmácia,Basic,VendeFácil PDV,376.07,Ativo,contato@comérciodecosta.com.br
CUST1324,Atacado Freitas Ltda,38.425.671/0001-77,SC,Chapecó,Automotivo,Basic,VendeFácil PDV,401.97,Ativo,contato@atacadofreitasl.com.br
CUST1325,Mercado Rocha S.A.,30.687.519/0001-50,PR,Maringá,Construção,Pro,VendeFácil Loja,1298.11,Ativo,contato@mercadorochasa.com.br
CUST1326,Casa do Moreira Me,95.814.362/0001-22,MG,Belo Horizonte,Supermercado,Enterprise,VendeFácil Estoque,3091.61,Ativo,contato@casadomoreirame.com.br
CUST1327,Empório Gonçalves Me,36.084.912/0001-36,GO,Goiânia,Pet,Pro,VendeFácil Estoque,913.97,Ativo,contato@empóriogonçalve.com.br
CUST1328,Lojas Gomes Me,26.541.370/0001-20,SP,Campinas,Conveniência,Basic,VendeFácil PDV,436.59,Ativo,contato@lojasgomesme.com.br
CUST1329,Atacado Santos S.A.,28.154.396/0001-40,SC,Blumenau,Calçados,Enterprise,VendeFácil Pay,2540.41,Ativo,contato@atacadosantossa.com.br
CUST1330,Distribuidora Castro Ltda,53.106.892/0001-76,GO,Rio Verde,Farmácia,Basic,VendeFácil PDV,326.1,Ativo,contato@distribuidoraca.com.br
CUST1331,Centro de Vargas Comercial,92.045.678/0001-09,GO,Aparecida de Goiânia,Vestuário,Enterprise,VendeFácil Estoque,2613.23,Ativo,contato@centrodevargasc.com.br
CUST1332,Lojas Garcia Ltda,02.756.819/0001-09,SC,Blumenau,Calçados,Pro,VendeFácil Analytics,1592.23,Ativo,contato@lojasgarcialtda.com.br
CUST1333,Centro de Rezende Me,34.981.726/0001-74,RJ,Niterói,Pet,Enterprise,VendeFácil Pay,2796.24,Inativo,contato@centroderezende.com.br
CUST1334,Casa do Aragão Eireli,41.250.963/0001-20,SC,Chapecó,Conveniência,Enterprise,VendeFácil Estoque,2087.89,Ativo,contato@casadoaragãoeir.com.br
CUST1335,Atacado Marques Ltda,91.872.560/0001-91,CE,Fortaleza,Alimentação,Enterprise,VendeFácil Pay,2183.81,Cancelado,contato@atacadomarquesl.com.br
CUST1336,Centro de Barbosa Comercial,75.390.681/0001-40,GO,Goiânia,Calçados,Pro,VendeFácil Estoque,1231.46,Ativo,contato@centrodebarbosa.com.br
CUST1337,Mundo da Barbosa Comercial,71.359.624/0001-48,SP,Ribeirão Preto,Automotivo,Enterprise,VendeFácil Pay,2337.81,Ativo,contato@mundodabarbosac.com.br
CUST1338,Mercado Machado Comercial,29.401.763/0001-26,PR,Londrina,Alimentação,Basic,VendeFácil PDV,332.0,Ativo,contato@mercadomachadoc.com.br
CUST1339,Distribuidora Fernandes S.A.,57.014.283/0001-48,PE,Olinda,Construção,Pro,VendeFácil Estoque,942.64,Ativo,contato@distribuidorafe.com.br
CUST1340,Atacado Pereira S.A.,08.946.153/0001-38,RS,Porto Alegre,Eletrônicos,Pro,VendeFácil Estoque,939.7,Ativo,contato@atacadopereiras.com.br
CUST1341,Distribuidora Camargo Ltda,30.516.879/0001-90,PR,Curitiba,Conveniência,Pro,VendeFácil Estoque,1393.2,Ativo,contato@distribuidoraca.com.br
CUST1342,Centro de da Mota Me,73.125.469/0001-20,ES,Serra,Conveniência,Enterprise,VendeFácil Pay,3161.11,Ativo,contato@centrodedamotam.com.br
CUST1343,Mercado Souza Me,76.812.945/0001-70,DF,Taguatinga,Pet,Enterprise,VendeFácil Pay,2212.85,Cancelado,contato@mercadosouzame.com.br
CUST1344,Rede Silva Ltda,46.198.270/0001-50,RS,Pelotas,Alimentação,Pro,VendeFácil Loja,1480.12,Ativo,contato@redesilvaltda.com.br
CUST1345,Centro de Silveira S.A.,76.934.258/0001-27,DF,Águas Claras,Conveniência,Pro,VendeFácil Loja,1409.02,Ativo,contato@centrodesilveir.com.br
CUST1346,Mundo da Caldeira S.A.,96.814.253/0001-78,PE,Jaboatão dos Guararapes,Varejo Cultural,Pro,VendeFácil Loja,942.74,Ativo,contato@mundodacaldeira.com.br
CUST1347,Casa do Azevedo Ltda,72.048.631/0001-91,PE,Jaboatão dos Guararapes,Calçados,Enterprise,VendeFácil Estoque,2594.25,Ativo,contato@casadoazevedolt.com.br
CUST1348,Rede Pereira Eireli,85.607.124/0001-92,PE,Jaboatão dos Guararapes,Automotivo,Pro,VendeFácil Estoque,1280.14,Ativo,contato@redepereiraeire.com.br
CUST1349,Lojas Vieira Eireli,25.301.946/0001-19,DF,Taguatinga,Conveniência,Pro,VendeFácil Loja,814.73,Ativo,contato@lojasvieiraeire.com.br
CUST1350,Mundo da Vasconcelos Ltda,51.029.764/0001-40,ES,Vila Velha,Farmácia,Pro,VendeFácil Estoque,796.83,Ativo,contato@mundodavasconce.com.br
CUST1351,Mercado Martins Ltda,95.340.726/0001-80,DF,Taguatinga,Calçados,Basic,VendeFácil PDV,420.66,Ativo,contato@mercadomartinsl.com.br
CUST1352,Rede Cunha Ltda,83.142.605/0001-44,MG,Belo Horizonte,Alimentação,Pro,VendeFácil Estoque,1250.58,Ativo,contato@redecunhaltda.com.br
CUST1353,Distribuidora Ramos S.A.,69.582.140/0001-11,MG,Uberlândia,Eletrônicos,Enterprise,VendeFácil Estoque,3209.21,Inativo,contato@distribuidorara.com.br
CUST1354,Casa do Monteiro S.A.,70.438.569/0001-19,RJ,Volta Redonda,Cosméticos,Pro,VendeFácil Analytics,1461.6,Ativo,contato@casadomonteiros.com.br
CUST1355,Mercado Peixoto Ltda,56.340.298/0001-33,RS,Porto Alegre,Eletrônicos,Enterprise,VendeFácil Estoque,2327.93,Ativo,contato@mercadopeixotol.com.br
CUST1356,Mercado Viana S.A.,90.721.386/0001-13,SP,Sorocaba,Farmácia,Enterprise,VendeFácil Pay,3041.04,Ativo,contato@mercadovianasa.com.br
CUST1357,Comércio de Moura Eireli,05.973.682/0001-32,MG,Montes Claros,Pet,Pro,VendeFácil Analytics,960.53,Ativo,contato@comérciodemoura.com.br
CUST1358,Atacado da Rosa Me,45.830.921/0001-10,ES,Vitória,Automotivo,Pro,VendeFácil Estoque,1394.0,Ativo,contato@atacadodarosame.com.br
CUST1359,Mercado Pimenta Comercial,06.453.891/0001-18,SP,Santos,Farmácia,Pro,VendeFácil Loja,1446.32,Inativo,contato@mercadopimentac.com.br
CUST1360,Mundo da Pinto S.A.,10.386.954/0001-38,RJ,Niterói,Pet,Enterprise,VendeFácil Pay,2268.78,Ativo,contato@mundodapintosa.com.br
CUST1361,Casa do Sales Me,63.201.794/0001-71,ES,Serra,Cosméticos,Pro,VendeFácil Loja,1043.87,Ativo,contato@casadosalesme.com.br
CUST1362,Lojas Aragão Eireli,40.182.657/0001-31,PR,Curitiba,Supermercado,Pro,VendeFácil Estoque,1255.56,Ativo,contato@lojasaragãoeire.com.br
CUST1363,Atacado Sales S.A.,96.451.830/0001-04,PE,Caruaru,Farmácia,Basic,VendeFácil PDV,415.57,Cancelado,contato@atacadosalessa.com.br
CUST1364,Casa do Cardoso Eireli,52.693.018/0001-10,SP,Santos,Alimentação,Pro,VendeFácil Estoque,1248.9,Ativo,contato@casadocardosoei.com.br
CUST1365,Comércio de Mendes Eireli,74.569.310/0001-68,PE,Caruaru,Cosméticos,Enterprise,VendeFácil Estoque,2433.54,Ativo,contato@comérciodemende.com.br
CUST1366,Comércio de da Luz Eireli,41.598.703/0001-40,BA,Camaçari,Eletrônicos,Enterprise,VendeFácil Pay,2489.64,Ativo,contato@comérciodedaluz.com.br
CUST1367,Comércio de Monteiro Ltda,03.951.847/0001-40,SP,Bauru,Eletrônicos,Enterprise,VendeFácil Pay,2887.23,Ativo,contato@comérciodemonte.com.br
CUST1368,Centro de Mendonça Eireli,15.364.829/0001-40,RS,Pelotas,Supermercado,Pro,VendeFácil Estoque,1396.04,Ativo,contato@centrodemendonç.com.br
CUST1369,Lojas Santos Me,72.196.835/0001-70,RJ,Rio de Janeiro,Supermercado,Pro,VendeFácil Loja,1052.6,Ativo,contato@lojassantosme.com.br
CUST1370,Mercado Pinto S.A.,83.610.295/0001-45,PE,Jaboatão dos Guararapes,Eletrônicos,Pro,VendeFácil Analytics,1031.87,Ativo,contato@mercadopintosa.com.br
CUST1371,Empório Rodrigues Ltda,41.230.589/0001-00,SP,Ribeirão Preto,Pet,Enterprise,VendeFácil Estoque,1942.16,Cancelado,contato@empóriorodrigue.com.br
CUST1372,Lojas Marques Ltda,24.035.861/0001-73,DF,Brasília,Conveniência,Enterprise,VendeFácil Pay,1903.28,Ativo,contato@lojasmarquesltd.com.br
CUST1373,Mundo da da Luz S.A.,18.923.745/0001-98,RJ,Petrópolis,Alimentação,Basic,VendeFácil PDV,349.01,Ativo,contato@mundodadaluzsa.com.br
CUST1374,Atacado Montenegro Eireli,68.503.249/0001-53,RJ,Volta Redonda,Calçados,Pro,VendeFácil Estoque,1236.27,Ativo,contato@atacadomonteneg.com.br
CUST1375,Lojas Aragão Ltda,69.321.758/0001-28,BA,Vitória da Conquista,Automotivo,Enterprise,VendeFácil Estoque,3012.4,Ativo,contato@lojasaragãoltda.com.br
CUST1376,Mundo da da Mota Eireli,87.605.914/0001-64,ES,Vitória,Cosméticos,Pro,VendeFácil Estoque,1077.14,Ativo,contato@mundodadamotaei.com.br
CUST1377,Lojas Câmara Me,10.842.975/0001-10,CE,Juazeiro do Norte,Cosméticos,Enterprise,VendeFácil Pay,2228.45,Ativo,contato@lojascâmarame.com.br
CUST1378,Comércio de Brito Eireli,43.687.012/0001-49,SP,Bauru,Alimentação,Enterprise,VendeFácil Estoque,2238.98,Ativo,contato@comérciodebrito.com.br
CUST1379,Casa do Sales Eireli,47.316.298/0001-07,RJ,Nova Iguaçu,Eletrônicos,Enterprise,VendeFácil Pay,2978.4,Ativo,contato@casadosaleseire.com.br
CUST1380,Mundo da Peixoto S.A.,40.179.532/0001-52,SC,Chapecó,Pet,Pro,VendeFácil Estoque,785.54,Ativo,contato@mundodapeixotos.com.br
CUST1381,Empório das Neves Ltda,32.570.149/0001-00,PR,Curitiba,Farmácia,Basic,VendeFácil PDV,372.54,Ativo,contato@empóriodasneves.com.br
CUST1382,Mercado Marques Me,20.739.816/0001-49,RS,Pelotas,Alimentação,Enterprise,VendeFácil Pay,1949.05,Ativo,contato@mercadomarquesm.com.br
CUST1383,Distribuidora Barbosa Comercial,20.534.867/0001-34,RS,Santa Maria,Vestuário,Enterprise,VendeFácil Estoque,3386.72,Ativo,contato@distribuidoraba.com.br
CUST1384,Atacado Melo Ltda,10.845.296/0001-03,GO,Goiânia,Cosméticos,Pro,VendeFácil Analytics,884.26,Ativo,contato@atacadomeloltda.com.br
CUST1385,Empório Montenegro S.A.,29.108.537/0001-51,SC,Blumenau,Pet,Enterprise,VendeFácil Pay,2072.84,Ativo,contato@empóriomonteneg.com.br
CUST1386,Centro de Sousa S.A.,58.493.271/0001-06,DF,Brasília,Varejo Cultural,Pro,VendeFácil Analytics,1522.38,Ativo,contato@centrodesousasa.com.br
CUST1387,Lojas Albuquerque S.A.,54.987.630/0001-20,MG,Uberaba,Automotivo,Enterprise,VendeFácil Pay,3016.34,Ativo,contato@lojasalbuquerqu.com.br
CUST1388,Comércio de da Mata S.A.,80.231.574/0001-00,ES,Cariacica,Farmácia,Enterprise,VendeFácil Estoque,2049.27,Ativo,contato@comérciodedamat.com.br
CUST1389,Centro de Alves Me,36.517.089/0001-05,DF,Taguatinga,Eletrônicos,Enterprise,VendeFácil Pay,3189.19,Ativo,contato@centrodealvesme.com.br
CUST1390,Mundo da Porto Ltda,14.789.265/0001-25,PE,Jaboatão dos Guararapes,Varejo Cultural,Pro,VendeFácil Loja,1052.22,Inativo,contato@mundodaportoltd.com.br
CUST1391,Lojas Gonçalves Comercial,96.421.083/0001-61,DF,Águas Claras,Vestuário,Pro,VendeFácil Estoque,1398.06,Ativo,contato@lojasgonçalvesc.com.br
CUST1392,Centro de Campos Ltda,67.520.839/0001-21,ES,Cariacica,Farmácia,Basic,VendeFácil PDV,328.52,Inativo,contato@centrodecamposl.com.br
CUST1393,Distribuidora Casa Grande Me,72.496.185/0001-88,PE,Recife,Automotivo,Pro,VendeFácil Loja,918.8,Ativo,contato@distribuidoraca.com.br
CUST1394,Casa do da Paz Me,14.037.926/0001-66,GO,Anápolis,Varejo Cultural,Basic,VendeFácil PDV,314.23,Ativo,contato@casadodapazme.com.br
CUST1395,Rede Campos Eireli,07.493.265/0001-18,PE,Olinda,Automotivo,Enterprise,VendeFácil Estoque,3378.66,Inativo,contato@redecamposeirel.com.br
CUST1396,Lojas da Cunha Eireli,25.467.810/0001-83,MG,Contagem,Construção,Pro,VendeFácil Analytics,1156.77,Ativo,contato@lojasdacunhaeir.com.br
CUST1397,Centro de Silva Eireli,42.379.085/0001-00,SC,Criciúma,Cosméticos,Pro,VendeFácil Loja,1061.58,Ativo,contato@centrodesilvaei.com.br
CUST1398,Centro de Andrade Ltda,75.368.941/0001-81,PR,Curitiba,Cosméticos,Enterprise,VendeFácil Estoque,1991.29,Ativo,contato@centrodeandrade.com.br
CUST1399,Distribuidora Brito S.A.,49.817.325/0001-50,RJ,Rio de Janeiro,Construção,Pro,VendeFácil Analytics,968.65,Ativo,contato@distribuidorabr.com.br
CUST1400,Centro de Carvalho Eireli,34.298.175/0001-49,BA,Camaçari,Conveniência,Basic,VendeFácil PDV,369.79,Ativo,contato@centrodecarvalh.com.br
CUST1401,Mundo da Barros Eireli,47.236.018/0001-50,SP,Campinas,Alimentação,Enterprise,VendeFácil Estoque,2073.36,Cancelado,contato@mundodabarrosei.com.br
CUST1402,Casa do Macedo S.A.,58.932.641/0001-64,RS,Canoas,Varejo Cultural,Basic,VendeFácil PDV,363.46,Cancelado,contato@casadomacedosa.com.br
CUST1403,Casa do Jesus S.A.,70.863.912/0001-72,DF,Águas Claras,Farmácia,Pro,VendeFácil Loja,1118.21,Ativo,contato@casadojesussa.com.br
CUST1404,Mundo da da Rosa Ltda,38.514.720/0001-48,ES,Vila Velha,Varejo Cultural,Enterprise,VendeFácil Pay,1843.85,Ativo,contato@mundodadarosalt.com.br
CUST1405,Mundo da Sá Me,62.950.347/0001-52,SC,Chapecó,Automotivo,Pro,VendeFácil Estoque,785.15,Inativo,contato@mundodasáme.com.br
CUST1406,Atacado Barros Eireli,04.128.963/0001-26,PR,Londrina,Farmácia,Pro,VendeFácil Estoque,795.02,Ativo,contato@atacadobarrosei.com.br
CUST1407,Mundo da Mendes Me,50.194.682/0001-99,BA,Feira de Santana,Conveniência,Pro,VendeFácil Loja,928.85,Ativo,contato@mundodamendesme.com.br
CUST1408,Centro de Costela S.A.,82.716.593/0001-51,PR,Londrina,Vestuário,Pro,VendeFácil Loja,1459.36,Ativo,contato@centrodecostela.com.br
CUST1409,Centro de das Neves Comercial,07.396.512/0001-68,DF,Águas Claras,Varejo Cultural,Enterprise,VendeFácil Estoque,2812.51,Ativo,contato@centrodedasneve.com.br
CUST1410,Empório Campos Ltda,81.390.752/0001-08,RS,Porto Alegre,Calçados,Enterprise,VendeFácil Estoque,2825.58,Ativo,contato@empóriocamposlt.com.br
CUST1411,Mundo da Macedo Me,60.123.578/0001-67,RJ,Volta Redonda,Alimentação,Pro,VendeFácil Analytics,1498.23,Ativo,contato@mundodamacedome.com.br
CUST1412,Rede Nogueira Ltda,47.138.059/0001-04,CE,Fortaleza,Automotivo,Pro,VendeFácil Estoque,1162.29,Ativo,contato@redenogueiraltd.com.br
CUST1413,Lojas Souza Comercial,32.976.845/0001-03,MG,Montes Claros,Calçados,Pro,VendeFácil Estoque,1023.11,Ativo,contato@lojassouzacomer.com.br
CUST1414,Rede Brito Ltda,97.582.346/0001-87,BA,Feira de Santana,Varejo Cultural,Pro,VendeFácil Estoque,1369.04,Cancelado,contato@redebritoltda.com.br
CUST1415,Distribuidora Caldeira Eireli,76.810.235/0001-00,SC,Blumenau,Supermercado,Pro,VendeFácil Loja,1427.66,Ativo,contato@distribuidoraca.com.br
CUST1416,Mundo da Nunes Comercial,60.485.739/0001-62,ES,Cariacica,Pet,Pro,VendeFácil Analytics,1113.8,Ativo,contato@mundodanunescom.com.br
CUST1417,Rede Fogaça S.A.,27.890.163/0001-43,SC,Florianópolis,Alimentação,Pro,VendeFácil Analytics,1171.29,Ativo,contato@redefogaçasa.com.br
CUST1418,Mundo da Montenegro Me,35.640.179/0001-26,CE,Sobral,Pet,Pro,VendeFácil Loja,1391.56,Ativo,contato@mundodamonteneg.com.br
CUST1419,Mundo da Rezende Ltda,95.781.246/0001-54,DF,Brasília,Farmácia,Basic,VendeFácil PDV,317.93,Ativo,contato@mundodarezendel.com.br
CUST1420,Atacado Azevedo Eireli,76.945.120/0001-23,PE,Recife,Conveniência,Pro,VendeFácil Analytics,1227.52,Ativo,contato@atacadoazevedoe.com.br
CUST1421,Casa do Sampaio Ltda,59.607.814/0001-31,RS,Caxias do Sul,Automotivo,Enterprise,VendeFácil Pay,2333.51,Ativo,contato@casadosampaiolt.com.br
CUST1422,Mercado Brito Me,17.829.503/0001-77,SC,Chapecó,Pet,Enterprise,VendeFácil Estoque,3026.14,Ativo,contato@mercadobritome.com.br
CUST1423,Mundo da Siqueira S.A.,69.104.283/0001-18,RS,Santa Maria,Construção,Pro,VendeFácil Loja,1415.73,Ativo,contato@mundodasiqueira.com.br
CUST1424,Centro de Souza Comercial,17.548.093/0001-96,MG,Uberaba,Supermercado,Basic,VendeFácil PDV,305.25,Ativo,contato@centrodesouzaco.com.br
CUST1425,Mundo da Caldeira S.A.,76.254.810/0001-36,SC,Blumenau,Alimentação,Enterprise,VendeFácil Pay,3189.96,Ativo,contato@mundodacaldeira.com.br
CUST1426,Mundo da da Cunha S.A.,79.416.532/0001-64,GO,Rio Verde,Supermercado,Enterprise,VendeFácil Pay,2400.74,Inativo,contato@mundodadacunhas.com.br
CUST1427,Lojas Vieira Comercial,31.056.784/0001-01,BA,Vitória da Conquista,Eletrônicos,Pro,VendeFácil Estoque,1034.31,Ativo,contato@lojasvieiracome.com.br
CUST1428,Empório Carvalho S.A.,05.647.928/0001-86,SP,Bauru,Conveniência,Pro,VendeFácil Loja,1386.14,Ativo,contato@empóriocarvalho.com.br
CUST1429,Lojas Rodrigues Ltda,87.361.492/0001-29,SP,Campinas,Supermercado,Pro,VendeFácil Analytics,858.65,Ativo,contato@lojasrodriguesl.com.br
CUST1430,Casa do Fogaça Me,58.260.347/0001-53,GO,Goiânia,Cosméticos,Pro,VendeFácil Analytics,868.97,Ativo,contato@casadofogaçame.com.br
CUST1431,Comércio de Garcia Eireli,19.264.703/0001-55,RJ,Niterói,Conveniência,Pro,VendeFácil Estoque,943.0,Ativo,contato@comérciodegarci.com.br
CUST1432,Rede Monteiro Ltda,30.581.247/0001-00,PR,Curitiba,Construção,Basic,VendeFácil PDV,487.0,Ativo,contato@redemonteiroltd.com.br
CUST1433,Lojas Santos Ltda,51.270.486/0001-19,SP,Jundiaí,Cosméticos,Basic,VendeFácil PDV,321.42,Ativo,contato@lojassantosltda.com.br
CUST1434,Mercado Pimenta Eireli,84.690.752/0001-11,SP,Jundiaí,Varejo Cultural,Pro,VendeFácil Estoque,1004.02,Ativo,contato@mercadopimentae.com.br
CUST1435,Empório Melo Eireli,40.823.615/0001-32,SP,Jundiaí,Conveniência,Basic,VendeFácil PDV,342.06,Ativo,contato@empóriomeloeire.com.br
CUST1436,Rede Teixeira Ltda,02.345.897/0001-10,RJ,Niterói,Construção,Basic,VendeFácil PDV,480.73,Ativo,contato@redeteixeiraltd.com.br
CUST1437,Mercado Monteiro S.A.,10.583.462/0001-32,SP,Santos,Varejo Cultural,Pro,VendeFácil Analytics,1596.19,Ativo,contato@mercadomonteiro.com.br
CUST1438,Centro de Mendes Comercial,24.076.319/0001-69,CE,Juazeiro do Norte,Farmácia,Pro,VendeFácil Estoque,1143.97,Ativo,contato@centrodemendesc.com.br
CUST1439,Lojas Ferreira S.A.,67.491.083/0001-30,RJ,Niterói,Varejo Cultural,Basic,VendeFácil PDV,479.71,Ativo,contato@lojasferreirasa.com.br
CUST1440,Empório Vasconcelos Comercial,38.657.094/0001-49,SP,Ribeirão Preto,Construção,Pro,VendeFácil Loja,1137.1,Cancelado,contato@empóriovasconce.com.br
CUST1441,Mundo da Gomes S.A.,62.953.410/0001-04,ES,Serra,Automotivo,Enterprise,VendeFácil Estoque,3194.42,Ativo,contato@mundodagomessa.com.br
CUST1442,Mundo da Macedo Ltda,15.892.304/0001-88,PR,Londrina,Vestuário,Enterprise,VendeFácil Estoque,3253.66,Ativo,contato@mundodamacedolt.com.br
CUST1443,Casa do da Conceição Eireli,10.375.486/0001-04,GO,Anápolis,Alimentação,Pro,VendeFácil Estoque,1369.95,Ativo,contato@casadodaconceiç.com.br
CUST1444,Comércio de Silveira Comercial,30.187.954/0001-16,GO,Anápolis,Varejo Cultural,Enterprise,VendeFácil Pay,1950.58,Ativo,contato@comérciodesilve.com.br
CUST1445,Centro de Aparecida Me,59.321.478/0001-66,SC,Blumenau,Conveniência,Basic,VendeFácil PDV,389.88,Inativo,contato@centrodeapareci.com.br
CUST1446,Centro de Ribeiro Me,19.824.736/0001-02,GO,Rio Verde,Construção,Enterprise,VendeFácil Pay,2957.36,Ativo,contato@centroderibeiro.com.br
CUST1447,Lojas Sousa Me,53.792.648/0001-04,BA,Salvador,Farmácia,Pro,VendeFácil Estoque,1275.88,Ativo,contato@lojassousame.com.br
CUST1448,Empório da Cruz Ltda,84.579.603/0001-80,RS,Porto Alegre,Vestuário,Enterprise,VendeFácil Estoque,2494.66,Ativo,contato@empóriodacruzlt.com.br
CUST1449,Rede Ferreira Me,67.401.583/0001-33,MG,Contagem,Calçados,Basic,VendeFácil PDV,443.36,Ativo,contato@redeferreirame.com.br
CUST1450,Comércio de Sousa Ltda,83.125.709/0001-40,RS,Santa Maria,Farmácia,Pro,VendeFácil Analytics,1062.71,Ativo,contato@comérciodesousa.com.br
CUST1451,Distribuidora Sampaio Comercial,79.103.628/0001-72,CE,Juazeiro do Norte,Calçados,Enterprise,VendeFácil Pay,3124.78,Ativo,contato@distribuidorasa.com.br
CUST1452,Comércio de Pastor Ltda,64.102.837/0001-24,ES,Cariacica,Conveniência,Pro,VendeFácil Analytics,1088.34,Ativo,contato@comérciodepasto.com.br
CUST1453,Lojas Almeida Comercial,69.701.538/0001-20,PE,Caruaru,Supermercado,Pro,VendeFácil Loja,1094.87,Ativo,contato@lojasalmeidacom.com.br
CUST1454,Rede Ribeiro Ltda,68.052.794/0001-70,SC,Criciúma,Pet,Pro,VendeFácil Estoque,1124.67,Ativo,contato@rederibeiroltda.com.br
CUST1455,Centro de Pereira Ltda,54.360.271/0001-87,PE,Olinda,Alimentação,Pro,VendeFácil Analytics,877.76,Ativo,contato@centrodepereira.com.br
CUST1456,Atacado Viana Me,01.657.238/0001-57,SC,Florianópolis,Farmácia,Pro,VendeFácil Analytics,921.34,Ativo,contato@atacadovianame.com.br
CUST1457,Rede Oliveira Ltda,98.413.560/0001-72,SC,Blumenau,Pet,Basic,VendeFácil PDV,411.29,Ativo,contato@redeoliveiraltd.com.br
CUST1458,Distribuidora Albuquerque Me,49.178.253/0001-49,BA,Vitória da Conquista,Calçados,Pro,VendeFácil Analytics,1220.0,Ativo,contato@distribuidoraal.com.br
CUST1459,Distribuidora Gonçalves Me,04.527.693/0001-26,GO,Goiânia,Supermercado,Pro,VendeFácil Estoque,781.09,Ativo,contato@distribuidorago.com.br
CUST1460,Empório das Neves Comercial,95.461.370/0001-32,DF,Águas Claras,Vestuário,Pro,VendeFácil Estoque,807.21,Ativo,contato@empóriodasneves.com.br
CUST1461,Distribuidora Macedo Me,07.923.415/0001-86,MG,Belo Horizonte,Construção,Basic,VendeFácil PDV,322.16,Inativo,contato@distribuidorama.com.br
CUST1462,Rede Araújo Eireli,91.476.208/0001-37,SC,Criciúma,Pet,Pro,VendeFácil Loja,1289.07,Inativo,contato@redearaújoeirel.com.br
CUST1463,Mundo da Cirino Eireli,49.863.172/0001-88,SP,Ribeirão Preto,Varejo Cultural,Pro,VendeFácil Estoque,1239.47,Inativo,contato@mundodacirinoei.com.br
CUST1464,Casa do Cavalcanti Me,20.385.619/0001-79,ES,Vitória,Eletrônicos,Enterprise,VendeFácil Pay,2136.73,Ativo,contato@casadocavalcant.com.br
CUST1465,Distribuidora Montenegro Me,75.048.192/0001-05,SC,Chapecó,Vestuário,Basic,VendeFácil PDV,352.76,Ativo,contato@distribuidoramo.com.br
CUST1466,Distribuidora da Luz Ltda,40.597.813/0001-25,CE,Caucaia,Conveniência,Enterprise,VendeFácil Estoque,3076.43,Ativo,contato@distribuidorada.com.br
CUST1467,Mundo da Caldeira S.A.,18.704.695/0001-58,PE,Recife,Vestuário,Basic,VendeFácil PDV,434.1,Ativo,contato@mundodacaldeira.com.br
CUST1468,Centro de Duarte Me,95.608.327/0001-57,PE,Recife,Varejo Cultural,Pro,VendeFácil Estoque,1279.1,Ativo,contato@centrodeduartem.com.br
CUST1469,Lojas Alves S.A.,59.837.261/0001-03,PR,Ponta Grossa,Conveniência,Pro,VendeFácil Estoque,1301.07,Ativo,contato@lojasalvessa.com.br
CUST1470,Comércio de Pinto Ltda,02.598.163/0001-43,SC,Chapecó,Automotivo,Enterprise,VendeFácil Pay,2518.85,Ativo,contato@comérciodepinto.com.br
CUST1471,Distribuidora Pereira S.A.,35.819.402/0001-05,PR,Ponta Grossa,Alimentação,Enterprise,VendeFácil Estoque,2391.43,Inativo,contato@distribuidorape.com.br
CUST1472,Lojas Silveira Me,26.107.439/0001-01,PE,Recife,Calçados,Basic,VendeFácil PDV,348.11,Inativo,contato@lojassilveirame.com.br
CUST1473,Centro de Siqueira Ltda,18.043.659/0001-90,MG,Ipatinga,Conveniência,Enterprise,VendeFácil Pay,2433.7,Ativo,contato@centrodesiqueir.com.br
CUST1474,Empório da Mata Ltda,34.921.657/0001-03,SC,Chapecó,Vestuário,Pro,VendeFácil Estoque,1008.0,Ativo,contato@empóriodamatalt.com.br
CUST1475,Mundo da Dias S.A.,13.758.209/0001-60,PE,Olinda,Varejo Cultural,Basic,VendeFácil PDV,309.83,Ativo,contato@mundodadiassa.com.br
CUST1476,Casa do Novais Comercial,81.573.496/0001-94,PR,Londrina,Pet,Pro,VendeFácil Estoque,1136.13,Ativo,contato@casadonovaiscom.com.br
CUST1477,Comércio de Viana Ltda,63.241.857/0001-13,BA,Salvador,Conveniência,Basic,VendeFácil PDV,429.27,Cancelado,contato@comérciodeviana.com.br
CUST1478,Atacado da Luz S.A.,45.806.392/0001-19,MG,Belo Horizonte,Cosméticos,Pro,VendeFácil Loja,967.14,Ativo,contato@atacadodaluzsa.com.br
CUST1479,Atacado Casa Grande Eireli,97.318.064/0001-77,GO,Rio Verde,Pet,Pro,VendeFácil Analytics,925.98,Ativo,contato@atacadocasagran.com.br
CUST1480,Atacado Leão Ltda,48.750.169/0001-95,RS,Caxias do Sul,Vestuário,Pro,VendeFácil Loja,1245.83,Ativo,contato@atacadoleãoltda.com.br
CUST1481,Comércio de Alves S.A.,21.946.358/0001-81,SP,Ribeirão Preto,Eletrônicos,Enterprise,VendeFácil Estoque,2895.39,Ativo,contato@comérciodealves.com.br
CUST1482,Mercado Cardoso Eireli,68.352.091/0001-68,SC,Florianópolis,Alimentação,Pro,VendeFácil Estoque,965.9,Ativo,contato@mercadocardosoe.com.br
CUST1483,Lojas Pastor Ltda,91.075.238/0001-31,BA,Vitória da Conquista,Supermercado,Pro,VendeFácil Estoque,1383.34,Inativo,contato@lojaspastorltda.com.br
CUST1484,Casa do Pires Ltda,76.483.192/0001-04,GO,Anápolis,Automotivo,Enterprise,VendeFácil Pay,1801.41,Inativo,contato@casadopiresltda.com.br
CUST1485,Centro de Vargas Comercial,98.170.423/0001-54,MG,Belo Horizonte,Cosméticos,Enterprise,VendeFácil Estoque,3484.66,Ativo,contato@centrodevargasc.com.br
CUST1486,Casa do Rezende Eireli,76.531.420/0001-66,RJ,Niterói,Farmácia,Basic,VendeFácil PDV,360.92,Ativo,contato@casadorezendeei.com.br
CUST1487,Casa do da Conceição Ltda,47.509.831/0001-57,DF,Ceilândia,Eletrônicos,Pro,VendeFácil Loja,1264.39,Ativo,contato@casadodaconceiç.com.br
CUST1488,Rede Duarte Eireli,65.210.937/0001-37,SC,Blumenau,Calçados,Pro,VendeFácil Loja,1423.96,Ativo,contato@rededuarteeirel.com.br
CUST1489,Mundo da da Mota S.A.,95.126.704/0001-11,SP,Sorocaba,Conveniência,Enterprise,VendeFácil Pay,2819.5,Ativo,contato@mundodadamotasa.com.br
CUST1490,Mundo da da Mota Me,79.312.508/0001-85,ES,Vila Velha,Varejo Cultural,Pro,VendeFácil Analytics,873.18,Ativo,contato@mundodadamotame.com.br
CUST1491,Centro de Rios Eireli,42.179.560/0001-03,RS,Porto Alegre,Vestuário,Pro,VendeFácil Analytics,1329.05,Cancelado,contato@centroderioseir.com.br
CUST1492,Rede Peixoto Eireli,08.397.624/0001-04,CE,Caucaia,Construção,Enterprise,VendeFácil Estoque,2458.15,Ativo,contato@redepeixotoeire.com.br
CUST1493,Rede da Paz Ltda,96.741.320/0001-71,PR,Maringá,Vestuário,Basic,VendeFácil PDV,415.9,Ativo,contato@rededapazltda.com.br
CUST1494,Casa do Silva S.A.,17.632.098/0001-00,BA,Camaçari,Cosméticos,Pro,VendeFácil Loja,1001.89,Cancelado,contato@casadosilvasa.com.br
CUST1495,Atacado Siqueira Eireli,15.987.024/0001-53,PE,Jaboatão dos Guararapes,Eletrônicos,Pro,VendeFácil Loja,1236.66,Ativo,contato@atacadosiqueira.com.br
CUST1496,Rede Montenegro Ltda,54.796.802/0001-89,PR,Curitiba,Construção,Basic,VendeFácil PDV,390.77,Ativo,contato@redemontenegrol.com.br
CUST1497,Mercado Sales Ltda,50.689.427/0001-17,MG,Ipatinga,Construção,Basic,VendeFácil PDV,386.06,Ativo,contato@mercadosalesltd.com.br
CUST1498,Centro de Novais S.A.,09.314.762/0001-37,PR,Londrina,Varejo Cultural,Pro,VendeFácil Loja,1349.68,Ativo,contato@centrodenovaiss.com.br
CUST1499,Distribuidora Costa Me,47.231.680/0001-18,SP,Sorocaba,Alimentação,Enterprise,VendeFácil Estoque,2214.76,Ativo,contato@distribuidoraco.com.br
CUST1500,Mundo da Costa Eireli,18.307.652/0001-39,RS,Porto Alegre,Automotivo,Pro,VendeFácil Loja,974.11,Ativo,contato@mundodacostaeir.com.br
CUST1501,Mundo da Pimenta Me,32.095.864/0001-20,BA,Salvador,Construção,Pro,VendeFácil Loja,1217.93,Ativo,contato@mundodapimentam.com.br
CUST1502,Comércio de Pacheco Me,35.748.120/0001-56,GO,Aparecida de Goiânia,Conveniência,Pro,VendeFácil Estoque,912.51,Ativo,contato@comérciodepache.com.br
CUST1503,Lojas da Rocha Eireli,79.642.831/0001-17,PR,Curitiba,Construção,Enterprise,VendeFácil Pay,3097.97,Ativo,contato@lojasdarochaeir.com.br
CUST1504,Empório Brito Eireli,31.496.287/0001-16,BA,Salvador,Alimentação,Enterprise,VendeFácil Pay,2418.66,Ativo,contato@empóriobritoeir.com.br
CUST1505,Centro de Lima Ltda,12.785.063/0001-80,SC,Chapecó,Automotivo,Pro,VendeFácil Analytics,1571.09,Ativo,contato@centrodelimaltd.com.br
CUST1506,Rede Gonçalves Comercial,27.843.106/0001-03,BA,Salvador,Alimentação,Enterprise,VendeFácil Pay,3069.59,Ativo,contato@redegonçalvesco.com.br
CUST1507,Mercado da Mata Eireli,83.604.259/0001-79,SC,Joinville,Cosméticos,Enterprise,VendeFácil Pay,3059.88,Inativo,contato@mercadodamataei.com.br
CUST1508,Centro de Dias Eireli,69.738.201/0001-97,RJ,Volta Redonda,Conveniência,Basic,VendeFácil PDV,392.56,Ativo,contato@centrodediaseir.com.br
CUST1509,Empório Mendonça Comercial,35.029.816/0001-22,MG,Uberlândia,Supermercado,Pro,VendeFácil Loja,1380.93,Ativo,contato@empóriomendonça.com.br
CUST1510,Distribuidora Cavalcante Comercial,83.146.275/0001-65,SP,Sorocaba,Cosméticos,Pro,VendeFácil Analytics,1367.94,Inativo,contato@distribuidoraca.com.br
CUST1511,Casa do Nogueira S.A.,09.685.243/0001-85,ES,Vitória,Calçados,Pro,VendeFácil Estoque,1085.57,Ativo,contato@casadonogueiras.com.br
CUST1512,Mercado Azevedo Eireli,08.324.156/0001-30,RS,Caxias do Sul,Construção,Enterprise,VendeFácil Estoque,2397.43,Cancelado,contato@mercadoazevedoe.com.br
CUST1513,Distribuidora Gonçalves Comercial,34.276.915/0001-46,GO,Aparecida de Goiânia,Farmácia,Basic,VendeFácil PDV,300.01,Ativo,contato@distribuidorago.com.br
CUST1514,Casa do Siqueira Eireli,30.867.452/0001-36,SP,SJC,Vestuário,Basic,VendeFácil PDV,394.75,Ativo,contato@casadosiqueirae.com.br
CUST1515,Comércio de Gonçalves Comercial,70.296.815/0001-45,MG,Uberlândia,Construção,Pro,VendeFácil Analytics,1212.79,Ativo,contato@comérciodegonça.com.br
CUST1516,Mundo da Vargas S.A.,30.458.976/0001-73,PR,Cascavel,Conveniência,Pro,VendeFácil Analytics,1494.49,Ativo,contato@mundodavargassa.com.br
CUST1517,Lojas Sousa Comercial,41.809.365/0001-49,ES,Vitória,Alimentação,Pro,VendeFácil Estoque,1282.06,Ativo,contato@lojassousacomer.com.br
CUST1518,Rede Souza Eireli,82.154.379/0001-59,DF,Taguatinga,Automotivo,Pro,VendeFácil Analytics,1067.53,Ativo,contato@redesouzaeireli.com.br
CUST1519,Mundo da das Neves Eireli,56.028.317/0001-90,SC,Blumenau,Pet,Pro,VendeFácil Analytics,1373.24,Ativo,contato@mundodadasneves.com.br
CUST1520,Rede da Luz Me,97.623.015/0001-48,RJ,Rio de Janeiro,Construção,Pro,VendeFácil Analytics,940.09,Ativo,contato@rededaluzme.com.br
CUST1521,Casa do Novais Me,47.958.613/0001-08,MG,Ipatinga,Supermercado,Pro,VendeFácil Loja,1473.96,Ativo,contato@casadonovaisme.com.br
CUST1522,Empório Almeida Comercial,76.584.039/0001-65,MG,Juiz de Fora,Varejo Cultural,Enterprise,VendeFácil Pay,2998.18,Ativo,contato@empórioalmeidac.com.br
CUST1523,Rede Oliveira Me,06.372.895/0001-71,BA,Salvador,Alimentação,Enterprise,VendeFácil Estoque,2142.24,Ativo,contato@redeoliveirame.com.br
CUST1524,Casa do das Neves Eireli,52.104.793/0001-92,PE,Jaboatão dos Guararapes,Construção,Enterprise,VendeFácil Estoque,2384.69,Ativo,contato@casadodasnevese.com.br
CUST1525,Centro de Pastor Me,31.294.680/0001-27,PE,Jaboatão dos Guararapes,Cosméticos,Enterprise,VendeFácil Estoque,3383.86,Ativo,contato@centrodepastorm.com.br
CUST1526,Rede Vargas Eireli,74.625.910/0001-04,RJ,Nova Iguaçu,Varejo Cultural,Enterprise,VendeFácil Pay,3137.27,Ativo,contato@redevargaseirel.com.br
CUST1527,Distribuidora Duarte Eireli,96.025.138/0001-14,SP,São Paulo,Supermercado,Enterprise,VendeFácil Estoque,2154.69,Ativo,contato@distribuidoradu.com.br
CUST1528,Comércio de Monteiro Ltda,53.987.604/0001-30,ES,Cariacica,Varejo Cultural,Pro,VendeFácil Estoque,1387.86,Ativo,contato@comérciodemonte.com.br
CUST1529,Atacado Lima Ltda,16.280.953/0001-90,RJ,Nova Iguaçu,Pet,Pro,VendeFácil Analytics,1541.78,Ativo,contato@atacadolimaltda.com.br
CUST1530,Lojas Costa Me,71.036.859/0001-07,MG,Uberlândia,Automotivo,Pro,VendeFácil Loja,1224.57,Ativo,contato@lojascostame.com.br
CUST1531,Comércio de Souza S.A.,86.902.731/0001-48,SP,Jundiaí,Pet,Pro,VendeFácil Estoque,1392.77,Ativo,contato@comérciodesouza.com.br
CUST1532,Lojas Silveira Eireli,48.592.610/0001-58,PR,Ponta Grossa,Automotivo,Enterprise,VendeFácil Estoque,2357.74,Ativo,contato@lojassilveiraei.com.br
CUST1533,Distribuidora da Rocha S.A.,83.546.291/0001-45,CE,Caucaia,Farmácia,Enterprise,VendeFácil Pay,1833.94,Cancelado,contato@distribuidorada.com.br
CUST1534,Distribuidora Costela Me,52.849.301/0001-98,MG,Juiz de Fora,Supermercado,Pro,VendeFácil Loja,1342.07,Ativo,contato@distribuidoraco.com.br
CUST1535,Comércio de Leão Comercial,29.706.815/0001-72,RJ,Nova Iguaçu,Calçados,Enterprise,VendeFácil Estoque,2927.57,Ativo,contato@comérciodeleãoc.com.br
CUST1536,Distribuidora Sales Eireli,18.720.536/0001-47,PE,Olinda,Varejo Cultural,Enterprise,VendeFácil Pay,3059.66,Inativo,contato@distribuidorasa.com.br
CUST1537,Atacado Castro Ltda,15.328.097/0001-33,BA,Camaçari,Farmácia,Enterprise,VendeFácil Pay,1909.4,Ativo,contato@atacadocastrolt.com.br
CUST1538,Comércio de da Paz Me,64.583.210/0001-32,SP,Jundiaí,Vestuário,Basic,VendeFácil PDV,420.3,Ativo,contato@comérciodedapaz.com.br
CUST1539,Atacado Pastor Ltda,21.398.607/0001-41,PR,Ponta Grossa,Calçados,Pro,VendeFácil Loja,847.57,Inativo,contato@atacadopastorlt.com.br
CUST1540,Mercado Moreira Comercial,96.548.723/0001-07,CE,Caucaia,Eletrônicos,Enterprise,VendeFácil Pay,2500.07,Ativo,contato@mercadomoreirac.com.br
CUST1541,Mercado Pimenta Ltda,73.201.569/0001-99,DF,Brasília,Cosméticos,Pro,VendeFácil Analytics,1552.7,Cancelado,contato@mercadopimental.com.br
CUST1542,Lojas Casa Grande S.A.,29.760.853/0001-03,SC,Chapecó,Construção,Pro,VendeFácil Estoque,967.45,Ativo,contato@lojascasagrande.com.br
CUST1543,Rede Carvalho Comercial,87.653.249/0001-84,CE,Juazeiro do Norte,Conveniência,Basic,VendeFácil PDV,347.12,Ativo,contato@redecarvalhocom.com.br
CUST1544,Rede Teixeira Ltda,13.687.529/0001-77,DF,Brasília,Varejo Cultural,Basic,VendeFácil PDV,489.98,Ativo,contato@redeteixeiraltd.com.br
CUST1545,Casa do Moreira Comercial,58.147.923/0001-50,CE,Sobral,Alimentação,Pro,VendeFácil Loja,1306.33,Ativo,contato@casadomoreiraco.com.br
CUST1546,Comércio de Casa Grande Ltda,68.735.204/0001-04,RS,Pelotas,Pet,Pro,VendeFácil Analytics,1077.56,Ativo,contato@comérciodecasag.com.br
CUST1547,Mercado Lopes Comercial,52.068.394/0001-13,MG,Belo Horizonte,Vestuário,Enterprise,VendeFácil Pay,2651.39,Ativo,contato@mercadolopescom.com.br
CUST1548,Mundo da Lima Comercial,38.972.106/0001-20,PE,Recife,Pet,Pro,VendeFácil Analytics,1371.58,Ativo,contato@mundodalimacome.com.br
CUST1549,Empório Macedo Me,58.304.296/0001-14,RJ,Rio de Janeiro,Automotivo,Basic,VendeFácil PDV,479.43,Cancelado,contato@empóriomacedome.com.br
CUST1550,Mercado Freitas S.A.,48.092.753/0001-09,RS,Pelotas,Pet,Basic,VendeFácil PDV,347.63,Ativo,contato@mercadofreitass.com.br
CUST1551,Mercado Mendes S.A.,60.425.879/0001-45,BA,Salvador,Supermercado,Enterprise,VendeFácil Estoque,2299.88,Ativo,contato@mercadomendessa.com.br
CUST1552,Comércio de Melo Me,97.813.405/0001-80,PE,Jaboatão dos Guararapes,Construção,Basic,VendeFácil PDV,362.83,Ativo,contato@comérciodemelom.com.br
CUST1553,Distribuidora Freitas Me,02.861.934/0001-43,RJ,Campos dos Goytacazes,Pet,Pro,VendeFácil Analytics,1343.19,Ativo,contato@distribuidorafr.com.br
CUST1554,Comércio de Araújo Eireli,70.584.219/0001-60,CE,Caucaia,Automotivo,Enterprise,VendeFácil Estoque,3076.35,Ativo,contato@comérciodearaúj.com.br
CUST1555,Centro de Pimenta Me,05.871.423/0001-09,DF,Ceilândia,Varejo Cultural,Enterprise,VendeFácil Pay,2209.76,Ativo,contato@centrodepimenta.com.br
CUST1556,Rede Albuquerque Eireli,69.071.452/0001-60,SC,Criciúma,Eletrônicos,Basic,VendeFácil PDV,310.8,Inativo,contato@redealbuquerque.com.br
CUST1557,Atacado da Mata Comercial,12.708.495/0001-97,PR,Curitiba,Vestuário,Pro,VendeFácil Estoque,1296.93,Ativo,contato@atacadodamataco.com.br
CUST1558,Comércio de Montenegro Eireli,62.089.457/0001-71,RS,Porto Alegre,Varejo Cultural,Enterprise,VendeFácil Estoque,3206.21,Ativo,contato@comérciodemonte.com.br
CUST1559,Atacado Fernandes Comercial,71.906.582/0001-18,ES,Cariacica,Farmácia,Basic,VendeFácil PDV,399.78,Ativo,contato@atacadofernande.com.br
CUST1560,Casa do Borges Ltda,25.061.789/0001-11,BA,Vitória da Conquista,Farmácia,Basic,VendeFácil PDV,355.82,Ativo,contato@casadoborgesltd.com.br
CUST1561,Mundo da Freitas Comercial,71.325.849/0001-83,BA,Camaçari,Automotivo,Basic,VendeFácil PDV,344.89,Ativo,contato@mundodafreitasc.com.br
CUST1562,Rede Aragão Me,64.271.895/0001-81,MG,Ouro Preto,Supermercado,Enterprise,VendeFácil Pay,2868.19,Inativo,contato@redearagãome.com.br
CUST1563,Mundo da Câmara Eireli,34.912.576/0001-47,PR,Cascavel,Vestuário,Basic,VendeFácil PDV,368.19,Ativo,contato@mundodacâmaraei.com.br
CUST1564,Atacado Borges Comercial,75.829.436/0001-97,DF,Brasília,Farmácia,Enterprise,VendeFácil Pay,2343.35,Ativo,contato@atacadoborgesco.com.br
CUST1565,Lojas Rodrigues Eireli,20.614.579/0001-90,PE,Caruaru,Cosméticos,Enterprise,VendeFácil Estoque,2809.28,Ativo,contato@lojasrodriguese.com.br
CUST1566,Atacado Lopes Ltda,54.329.860/0001-00,PE,Jaboatão dos Guararapes,Alimentação,Basic,VendeFácil PDV,356.14,Ativo,contato@atacadolopesltd.com.br
CUST1567,Atacado Moraes Me,34.972.085/0001-91,RS,Santa Maria,Construção,Pro,VendeFácil Loja,1199.76,Ativo,contato@atacadomoraesme.com.br
CUST1568,Empório Ribeiro Me,27.934.856/0001-90,PR,Maringá,Conveniência,Enterprise,VendeFácil Pay,1817.27,Ativo,contato@empórioribeirom.com.br
CUST1569,Empório Garcia Eireli,90.578.263/0001-75,RJ,Volta Redonda,Automotivo,Basic,VendeFácil PDV,387.98,Ativo,contato@empóriogarciaei.com.br
CUST1570,Rede Leão Comercial,75.890.124/0001-99,ES,Vila Velha,Pet,Basic,VendeFácil PDV,415.91,Ativo,contato@redeleãocomerci.com.br
CUST1571,Atacado Castro Eireli,78.260.349/0001-50,SC,Florianópolis,Automotivo,Pro,VendeFácil Estoque,917.7,Ativo,contato@atacadocastroei.com.br
CUST1572,Mercado Oliveira S.A.,69.781.243/0001-00,RJ,Niterói,Conveniência,Pro,VendeFácil Estoque,845.49,Ativo,contato@mercadooliveira.com.br
CUST1573,Empório Fernandes Ltda,76.401.985/0001-29,SP,São Paulo,Alimentação,Enterprise,VendeFácil Estoque,2710.75,Ativo,contato@empóriofernande.com.br
CUST1574,Mercado Lima Me,46.019.823/0001-60,CE,Caucaia,Supermercado,Enterprise,VendeFácil Estoque,3487.15,Cancelado,contato@mercadolimame.com.br
CUST1575,Casa do Sampaio Ltda,83.215.709/0001-31,CE,Fortaleza,Cosméticos,Pro,VendeFácil Estoque,977.32,Ativo,contato@casadosampaiolt.com.br
CUST1576,Mundo da das Neves Ltda,25.731.609/0001-61,CE,Fortaleza,Vestuário,Pro,VendeFácil Estoque,961.76,Ativo,contato@mundodadasneves.com.br
CUST1577,Empório Casa Grande Me,32.480.175/0001-30,ES,Cariacica,Construção,Pro,VendeFácil Estoque,766.05,Ativo,contato@empóriocasagran.com.br
CUST1578,Mercado Lopes Me,13.254.709/0001-65,BA,Vitória da Conquista,Automotivo,Pro,VendeFácil Loja,1235.34,Ativo,contato@mercadolopesme.com.br
CUST1579,Centro de Castro Comercial,51.749.386/0001-70,RJ,Campos dos Goytacazes,Supermercado,Basic,VendeFácil PDV,421.81,Ativo,contato@centrodecastroc.com.br
CUST1580,Lojas Rios Eireli,67.390.814/0001-50,GO,Anápolis,Vestuário,Pro,VendeFácil Analytics,1473.05,Ativo,contato@lojasrioseireli.com.br
CUST1581,Centro de Teixeira Eireli,26.597.348/0001-00,ES,Vitória,Farmácia,Pro,VendeFácil Estoque,1117.51,Cancelado,contato@centrodeteixeir.com.br
CUST1582,Centro de Barbosa Eireli,57.014.693/0001-99,CE,Fortaleza,Eletrônicos,Basic,VendeFácil PDV,421.42,Ativo,contato@centrodebarbosa.com.br
CUST1583,Comércio de Fonseca Me,58.046.372/0001-39,SC,Blumenau,Vestuário,Enterprise,VendeFácil Pay,2210.29,Ativo,contato@comérciodefonse.com.br
CUST1584,Casa do da Conceição Eireli,27.301.986/0001-96,RS,Canoas,Varejo Cultural,Enterprise,VendeFácil Estoque,3455.83,Ativo,contato@casadodaconceiç.com.br
CUST1585,Casa do Fernandes Comercial,62.918.534/0001-59,SC,Florianópolis,Varejo Cultural,Enterprise,VendeFácil Pay,2507.9,Inativo,contato@casadofernandes.com.br
CUST1586,Lojas Mendes Comercial,04.617.395/0001-27,RS,Canoas,Pet,Pro,VendeFácil Estoque,1120.07,Ativo,contato@lojasmendescome.com.br
CUST1587,Atacado Barros Me,51.670.829/0001-32,RS,Canoas,Conveniência,Enterprise,VendeFácil Pay,2732.26,Ativo,contato@atacadobarrosme.com.br
CUST1588,Rede Oliveira Eireli,86.703.549/0001-68,SC,Florianópolis,Farmácia,Pro,VendeFácil Analytics,1165.77,Cancelado,contato@redeoliveiraeir.com.br
CUST1589,Atacado da Rosa Comercial,64.183.927/0001-97,ES,Vila Velha,Alimentação,Pro,VendeFácil Analytics,861.63,Ativo,contato@atacadodarosaco.com.br
CUST1590,Mundo da Silva Ltda,58.901.342/0001-62,DF,Águas Claras,Calçados,Basic,VendeFácil PDV,325.28,Ativo,contato@mundodasilvaltd.com.br
CUST1591,Mundo da Barros Eireli,20.574.916/0001-62,DF,Taguatinga,Farmácia,Pro,VendeFácil Estoque,1084.68,Ativo,contato@mundodabarrosei.com.br
CUST1592,Distribuidora Pimenta Me,76.032.941/0001-79,SC,Joinville,Pet,Enterprise,VendeFácil Estoque,2791.11,Ativo,contato@distribuidorapi.com.br
CUST1593,Distribuidora Marques Me,50.923.648/0001-08,SC,Criciúma,Cosméticos,Enterprise,VendeFácil Pay,1950.88,Ativo,contato@distribuidorama.com.br
CUST1594,Casa do Nogueira S.A.,42.983.051/0001-20,PE,Caruaru,Conveniência,Pro,VendeFácil Analytics,1405.52,Ativo,contato@casadonogueiras.com.br
CUST1595,Distribuidora da Rosa S.A.,01.579.436/0001-40,DF,Taguatinga,Calçados,Enterprise,VendeFácil Pay,3082.88,Inativo,contato@distribuidorada.com.br
CUST1596,Lojas Cavalcanti Comercial,18.975.634/0001-25,MG,Contagem,Conveniência,Enterprise,VendeFácil Estoque,2625.64,Ativo,contato@lojascavalcanti.com.br
CUST1597,Rede da Mota Comercial,57.369.480/0001-80,DF,Ceilândia,Farmácia,Pro,VendeFácil Estoque,943.28,Ativo,contato@rededamotacomer.com.br
CUST1598,Lojas Barbosa Ltda,59.014.732/0001-83,CE,Sobral,Construção,Pro,VendeFácil Loja,1068.85,Ativo,contato@lojasbarbosaltd.com.br
CUST1599,Empório Silveira Ltda,15.436.092/0001-24,DF,Taguatinga,Pet,Enterprise,VendeFácil Pay,2189.56,Inativo,contato@empóriosilveira.com.br
CUST1600,Comércio de da Cunha S.A.,16.987.425/0001-76,SC,Blumenau,Alimentação,Basic,VendeFácil PDV,357.57,Ativo,contato@comérciodedacun.com.br
CUST1601,Lojas Pimenta Ltda,89.350.276/0001-03,PR,Maringá,Cosméticos,Basic,VendeFácil PDV,484.9,Ativo,contato@lojaspimentaltd.com.br
CUST1602,Centro de Teixeira Comercial,64.278.035/0001-70,RS,Santa Maria,Eletrônicos,Pro,VendeFácil Estoque,767.78,Inativo,contato@centrodeteixeir.com.br
CUST1603,Rede Rocha Eireli,49.031.762/0001-44,RS,Porto Alegre,Automotivo,Basic,VendeFácil PDV,373.91,Ativo,contato@rederochaeireli.com.br
CUST1604,Distribuidora Cardoso Ltda,49.785.203/0001-20,DF,Águas Claras,Eletrônicos,Pro,VendeFácil Estoque,1290.17,Ativo,contato@distribuidoraca.com.br
CUST1605,Atacado Câmara Ltda,05.394.278/0001-04,PE,Caruaru,Automotivo,Pro,VendeFácil Loja,860.8,Ativo,contato@atacadocâmaralt.com.br
CUST1606,Centro de Leão Me,95.634.021/0001-75,SC,Florianópolis,Calçados,Pro,VendeFácil Estoque,1222.79,Ativo,contato@centrodeleãome.com.br
CUST1607,Empório Dias Ltda,57.239.618/0001-26,PR,Ponta Grossa,Conveniência,Enterprise,VendeFácil Estoque,2720.55,Ativo,contato@empóriodiasltda.com.br
CUST1608,Mercado Sampaio Ltda,26.430.759/0001-06,BA,Salvador,Calçados,Enterprise,VendeFácil Pay,2244.54,Ativo,contato@mercadosampaiol.com.br
CUST1609,Comércio de Mendonça Me,85.179.426/0001-07,RS,Caxias do Sul,Cosméticos,Pro,VendeFácil Analytics,1504.09,Ativo,contato@comérciodemendo.com.br
CUST1610,Comércio de da Rocha Ltda,57.801.492/0001-31,PE,Jaboatão dos Guararapes,Automotivo,Pro,VendeFácil Estoque,1226.81,Ativo,contato@comérciodedaroc.com.br
CUST1611,Comércio de Fogaça S.A.,96.870.235/0001-03,CE,Caucaia,Supermercado,Pro,VendeFácil Analytics,900.45,Ativo,contato@comérciodefogaç.com.br
CUST1612,Comércio de Garcia Me,82.640.537/0001-80,MG,Uberaba,Calçados,Pro,VendeFácil Loja,1229.36,Ativo,contato@comérciodegarci.com.br
CUST1613,Casa do Cunha Eireli,14.269.385/0001-00,PE,Jaboatão dos Guararapes,Construção,Pro,VendeFácil Estoque,1318.78,Ativo,contato@casadocunhaeire.com.br
CUST1614,Atacado Sá Eireli,36.428.059/0001-22,GO,Anápolis,Eletrônicos,Pro,VendeFácil Analytics,1071.56,Ativo,contato@atacadosáeireli.com.br
CUST1615,Empório Nascimento Ltda,86.397.541/0001-10,PE,Olinda,Vestuário,Enterprise,VendeFácil Estoque,2579.78,Ativo,contato@empórionascimen.com.br
CUST1616,Casa do Machado Comercial,29.680.471/0001-70,SC,Chapecó,Calçados,Pro,VendeFácil Estoque,1252.89,Ativo,contato@casadomachadoco.com.br
CUST1617,Mundo da Rezende Ltda,21.645.378/0001-12,BA,Feira de Santana,Supermercado,Pro,VendeFácil Loja,987.55,Ativo,contato@mundodarezendel.com.br
CUST1618,Casa do Correia Eireli,03.246.597/0001-47,CE,Juazeiro do Norte,Construção,Enterprise,VendeFácil Estoque,2408.19,Ativo,contato@casadocorreiaei.com.br
CUST1619,Mercado Oliveira Me,60.541.732/0001-10,BA,Vitória da Conquista,Supermercado,Pro,VendeFácil Loja,1139.85,Ativo,contato@mercadooliveira.com.br
CUST1620,Distribuidora Borges Comercial,50.647.193/0001-45,PE,Caruaru,Vestuário,Enterprise,VendeFácil Pay,3025.87,Ativo,contato@distribuidorabo.com.br
CUST1621,Mercado Freitas Eireli,32.751.869/0001-64,GO,Anápolis,Alimentação,Enterprise,VendeFácil Pay,2555.67,Cancelado,contato@mercadofreitase.com.br
CUST1622,Comércio de Azevedo Me,03.781.469/0001-01,SP,Santos,Varejo Cultural,Enterprise,VendeFácil Pay,1888.85,Ativo,contato@comérciodeazeve.com.br
CUST1623,Atacado Vieira S.A.,27.164.980/0001-14,CE,Caucaia,Alimentação,Enterprise,VendeFácil Pay,2353.74,Ativo,contato@atacadovieirasa.com.br
CUST1624,Mercado Martins Ltda,10.856.349/0001-83,SC,Blumenau,Pet,Pro,VendeFácil Estoque,1109.42,Ativo,contato@mercadomartinsl.com.br
CUST1625,Atacado Barbosa Me,64.158.907/0001-66,MG,Uberlândia,Eletrônicos,Pro,VendeFácil Analytics,1443.51,Ativo,contato@atacadobarbosam.com.br
CUST1626,Distribuidora Mendes Eireli,04.675.921/0001-05,MG,Montes Claros,Conveniência,Enterprise,VendeFácil Estoque,2295.69,Ativo,contato@distribuidorame.com.br
CUST1627,Distribuidora Silva Ltda,87.690.513/0001-50,ES,Cariacica,Alimentação,Enterprise,VendeFácil Estoque,3302.59,Inativo,contato@distribuidorasi.com.br
CUST1628,Lojas Teixeira Ltda,91.273.680/0001-72,CE,Sobral,Supermercado,Basic,VendeFácil PDV,448.53,Ativo,contato@lojasteixeiralt.com.br
CUST1629,Mundo da Vieira Comercial,73.402.685/0001-76,DF,Águas Claras,Vestuário,Enterprise,VendeFácil Pay,3003.02,Ativo,contato@mundodavieiraco.com.br
CUST1630,Rede Mendonça Eireli,34.527.961/0001-70,DF,Brasília,Construção,Pro,VendeFácil Loja,1121.23,Ativo,contato@redemendonçaeir.com.br
CUST1631,Atacado Sampaio Eireli,49.061.527/0001-15,BA,Vitória da Conquista,Pet,Basic,VendeFácil PDV,344.45,Ativo,contato@atacadosampaioe.com.br
CUST1632,Mundo da Câmara Me,59.428.167/0001-09,PR,Cascavel,Eletrônicos,Pro,VendeFácil Estoque,998.57,Cancelado,contato@mundodacâmarame.com.br
CUST1633,Comércio de Silva Eireli,74.256.189/0001-14,CE,Fortaleza,Automotivo,Pro,VendeFácil Estoque,1125.62,Ativo,contato@comérciodesilva.com.br
CUST1634,Distribuidora da Rocha Ltda,64.301.829/0001-07,SC,Chapecó,Cosméticos,Basic,VendeFácil PDV,428.56,Ativo,contato@distribuidorada.com.br
CUST1635,Mundo da Pacheco Comercial,04.578.631/0001-43,CE,Caucaia,Vestuário,Pro,VendeFácil Analytics,1295.06,Ativo,contato@mundodapachecoc.com.br
CUST1636,Empório Pinto S.A.,25.946.781/0001-32,PE,Jaboatão dos Guararapes,Supermercado,Pro,VendeFácil Analytics,1039.02,Ativo,contato@empóriopintosa.com.br
CUST1637,Atacado Mendonça S.A.,28.713.509/0001-09,MG,Contagem,Calçados,Enterprise,VendeFácil Pay,2638.22,Inativo,contato@atacadomendonça.com.br
CUST1638,Empório Azevedo Eireli,53.416.928/0001-18,CE,Sobral,Eletrônicos,Pro,VendeFácil Analytics,1084.76,Ativo,contato@empórioazevedoe.com.br
CUST1639,Distribuidora Vasconcelos Ltda,13.586.402/0001-61,DF,Águas Claras,Eletrônicos,Enterprise,VendeFácil Pay,3002.11,Cancelado,contato@distribuidorava.com.br
CUST1640,Distribuidora Viana S.A.,83.925.076/0001-55,BA,Salvador,Pet,Pro,VendeFácil Estoque,1241.98,Ativo,contato@distribuidoravi.com.br
CUST1641,Centro de Brito Eireli,58.124.903/0001-64,RS,Canoas,Farmácia,Basic,VendeFácil PDV,477.1,Ativo,contato@centrodebritoei.com.br
CUST1642,Mundo da Machado Me,98.312.640/0001-31,RJ,Nova Iguaçu,Eletrônicos,Pro,VendeFácil Analytics,1149.55,Ativo,contato@mundodamachadom.com.br
CUST1643,Lojas Sales S.A.,72.048.659/0001-29,DF,Ceilândia,Eletrônicos,Pro,VendeFácil Loja,1230.57,Ativo,contato@lojassalessa.com.br
CUST1644,Empório Souza Comercial,31.247.086/0001-85,PR,Cascavel,Conveniência,Pro,VendeFácil Estoque,1271.83,Cancelado,contato@empóriosouzacom.com.br
CUST1645,Lojas da Cruz S.A.,97.804.623/0001-59,GO,Anápolis,Automotivo,Pro,VendeFácil Analytics,1007.96,Ativo,contato@lojasdacruzsa.com.br
CUST1646,Distribuidora Barbosa Ltda,37.190.685/0001-96,CE,Sobral,Supermercado,Pro,VendeFácil Loja,1091.41,Ativo,contato@distribuidoraba.com.br
CUST1647,Distribuidora Nogueira Ltda,93.724.085/0001-31,PR,Londrina,Vestuário,Enterprise,VendeFácil Estoque,2050.16,Ativo,contato@distribuidorano.com.br
CUST1648,Comércio de Silveira Me,73.902.851/0001-01,GO,Rio Verde,Cosméticos,Pro,VendeFácil Estoque,793.4,Ativo,contato@comérciodesilve.com.br
CUST1649,Mundo da Pires Comercial,25.749.863/0001-97,ES,Vitória,Vestuário,Pro,VendeFácil Loja,998.93,Inativo,contato@mundodapirescom.com.br
CUST1650,Centro de da Cruz Comercial,54.893.016/0001-08,DF,Ceilândia,Varejo Cultural,Enterprise,VendeFácil Pay,2873.78,Inativo,contato@centrodedacruzc.com.br
CUST1651,Atacado Abreu S.A.,58.731.904/0001-77,ES,Vila Velha,Farmácia,Enterprise,VendeFácil Pay,2013.39,Ativo,contato@atacadoabreusa.com.br
CUST1652,Mundo da Rocha Me,41.725.980/0001-77,PR,Cascavel,Farmácia,Pro,VendeFácil Estoque,1267.97,Ativo,contato@mundodarochame.com.br
CUST1653,Lojas Vasconcelos Ltda,13.824.657/0001-15,GO,Anápolis,Calçados,Enterprise,VendeFácil Pay,2735.9,Ativo,contato@lojasvasconcelo.com.br
CUST1654,Mercado Melo Me,14.385.920/0001-80,RS,Caxias do Sul,Farmácia,Enterprise,VendeFácil Pay,2005.09,Ativo,contato@mercadomelome.com.br
CUST1655,Casa do Correia Me,62.845.173/0001-68,SP,São Paulo,Alimentação,Enterprise,VendeFácil Pay,2930.13,Ativo,contato@casadocorreiame.com.br
CUST1656,Mundo da Melo Eireli,96.412.358/0001-09,PR,Cascavel,Farmácia,Pro,VendeFácil Estoque,1114.09,Ativo,contato@mundodameloeire.com.br
CUST1657,Comércio de Casa Grande S.A.,45.867.231/0001-35,SC,Blumenau,Eletrônicos,Pro,VendeFácil Loja,1171.48,Inativo,contato@comérciodecasag.com.br
CUST1658,Casa do Lima Me,96.803.751/0001-15,ES,Serra,Calçados,Pro,VendeFácil Estoque,1295.92,Ativo,contato@casadolimame.com.br
CUST1659,Empório Ramos Eireli,27.405.189/0001-59,ES,Vitória,Eletrônicos,Pro,VendeFácil Analytics,1339.07,Ativo,contato@empórioramoseir.com.br
CUST1660,Comércio de Silva Eireli,49.502.381/0001-04,ES,Serra,Calçados,Pro,VendeFácil Analytics,1010.33,Ativo,contato@comérciodesilva.com.br
CUST1661,Comércio de Novais Ltda,83.946.720/0001-71,SC,Joinville,Calçados,Basic,VendeFácil PDV,339.17,Ativo,contato@comérciodenovai.com.br
CUST1662,Centro de Barbosa Ltda,32.579.460/0001-02,GO,Anápolis,Varejo Cultural,Basic,VendeFácil PDV,482.21,Inativo,contato@centrodebarbosa.com.br
CUST1663,Mercado Vasconcelos Me,67.324.580/0001-43,GO,Anápolis,Supermercado,Enterprise,VendeFácil Estoque,2339.92,Ativo,contato@mercadovasconce.com.br
CUST1664,Rede Brito Eireli,05.472.389/0001-91,PR,Curitiba,Cosméticos,Basic,VendeFácil PDV,472.64,Inativo,contato@redebritoeireli.com.br
CUST1665,Distribuidora Melo Ltda,21.567.380/0001-10,PE,Jaboatão dos Guararapes,Automotivo,Enterprise,VendeFácil Estoque,3299.9,Ativo,contato@distribuidorame.com.br
CUST1666,Lojas Pastor Ltda,43.187.296/0001-04,SC,Florianópolis,Cosméticos,Enterprise,VendeFácil Estoque,2145.11,Ativo,contato@lojaspastorltda.com.br
CUST1667,Distribuidora Moura Comercial,40.268.791/0001-50,BA,Salvador,Supermercado,Pro,VendeFácil Analytics,1328.11,Ativo,contato@distribuidoramo.com.br
CUST1668,Empório Souza S.A.,32.591.687/0001-73,PR,Londrina,Conveniência,Enterprise,VendeFácil Pay,2832.44,Ativo,contato@empóriosouzasa.com.br
CUST1669,Mercado Costa Ltda,49.017.386/0001-33,GO,Anápolis,Eletrônicos,Basic,VendeFácil PDV,488.11,Ativo,contato@mercadocostaltd.com.br
CUST1670,Mercado Mendonça Me,08.942.736/0001-90,RS,Santa Maria,Alimentação,Enterprise,VendeFácil Estoque,2326.62,Ativo,contato@mercadomendonça.com.br
CUST1671,Mercado Montenegro Me,58.724.609/0001-93,GO,Aparecida de Goiânia,Calçados,Enterprise,VendeFácil Pay,2372.95,Ativo,contato@mercadomonteneg.com.br
CUST1672,Distribuidora Barbosa Comercial,91.847.602/0001-34,PR,Cascavel,Varejo Cultural,Basic,VendeFácil PDV,368.29,Ativo,contato@distribuidoraba.com.br
CUST1673,Empório Martins Comercial,93.165.827/0001-36,PE,Recife,Farmácia,Basic,VendeFácil PDV,336.5,Ativo,contato@empóriomartinsc.com.br
CUST1674,Distribuidora Machado S.A.,25.178.496/0001-19,ES,Vitória,Alimentação,Basic,VendeFácil PDV,343.51,Ativo,contato@distribuidorama.com.br
CUST1675,Atacado Moura S.A.,60.942.837/0001-81,PR,Londrina,Calçados,Enterprise,VendeFácil Estoque,2112.38,Ativo,contato@atacadomourasa.com.br
CUST1676,Atacado Albuquerque S.A.,35.612.789/0001-16,PR,Londrina,Cosméticos,Pro,VendeFácil Loja,1089.79,Ativo,contato@atacadoalbuquer.com.br
CUST1677,Empório Marques Comercial,35.216.870/0001-87,RJ,Petrópolis,Construção,Enterprise,VendeFácil Estoque,2603.36,Ativo,contato@empóriomarquesc.com.br
CUST1678,Lojas Brito Ltda,08.961.427/0001-68,SC,Blumenau,Conveniência,Enterprise,VendeFácil Pay,2429.54,Ativo,contato@lojasbritoltda.com.br
CUST1679,Mundo da Duarte Me,53.812.674/0001-57,GO,Rio Verde,Alimentação,Enterprise,VendeFácil Pay,2596.2,Cancelado,contato@mundodaduarteme.com.br
CUST1680,Atacado da Conceição Ltda,35.019.784/0001-84,ES,Serra,Vestuário,Pro,VendeFácil Loja,1289.76,Ativo,contato@atacadodaconcei.com.br
CUST1681,Distribuidora Macedo Comercial,36.098.517/0001-02,CE,Caucaia,Construção,Pro,VendeFácil Estoque,1054.0,Ativo,contato@distribuidorama.com.br
CUST1682,Rede Vargas Eireli,61.874.503/0001-80,ES,Vila Velha,Automotivo,Pro,VendeFácil Estoque,1053.71,Ativo,contato@redevargaseirel.com.br
CUST1683,Mercado Sá S.A.,31.754.268/0001-42,ES,Vitória,Varejo Cultural,Enterprise,VendeFácil Estoque,2067.38,Ativo,contato@mercadosása.com.br
CUST1684,Empório Correia Me,31.592.408/0001-23,BA,Camaçari,Varejo Cultural,Pro,VendeFácil Loja,1253.52,Ativo,contato@empóriocorreiam.com.br
CUST1685,Rede Almeida Eireli,06.839.241/0001-05,RJ,Volta Redonda,Eletrônicos,Pro,VendeFácil Estoque,1238.83,Ativo,contato@redealmeidaeire.com.br
CUST1686,Empório Azevedo Comercial,64.350.789/0001-93,GO,Rio Verde,Calçados,Pro,VendeFácil Analytics,1205.18,Ativo,contato@empórioazevedoc.com.br
CUST1687,Comércio de da Mota Comercial,50.261.983/0001-98,SC,Chapecó,Conveniência,Pro,VendeFácil Analytics,1075.13,Cancelado,contato@comérciodedamot.com.br
CUST1688,Mercado Moreira S.A.,29.760.518/0001-05,SP,Bauru,Pet,Pro,VendeFácil Loja,1467.79,Ativo,contato@mercadomoreiras.com.br
CUST1689,Comércio de Ribeiro Comercial,45.671.380/0001-24,CE,Caucaia,Construção,Enterprise,VendeFácil Pay,3151.33,Inativo,contato@comércioderibei.com.br
CUST1690,Distribuidora Moreira Me,29.501.634/0001-00,RJ,Niterói,Conveniência,Pro,VendeFácil Loja,1352.0,Ativo,contato@distribuidoramo.com.br
CUST1691,Lojas das Neves S.A.,65.472.091/0001-03,RJ,Petrópolis,Automotivo,Pro,VendeFácil Analytics,974.01,Ativo,contato@lojasdasnevessa.com.br
CUST1692,Mundo da Alves Ltda,70.238.469/0001-49,RJ,Petrópolis,Construção,Basic,VendeFácil PDV,336.92,Inativo,contato@mundodaalvesltd.com.br
CUST1693,Mercado Silveira Eireli,82.906.715/0001-72,DF,Taguatinga,Alimentação,Enterprise,VendeFácil Estoque,2788.56,Ativo,contato@mercadosilveira.com.br
CUST1694,Comércio de Leão Eireli,19.736.450/0001-75,RJ,Petrópolis,Farmácia,Pro,VendeFácil Analytics,1262.37,Ativo,contato@comérciodeleãoe.com.br
CUST1695,Mundo da Pereira S.A.,04.732.156/0001-18,ES,Cariacica,Automotivo,Enterprise,VendeFácil Estoque,2288.39,Inativo,contato@mundodapereiras.com.br
CUST1696,Mundo da Nogueira Comercial,51.739.480/0001-48,SC,Joinville,Pet,Pro,VendeFácil Loja,1428.61,Ativo,contato@mundodanogueira.com.br
CUST1697,Mercado Câmara S.A.,82.915.047/0001-40,BA,Salvador,Varejo Cultural,Pro,VendeFácil Analytics,1352.41,Cancelado,contato@mercadocâmarasa.com.br
CUST1698,Mercado Guerra Comercial,41.382.659/0001-37,GO,Aparecida de Goiânia,Vestuário,Pro,VendeFácil Loja,1053.6,Ativo,contato@mercadoguerraco.com.br
CUST1699,Mercado Santos S.A.,78.461.235/0001-78,GO,Rio Verde,Farmácia,Enterprise,VendeFácil Estoque,2268.12,Ativo,contato@mercadosantossa.com.br
CUST1700,Lojas Ribeiro Me,20.658.147/0001-80,PR,Ponta Grossa,Farmácia,Pro,VendeFácil Loja,1068.85,Ativo,contato@lojasribeirome.com.br
CUST1701,Mundo da Casa Grande S.A.,03.287.961/0001-17,PR,Ponta Grossa,Conveniência,Pro,VendeFácil Analytics,876.12,Cancelado,contato@mundodacasagran.com.br
CUST1702,Distribuidora Ferreira Me,36.719.425/0001-00,RJ,Volta Redonda,Conveniência,Enterprise,VendeFácil Pay,2967.93,Ativo,contato@distribuidorafe.com.br
CUST1703,Empório Macedo S.A.,14.529.687/0001-61,ES,Vitória,Conveniência,Pro,VendeFácil Analytics,1452.66,Ativo,contato@empóriomacedosa.com.br
CUST1704,Mundo da Vargas Eireli,87.152.460/0001-13,GO,Rio Verde,Conveniência,Pro,VendeFácil Analytics,858.69,Ativo,contato@mundodavargasei.com.br
CUST1705,Casa do Viana Comercial,56.041.793/0001-41,MG,Ouro Preto,Pet,Pro,VendeFácil Loja,1319.45,Ativo,contato@casadovianacome.com.br
CUST1706,Distribuidora Camargo S.A.,18.492.536/0001-37,SC,Chapecó,Calçados,Pro,VendeFácil Loja,1390.92,Cancelado,contato@distribuidoraca.com.br
CUST1707,Rede Novaes Me,18.234.957/0001-68,BA,Camaçari,Conveniência,Basic,VendeFácil PDV,330.08,Ativo,contato@redenovaesme.com.br
CUST1708,Casa do Câmara Me,03.546.192/0001-24,RS,Santa Maria,Cosméticos,Enterprise,VendeFácil Estoque,3295.53,Ativo,contato@casadocâmarame.com.br
CUST1709,Empório Fonseca Me,83.271.056/0001-08,MG,Uberlândia,Automotivo,Pro,VendeFácil Analytics,1125.33,Inativo,contato@empóriofonsecam.com.br
CUST1710,Atacado Porto S.A.,93.246.815/0001-36,BA,Vitória da Conquista,Conveniência,Pro,VendeFácil Loja,1336.78,Ativo,contato@atacadoportosa.com.br
CUST1711,Mercado Aragão Comercial,64.983.571/0001-76,PR,Maringá,Pet,Basic,VendeFácil PDV,389.35,Ativo,contato@mercadoaragãoco.com.br
CUST1712,Lojas Carvalho Ltda,40.125.968/0001-69,SP,Santos,Calçados,Basic,VendeFácil PDV,406.25,Ativo,contato@lojascarvalholt.com.br
CUST1713,Atacado Siqueira Me,91.063.845/0001-81,CE,Fortaleza,Alimentação,Enterprise,VendeFácil Estoque,2131.43,Ativo,contato@atacadosiqueira.com.br
CUST1714,Empório Castro Me,36.259.810/0001-04,PE,Jaboatão dos Guararapes,Calçados,Enterprise,VendeFácil Pay,2596.7,Ativo,contato@empóriocastrome.com.br
CUST1715,Mundo da Ferreira Comercial,13.498.067/0001-40,MG,Juiz de Fora,Cosméticos,Enterprise,VendeFácil Estoque,2920.5,Inativo,contato@mundodaferreira.com.br
CUST1716,Mercado Macedo S.A.,24.507.693/0001-71,DF,Brasília,Varejo Cultural,Enterprise,VendeFácil Estoque,3098.83,Ativo,contato@mercadomacedosa.com.br
CUST1717,Mundo da Caldeira Ltda,97.358.204/0001-30,DF,Ceilândia,Calçados,Enterprise,VendeFácil Estoque,3088.3,Ativo,contato@mundodacaldeira.com.br
CUST1718,Comércio de Souza Ltda,97.205.846/0001-08,RS,Santa Maria,Construção,Pro,VendeFácil Loja,1230.91,Ativo,contato@comérciodesouza.com.br
CUST1719,Lojas Garcia Me,41.739.865/0001-51,SC,Criciúma,Automotivo,Pro,VendeFácil Estoque,1244.47,Ativo,contato@lojasgarciame.com.br
CUST1720,Atacado Câmara Ltda,81.954.620/0001-61,CE,Fortaleza,Cosméticos,Pro,VendeFácil Analytics,1532.31,Ativo,contato@atacadocâmaralt.com.br
CUST1721,Casa do Rios Comercial,76.805.923/0001-82,BA,Feira de Santana,Supermercado,Pro,VendeFácil Analytics,1342.91,Ativo,contato@casadorioscomer.com.br
CUST1722,Comércio de Siqueira Ltda,49.537.280/0001-60,ES,Serra,Farmácia,Pro,VendeFácil Estoque,896.14,Ativo,contato@comérciodesique.com.br
CUST1723,Mundo da Albuquerque Comercial,17.348.952/0001-01,GO,Anápolis,Calçados,Enterprise,VendeFácil Estoque,2874.91,Ativo,contato@mundodaalbuquer.com.br
CUST1724,Empório da Mata Me,17.648.302/0001-73,SC,Criciúma,Pet,Pro,VendeFácil Analytics,1547.4,Ativo,contato@empóriodamatame.com.br
CUST1725,Centro de Caldeira S.A.,91.807.235/0001-45,SC,Chapecó,Alimentação,Pro,VendeFácil Analytics,1490.77,Ativo,contato@centrodecaldeir.com.br
CUST1726,Distribuidora Silva Eireli,05.763.491/0001-46,ES,Cariacica,Construção,Pro,VendeFácil Analytics,874.2,Inativo,contato@distribuidorasi.com.br
CUST1727,Atacado Pires Me,60.341.829/0001-80,CE,Juazeiro do Norte,Farmácia,Pro,VendeFácil Estoque,1236.21,Ativo,contato@atacadopiresme.com.br
CUST1728,Lojas da Rocha Comercial,60.792.541/0001-21,SC,Chapecó,Conveniência,Pro,VendeFácil Analytics,872.17,Ativo,contato@lojasdarochacom.com.br
CUST1729,Atacado da Cruz Comercial,47.023.618/0001-30,SC,Criciúma,Pet,Pro,VendeFácil Analytics,1596.87,Ativo,contato@atacadodacruzco.com.br
CUST1730,Rede Novais Ltda,85.672.130/0001-23,DF,Águas Claras,Vestuário,Pro,VendeFácil Analytics,1540.88,Ativo,contato@redenovaisltda.com.br
CUST1731,Lojas Farias S.A.,58.326.049/0001-19,SP,Bauru,Vestuário,Pro,VendeFácil Estoque,1394.89,Ativo,contato@lojasfariassa.com.br
CUST1732,Rede Guerra Me,57.263.189/0001-22,DF,Águas Claras,Eletrônicos,Pro,VendeFácil Analytics,1114.02,Ativo,contato@redeguerrame.com.br
CUST1733,Empório Mendonça Comercial,59.721.860/0001-67,SC,Blumenau,Conveniência,Basic,VendeFácil PDV,432.85,Ativo,contato@empóriomendonça.com.br
CUST1734,Casa do Camargo S.A.,34.867.519/0001-93,CE,Sobral,Vestuário,Pro,VendeFácil Analytics,1221.12,Ativo,contato@casadocamargosa.com.br
CUST1735,Casa do Pinto S.A.,13.905.487/0001-01,RJ,Volta Redonda,Construção,Basic,VendeFácil PDV,406.53,Ativo,contato@casadopintosa.com.br
CUST1736,Mundo da Casa Grande S.A.,58.931.602/0001-42,ES,Vitória,Pet,Enterprise,VendeFácil Pay,2714.35,Cancelado,contato@mundodacasagran.com.br
CUST1737,Distribuidora da Rocha Comercial,91.583.062/0001-29,ES,Vitória,Cosméticos,Pro,VendeFácil Estoque,840.07,Ativo,contato@distribuidorada.com.br
CUST1738,Casa do Cassiano Ltda,40.715.698/0001-46,GO,Rio Verde,Supermercado,Pro,VendeFácil Loja,1226.87,Ativo,contato@casadocassianol.com.br
CUST1739,Centro de Macedo Comercial,32.081.795/0001-04,SC,Florianópolis,Calçados,Enterprise,VendeFácil Pay,3036.92,Ativo,contato@centrodemacedoc.com.br
CUST1740,Casa do Leão S.A.,89.371.462/0001-29,RS,Caxias do Sul,Automotivo,Pro,VendeFácil Loja,1306.14,Ativo,contato@casadoleãosa.com.br
CUST1741,Casa do Oliveira Eireli,64.592.371/0001-92,SC,Joinville,Construção,Basic,VendeFácil PDV,478.89,Ativo,contato@casadooliveirae.com.br
CUST1742,Centro de da Costa Ltda,58.907.123/0001-90,RS,Santa Maria,Automotivo,Pro,VendeFácil Estoque,1267.89,Cancelado,contato@centrodedacosta.com.br
CUST1743,Mercado da Cruz Ltda,82.164.390/0001-08,GO,Anápolis,Alimentação,Pro,VendeFácil Estoque,1050.44,Cancelado,contato@mercadodacruzlt.com.br
CUST1744,Mundo da Pereira Me,35.972.401/0001-98,ES,Cariacica,Eletrônicos,Pro,VendeFácil Analytics,1496.63,Ativo,contato@mundodapereiram.com.br
CUST1745,Mercado Pinto Eireli,79.601.832/0001-13,DF,Brasília,Calçados,Enterprise,VendeFácil Pay,2705.93,Ativo,contato@mercadopintoeir.com.br
CUST1746,Mercado Rezende Me,05.768.192/0001-02,PE,Recife,Construção,Pro,VendeFácil Analytics,1471.23,Ativo,contato@mercadorezendem.com.br
CUST1747,Rede Fogaça Ltda,14.850.739/0001-05,BA,Camaçari,Pet,Basic,VendeFácil PDV,320.72,Ativo,contato@redefogaçaltda.com.br
CUST1748,Comércio de Santos Eireli,26.357.941/0001-70,DF,Taguatinga,Varejo Cultural,Pro,VendeFácil Analytics,1342.4,Ativo,contato@comérciodesanto.com.br
CUST1749,Casa do da Conceição S.A.,98.614.520/0001-99,RS,Pelotas,Farmácia,Pro,VendeFácil Loja,1249.42,Ativo,contato@casadodaconceiç.com.br
CUST1750,Atacado Pimenta Comercial,05.169.482/0001-21,PR,Maringá,Construção,Enterprise,VendeFácil Estoque,2611.48,Ativo,contato@atacadopimentac.com.br
CUST1751,Comércio de Jesus Me,23.841.509/0001-62,PR,Cascavel,Supermercado,Pro,VendeFácil Estoque,846.22,Ativo,contato@comérciodejesus.com.br
CUST1752,Rede Monteiro Me,15.903.487/0001-90,GO,Anápolis,Calçados,Pro,VendeFácil Loja,1014.66,Ativo,contato@redemonteirome.com.br
CUST1753,Lojas Garcia S.A.,72.510.849/0001-16,PE,Caruaru,Conveniência,Pro,VendeFácil Loja,908.11,Ativo,contato@lojasgarciasa.com.br
CUST1754,Comércio de Santos Comercial,64.701.239/0001-71,GO,Anápolis,Pet,Pro,VendeFácil Loja,1245.73,Ativo,contato@comérciodesanto.com.br
CUST1755,Centro de da Conceição Eireli,51.930.427/0001-20,PR,Londrina,Cosméticos,Basic,VendeFácil PDV,351.88,Ativo,contato@centrodedaconce.com.br
CUST1756,Empório Pereira Comercial,08.952.714/0001-01,PE,Jaboatão dos Guararapes,Varejo Cultural,Enterprise,VendeFácil Estoque,2149.4,Inativo,contato@empóriopereirac.com.br
CUST1757,Lojas Moura Eireli,09.532.874/0001-64,SC,Chapecó,Automotivo,Enterprise,VendeFácil Estoque,2170.59,Ativo,contato@lojasmouraeirel.com.br
CUST1758,Comércio de Cavalcanti S.A.,37.241.806/0001-81,BA,Salvador,Conveniência,Basic,VendeFácil PDV,368.47,Ativo,contato@comérciodecaval.com.br
CUST1759,Casa do Cassiano Comercial,95.238.146/0001-86,PR,Cascavel,Calçados,Basic,VendeFácil PDV,430.0,Ativo,contato@casadocassianoc.com.br
CUST1760,Empório Alves Ltda,90.162.587/0001-28,ES,Vitória,Calçados,Enterprise,VendeFácil Pay,3057.39,Ativo,contato@empórioalvesltd.com.br
CUST1761,Centro de Rodrigues Comercial,28.903.147/0001-00,BA,Salvador,Varejo Cultural,Enterprise,VendeFácil Pay,1894.08,Ativo,contato@centroderodrigu.com.br
CUST1762,Lojas Fernandes S.A.,78.693.041/0001-06,SP,São Paulo,Automotivo,Enterprise,VendeFácil Pay,2532.13,Ativo,contato@lojasfernandess.com.br
CUST1763,Atacado da Cruz Ltda,52.367.190/0001-83,RS,Canoas,Alimentação,Basic,VendeFácil PDV,495.88,Ativo,contato@atacadodacruzlt.com.br
CUST1764,Atacado Fogaça Ltda,07.164.923/0001-28,DF,Taguatinga,Calçados,Basic,VendeFácil PDV,481.23,Ativo,contato@atacadofogaçalt.com.br
CUST1765,Distribuidora Nunes Comercial,98.674.125/0001-00,RS,Caxias do Sul,Vestuário,Enterprise,VendeFácil Pay,2866.35,Ativo,contato@distribuidoranu.com.br
CUST1766,Distribuidora Carvalho Eireli,73.458.691/0001-45,MG,Contagem,Conveniência,Basic,VendeFácil PDV,339.29,Ativo,contato@distribuidoraca.com.br
CUST1767,Rede Barros Ltda,70.982.435/0001-64,RS,Porto Alegre,Eletrônicos,Enterprise,VendeFácil Pay,2100.99,Ativo,contato@redebarrosltda.com.br
CUST1768,Comércio de Gomes Comercial,47.965.083/0001-17,GO,Rio Verde,Farmácia,Enterprise,VendeFácil Estoque,3318.43,Ativo,contato@comérciodegomes.com.br
CUST1769,Casa do Borges S.A.,48.257.093/0001-60,ES,Cariacica,Supermercado,Pro,VendeFácil Loja,1328.19,Ativo,contato@casadoborgessa.com.br
CUST1770,Atacado da Rosa Comercial,63.540.812/0001-40,SC,Criciúma,Automotivo,Enterprise,VendeFácil Pay,2197.26,Ativo,contato@atacadodarosaco.com.br
CUST1771,Casa do Freitas Ltda,03.187.529/0001-54,RS,Pelotas,Construção,Enterprise,VendeFácil Estoque,2798.02,Ativo,contato@casadofreitaslt.com.br
CUST1772,Casa do Silva S.A.,37.945.608/0001-07,RJ,Volta Redonda,Supermercado,Pro,VendeFácil Loja,1425.36,Ativo,contato@casadosilvasa.com.br
CUST1773,Casa do Garcia Me,31.408.259/0001-08,RJ,Rio de Janeiro,Pet,Enterprise,VendeFácil Estoque,2387.43,Inativo,contato@casadogarciame.com.br
CUST1774,Centro de da Conceição Me,56.018.492/0001-05,ES,Vila Velha,Vestuário,Basic,VendeFácil PDV,452.57,Ativo,contato@centrodedaconce.com.br
CUST1775,Comércio de Rios Comercial,46.915.237/0001-01,SC,Criciúma,Automotivo,Basic,VendeFácil PDV,436.95,Inativo,contato@comércioderiosc.com.br
CUST1776,Lojas Albuquerque S.A.,69.821.374/0001-74,ES,Vila Velha,Varejo Cultural,Pro,VendeFácil Estoque,874.74,Ativo,contato@lojasalbuquerqu.com.br
CUST1777,Mundo da Albuquerque Me,60.715.982/0001-20,GO,Aparecida de Goiânia,Varejo Cultural,Enterprise,VendeFácil Pay,3173.62,Ativo,contato@mundodaalbuquer.com.br
CUST1778,Empório Camargo Me,12.709.486/0001-10,RS,Pelotas,Automotivo,Pro,VendeFácil Loja,1059.55,Ativo,contato@empóriocamargom.com.br
CUST1779,Mundo da Sousa Ltda,46.972.580/0001-80,PE,Olinda,Pet,Enterprise,VendeFácil Pay,2350.96,Ativo,contato@mundodasousaltd.com.br
CUST1780,Mercado Teixeira S.A.,16.304.798/0001-03,BA,Vitória da Conquista,Conveniência,Pro,VendeFácil Estoque,1383.74,Ativo,contato@mercadoteixeira.com.br
CUST1781,Mundo da Moreira Me,07.896.154/0001-52,RS,Pelotas,Construção,Pro,VendeFácil Loja,816.58,Ativo,contato@mundodamoreiram.com.br
CUST1782,Distribuidora Cirino Ltda,19.374.265/0001-88,CE,Caucaia,Vestuário,Enterprise,VendeFácil Pay,2504.12,Inativo,contato@distribuidoraci.com.br
CUST1783,Casa do Casa Grande Ltda,70.361.284/0001-27,RS,Caxias do Sul,Varejo Cultural,Enterprise,VendeFácil Estoque,2667.49,Ativo,contato@casadocasagrand.com.br
CUST1784,Rede Albuquerque Comercial,25.419.368/0001-10,ES,Cariacica,Calçados,Enterprise,VendeFácil Estoque,2679.27,Ativo,contato@redealbuquerque.com.br
CUST1785,Empório Araújo Eireli,69.274.015/0001-44,BA,Salvador,Farmácia,Basic,VendeFácil PDV,427.93,Ativo,contato@empórioaraújoei.com.br
CUST1786,Mundo da Pires S.A.,35.709.612/0001-32,PR,Curitiba,Automotivo,Pro,VendeFácil Estoque,1322.55,Ativo,contato@mundodapiressa.com.br
CUST1787,Comércio de Moura Me,48.219.703/0001-31,RJ,Campos dos Goytacazes,Construção,Enterprise,VendeFácil Pay,2079.99,Ativo,contato@comérciodemoura.com.br
CUST1788,Lojas Rodrigues Ltda,16.045.928/0001-22,GO,Anápolis,Eletrônicos,Enterprise,VendeFácil Pay,2944.23,Ativo,contato@lojasrodriguesl.com.br
CUST1789,Empório Andrade Eireli,21.307.648/0001-85,DF,Ceilândia,Varejo Cultural,Pro,VendeFácil Analytics,1410.45,Ativo,contato@empórioandradee.com.br
CUST1790,Atacado Vargas Me,91.365.047/0001-04,RS,Canoas,Varejo Cultural,Pro,VendeFácil Loja,939.29,Cancelado,contato@atacadovargasme.com.br
CUST1791,Casa do Rezende Ltda,76.459.382/0001-88,GO,Goiânia,Alimentação,Basic,VendeFácil PDV,428.45,Ativo,contato@casadorezendelt.com.br
CUST1792,Mercado da Costa Comercial,74.593.618/0001-49,CE,Fortaleza,Eletrônicos,Pro,VendeFácil Loja,811.34,Ativo,contato@mercadodacostac.com.br
CUST1793,Distribuidora Nascimento Comercial,53.279.184/0001-37,SC,Criciúma,Automotivo,Pro,VendeFácil Loja,1202.37,Ativo,contato@distribuidorana.com.br
CUST1794,Distribuidora Castro Comercial,50.672.184/0001-04,SP,Campinas,Eletrônicos,Pro,VendeFácil Estoque,1269.08,Ativo,contato@distribuidoraca.com.br
CUST1795,Casa do Jesus S.A.,83.615.279/0001-45,PE,Jaboatão dos Guararapes,Farmácia,Enterprise,VendeFácil Estoque,2589.51,Ativo,contato@casadojesussa.com.br
CUST1796,Centro de Leão Eireli,67.839.521/0001-08,ES,Serra,Farmácia,Pro,VendeFácil Estoque,1171.1,Ativo,contato@centrodeleãoeir.com.br
CUST1797,Mercado Duarte Ltda,62.319.548/0001-56,MG,Uberaba,Cosméticos,Pro,VendeFácil Loja,804.45,Ativo,contato@mercadoduartelt.com.br
CUST1798,Empório Ribeiro Comercial,95.743.260/0001-63,RS,Pelotas,Pet,Pro,VendeFácil Estoque,918.25,Ativo,contato@empórioribeiroc.com.br
CUST1799,Rede Gonçalves S.A.,27.145.396/0001-11,PE,Jaboatão dos Guararapes,Cosméticos,Pro,VendeFácil Loja,1425.27,Ativo,contato@redegonçalvessa.com.br
CUST1800,Rede Jesus Ltda,03.824.176/0001-56,RS,Caxias do Sul,Vestuário,Pro,VendeFácil Loja,927.11,Ativo,contato@redejesusltda.com.br
CUST1801,Comércio de Lopes S.A.,27.051.364/0001-57,RJ,Campos dos Goytacazes,Varejo Cultural,Basic,VendeFácil PDV,365.49,Ativo,contato@comérciodelopes.com.br
CUST1802,Comércio de Souza Me,92.641.537/0001-59,RS,Pelotas,Alimentação,Pro,VendeFácil Analytics,1593.25,Ativo,contato@comérciodesouza.com.br
CUST1803,Casa do Martins S.A.,32.784.506/0001-25,MG,Juiz de Fora,Automotivo,Basic,VendeFácil PDV,466.83,Ativo,contato@casadomartinssa.com.br
CUST1804,Mundo da Brito Comercial,19.076.258/0001-08,BA,Salvador,Automotivo,Pro,VendeFácil Analytics,1149.38,Ativo,contato@mundodabritocom.com.br
CUST1805,Distribuidora Fogaça S.A.,32.980.647/0001-13,SP,Campinas,Alimentação,Enterprise,VendeFácil Pay,3078.6,Ativo,contato@distribuidorafo.com.br
CUST1806,Empório Machado Eireli,75.296.014/0001-01,RS,Porto Alegre,Automotivo,Enterprise,VendeFácil Estoque,2867.76,Ativo,contato@empóriomachadoe.com.br
CUST1807,Distribuidora Castro Eireli,61.984.532/0001-03,RS,Caxias do Sul,Farmácia,Enterprise,VendeFácil Pay,2303.8,Ativo,contato@distribuidoraca.com.br
CUST1808,Empório da Mota Me,31.290.586/0001-08,MG,Belo Horizonte,Pet,Pro,VendeFácil Analytics,1150.23,Inativo,contato@empóriodamotame.com.br
CUST1809,Distribuidora Melo Eireli,67.290.481/0001-98,PR,Curitiba,Pet,Enterprise,VendeFácil Estoque,2381.11,Cancelado,contato@distribuidorame.com.br
CUST1810,Lojas Pacheco S.A.,92.703.481/0001-10,PE,Recife,Construção,Enterprise,VendeFácil Estoque,2935.78,Ativo,contato@lojaspachecosa.com.br
CUST1811,Casa do Barros Ltda,51.284.730/0001-00,RJ,Campos dos Goytacazes,Supermercado,Pro,VendeFácil Estoque,1087.1,Ativo,contato@casadobarrosltd.com.br
CUST1812,Lojas Camargo Eireli,35.480.296/0001-70,MG,Montes Claros,Calçados,Enterprise,VendeFácil Estoque,2368.94,Ativo,contato@lojascamargoeir.com.br
CUST1813,Lojas Pinto Me,96.278.153/0001-74,RJ,Niterói,Eletrônicos,Pro,VendeFácil Estoque,1232.28,Ativo,contato@lojaspintome.com.br
CUST1814,Empório Alves Me,75.208.194/0001-14,SP,Ribeirão Preto,Supermercado,Pro,VendeFácil Analytics,1003.06,Ativo,contato@empórioalvesme.com.br
CUST1815,Mercado Machado S.A.,65.028.371/0001-27,GO,Anápolis,Supermercado,Basic,VendeFácil PDV,366.32,Inativo,contato@mercadomachados.com.br
CUST1816,Lojas Novaes S.A.,02.954.781/0001-89,BA,Salvador,Eletrônicos,Pro,VendeFácil Analytics,1421.88,Ativo,contato@lojasnovaessa.com.br
CUST1817,Distribuidora Costa Eireli,76.805.231/0001-34,SP,São Paulo,Varejo Cultural,Pro,VendeFácil Estoque,809.88,Cancelado,contato@distribuidoraco.com.br
CUST1818,Mercado Fonseca Me,86.952.173/0001-25,PE,Caruaru,Eletrônicos,Pro,VendeFácil Analytics,950.8,Ativo,contato@mercadofonsecam.com.br
CUST1819,Rede da Luz Ltda,83.726.095/0001-52,PE,Caruaru,Construção,Pro,VendeFácil Estoque,959.87,Ativo,contato@rededaluzltda.com.br
CUST1820,Lojas Barros S.A.,58.107.694/0001-40,PE,Caruaru,Calçados,Enterprise,VendeFácil Pay,2074.8,Ativo,contato@lojasbarrossa.com.br
CUST1821,Rede Cavalcanti Ltda,51.248.063/0001-00,RS,Porto Alegre,Calçados,Basic,VendeFácil PDV,443.45,Ativo,contato@redecavalcantil.com.br
CUST1822,Casa do Silveira Comercial,05.174.328/0001-48,RS,Caxias do Sul,Construção,Pro,VendeFácil Estoque,1224.52,Ativo,contato@casadosilveirac.com.br
CUST1823,Rede Caldeira Ltda,91.058.673/0001-58,CE,Juazeiro do Norte,Alimentação,Pro,VendeFácil Loja,1095.41,Ativo,contato@redecaldeiraltd.com.br
CUST1824,Mercado Borges S.A.,10.675.948/0001-09,DF,Águas Claras,Conveniência,Basic,VendeFácil PDV,458.84,Cancelado,contato@mercadoborgessa.com.br
CUST1825,Casa do Silva Eireli,16.574.930/0001-99,ES,Vitória,Vestuário,Pro,VendeFácil Estoque,1007.9,Ativo,contato@casadosilvaeire.com.br
CUST1826,Casa do Santos Comercial,72.985.401/0001-59,SC,Joinville,Conveniência,Enterprise,VendeFácil Pay,2367.92,Cancelado,contato@casadosantoscom.com.br
CUST1827,Centro de Cirino Me,80.176.254/0001-02,PR,Cascavel,Automotivo,Basic,VendeFácil PDV,448.99,Ativo,contato@centrodecirinom.com.br
CUST1828,Centro de Oliveira Eireli,31.876.250/0001-13,SC,Joinville,Construção,Pro,VendeFácil Loja,1364.89,Ativo,contato@centrodeoliveir.com.br
CUST1829,Empório Gonçalves Eireli,94.685.213/0001-48,ES,Vitória,Conveniência,Pro,VendeFácil Loja,1334.29,Ativo,contato@empóriogonçalve.com.br
CUST1830,Distribuidora da Cunha Ltda,53.096.247/0001-10,ES,Vitória,Eletrônicos,Pro,VendeFácil Estoque,811.48,Cancelado,contato@distribuidorada.com.br
CUST1831,Distribuidora Azevedo Comercial,01.725.934/0001-53,CE,Juazeiro do Norte,Alimentação,Pro,VendeFácil Loja,1014.92,Ativo,contato@distribuidoraaz.com.br
CUST1832,Mercado Rocha S.A.,70.124.685/0001-63,RJ,Volta Redonda,Eletrônicos,Pro,VendeFácil Estoque,842.11,Ativo,contato@mercadorochasa.com.br
CUST1833,Centro de da Luz Comercial,57.983.261/0001-96,DF,Ceilândia,Eletrônicos,Enterprise,VendeFácil Pay,2891.91,Ativo,contato@centrodedaluzco.com.br
CUST1834,Lojas Teixeira Me,75.314.602/0001-12,MG,Contagem,Eletrônicos,Pro,VendeFácil Estoque,1200.9,Cancelado,contato@lojasteixeirame.com.br
CUST1835,Comércio de Fogaça S.A.,67.823.541/0001-90,RJ,Rio de Janeiro,Conveniência,Pro,VendeFácil Estoque,1162.69,Inativo,contato@comérciodefogaç.com.br
CUST1836,Mundo da Cassiano Me,26.801.934/0001-16,CE,Sobral,Vestuário,Pro,VendeFácil Loja,834.24,Cancelado,contato@mundodacassiano.com.br
CUST1837,Atacado Cassiano Ltda,65.038.142/0001-93,BA,Camaçari,Automotivo,Pro,VendeFácil Analytics,1091.44,Ativo,contato@atacadocassiano.com.br
CUST1838,Rede Cirino Comercial,31.096.824/0001-30,SP,Sorocaba,Calçados,Enterprise,VendeFácil Pay,2735.37,Ativo,contato@redecirinocomer.com.br
CUST1839,Comércio de Costa Eireli,07.612.459/0001-95,SP,São Paulo,Pet,Pro,VendeFácil Estoque,843.46,Ativo,contato@comérciodecosta.com.br
CUST1840,Empório Correia Ltda,79.631.805/0001-93,RJ,Nova Iguaçu,Pet,Pro,VendeFácil Analytics,1293.56,Ativo,contato@empóriocorreial.com.br
CUST1841,Lojas Caldeira S.A.,15.742.968/0001-60,RS,Pelotas,Alimentação,Pro,VendeFácil Analytics,942.6,Ativo,contato@lojascaldeirasa.com.br
CUST1842,Distribuidora Monteiro Comercial,36.702.159/0001-03,PE,Jaboatão dos Guararapes,Conveniência,Pro,VendeFácil Loja,1332.41,Ativo,contato@distribuidoramo.com.br
CUST1843,Casa do das Neves Me,96.147.825/0001-02,PR,Cascavel,Farmácia,Enterprise,VendeFácil Estoque,2857.51,Ativo,contato@casadodasnevesm.com.br
CUST1844,Empório Silveira Me,52.943.061/0001-96,SP,Jundiaí,Alimentação,Basic,VendeFácil PDV,476.05,Ativo,contato@empóriosilveira.com.br
CUST1845,Lojas Freitas Eireli,63.825.197/0001-18,MG,Uberaba,Construção,Basic,VendeFácil PDV,425.38,Ativo,contato@lojasfreitaseir.com.br
CUST1846,Rede Melo Me,48.592.163/0001-37,PR,Londrina,Eletrônicos,Basic,VendeFácil PDV,317.71,Ativo,contato@redemelome.com.br
CUST1847,Atacado Viana Me,93.861.740/0001-01,RS,Canoas,Calçados,Pro,VendeFácil Analytics,1166.26,Ativo,contato@atacadovianame.com.br
CUST1848,Empório Dias Ltda,81.679.420/0001-48,PR,Cascavel,Varejo Cultural,Pro,VendeFácil Analytics,1350.23,Ativo,contato@empóriodiasltda.com.br
CUST1849,Rede Moura Eireli,79.403.518/0001-26,MG,Uberlândia,Calçados,Pro,VendeFácil Analytics,1032.06,Ativo,contato@redemouraeireli.com.br
CUST1850,Rede Silva Eireli,25.031.874/0001-37,ES,Serra,Farmácia,Enterprise,VendeFácil Estoque,2680.58,Ativo,contato@redesilvaeireli.com.br
CUST1851,Distribuidora Fogaça Comercial,97.268.531/0001-00,GO,Rio Verde,Supermercado,Enterprise,VendeFácil Pay,1950.92,Ativo,contato@distribuidorafo.com.br
CUST1852,Rede Pereira Eireli,83.946.027/0001-07,SP,Campinas,Vestuário,Pro,VendeFácil Loja,1206.09,Ativo,contato@redepereiraeire.com.br
CUST1853,Rede Araújo Comercial,38.419.506/0001-02,BA,Salvador,Varejo Cultural,Enterprise,VendeFácil Estoque,3161.02,Inativo,contato@redearaújocomer.com.br
CUST1854,Mercado da Luz S.A.,32.406.951/0001-51,MG,Uberaba,Conveniência,Enterprise,VendeFácil Estoque,3144.21,Ativo,contato@mercadodaluzsa.com.br
CUST1855,Mundo da Martins Ltda,27.641.835/0001-87,GO,Aparecida de Goiânia,Supermercado,Enterprise,VendeFácil Estoque,3413.52,Ativo,contato@mundodamartinsl.com.br
CUST1856,Comércio de Caldeira Me,47.915.836/0001-80,DF,Águas Claras,Construção,Pro,VendeFácil Loja,1372.86,Ativo,contato@comérciodecalde.com.br
CUST1857,Lojas Castro S.A.,92.506.783/0001-06,PE,Recife,Varejo Cultural,Pro,VendeFácil Analytics,1374.33,Ativo,contato@lojascastrosa.com.br
CUST1858,Lojas Mendes Eireli,52.967.308/0001-04,CE,Juazeiro do Norte,Calçados,Pro,VendeFácil Analytics,1414.99,Ativo,contato@lojasmendeseire.com.br
CUST1859,Comércio de Lopes Me,56.274.081/0001-72,SP,Santos,Varejo Cultural,Enterprise,VendeFácil Pay,2553.53,Ativo,contato@comérciodelopes.com.br
CUST1860,Casa do Nunes S.A.,90.856.137/0001-35,PR,Curitiba,Calçados,Basic,VendeFácil PDV,427.89,Ativo,contato@casadonunessa.com.br
CUST1861,Casa do Azevedo Me,29.147.506/0001-00,BA,Feira de Santana,Construção,Enterprise,VendeFácil Estoque,2676.71,Ativo,contato@casadoazevedome.com.br
CUST1862,Centro de Fogaça Comercial,51.620.347/0001-78,RJ,Niterói,Varejo Cultural,Basic,VendeFácil PDV,322.3,Ativo,contato@centrodefogaçac.com.br
CUST1863,Comércio de Araújo Ltda,86.951.403/0001-31,PR,Cascavel,Eletrônicos,Pro,VendeFácil Estoque,1008.68,Ativo,contato@comérciodearaúj.com.br
CUST1864,Mundo da Machado S.A.,21.486.073/0001-05,SP,Bauru,Construção,Pro,VendeFácil Estoque,1215.33,Ativo,contato@mundodamachados.com.br
CUST1865,Empório Ramos S.A.,37.081.546/0001-24,BA,Salvador,Calçados,Pro,VendeFácil Loja,1229.39,Cancelado,contato@empórioramossa.com.br
CUST1866,Mercado Montenegro Eireli,59.678.302/0001-66,PE,Recife,Vestuário,Enterprise,VendeFácil Pay,2017.02,Cancelado,contato@mercadomonteneg.com.br
CUST1867,Lojas Teixeira Ltda,47.056.389/0001-50,RS,Caxias do Sul,Vestuário,Pro,VendeFácil Estoque,1036.23,Ativo,contato@lojasteixeiralt.com.br
CUST1868,Centro de Costa Comercial,90.314.786/0001-04,PR,Londrina,Supermercado,Enterprise,VendeFácil Pay,2476.58,Ativo,contato@centrodecostaco.com.br
CUST1869,Rede Sampaio Eireli,15.239.807/0001-59,GO,Aparecida de Goiânia,Pet,Pro,VendeFácil Estoque,1301.14,Ativo,contato@redesampaioeire.com.br
CUST1870,Empório Souza Me,94.872.630/0001-08,DF,Ceilândia,Calçados,Pro,VendeFácil Loja,1362.4,Ativo,contato@empóriosouzame.com.br
CUST1871,Empório Costa S.A.,94.512.730/0001-15,RS,Pelotas,Eletrônicos,Pro,VendeFácil Loja,853.93,Ativo,contato@empóriocostasa.com.br
CUST1872,Distribuidora Rezende Comercial,47.039.568/0001-80,CE,Caucaia,Farmácia,Enterprise,VendeFácil Pay,2791.7,Ativo,contato@distribuidorare.com.br
CUST1873,Comércio de Cirino Eireli,10.678.942/0001-87,RS,Pelotas,Calçados,Enterprise,VendeFácil Estoque,2931.95,Ativo,contato@comérciodecirin.com.br
CUST1874,Mundo da Sousa Ltda,43.928.016/0001-71,PR,Cascavel,Supermercado,Pro,VendeFácil Analytics,1314.1,Ativo,contato@mundodasousaltd.com.br
CUST1875,Empório da Cunha Eireli,38.027.149/0001-37,RJ,Rio de Janeiro,Eletrônicos,Pro,VendeFácil Analytics,1269.25,Ativo,contato@empóriodacunhae.com.br
CUST1876,Atacado Costela Comercial,76.538.419/0001-63,DF,Taguatinga,Farmácia,Enterprise,VendeFácil Estoque,2467.06,Cancelado,contato@atacadocostelac.com.br
CUST1877,Lojas Mendes Eireli,84.309.657/0001-25,PR,Curitiba,Calçados,Enterprise,VendeFácil Pay,2487.13,Ativo,contato@lojasmendeseire.com.br
CUST1878,Comércio de Pinto Comercial,09.482.375/0001-00,RS,Canoas,Construção,Enterprise,VendeFácil Pay,2776.09,Ativo,contato@comérciodepinto.com.br
CUST1879,Mercado Nunes Comercial,21.098.536/0001-61,CE,Sobral,Alimentação,Enterprise,VendeFácil Pay,3172.25,Ativo,contato@mercadonunescom.com.br
CUST1880,Distribuidora Freitas Comercial,14.650.273/0001-96,MG,Contagem,Cosméticos,Basic,VendeFácil PDV,454.92,Ativo,contato@distribuidorafr.com.br
CUST1881,Lojas da Rosa S.A.,24.761.085/0001-99,BA,Feira de Santana,Calçados,Pro,VendeFácil Estoque,911.72,Ativo,contato@lojasdarosasa.com.br
CUST1882,Mundo da Cavalcanti Comercial,01.857.326/0001-00,MG,Ipatinga,Calçados,Basic,VendeFácil PDV,366.36,Ativo,contato@mundodacavalcan.com.br
CUST1883,Empório Almeida S.A.,97.156.840/0001-80,DF,Águas Claras,Pet,Pro,VendeFácil Analytics,1372.31,Ativo,contato@empórioalmeidas.com.br
CUST1884,Casa do Gonçalves Ltda,60.839.547/0001-07,SP,Sorocaba,Varejo Cultural,Pro,VendeFácil Estoque,1209.72,Inativo,contato@casadogonçalves.com.br
CUST1885,Distribuidora Albuquerque Me,90.162.538/0001-95,RJ,Petrópolis,Pet,Pro,VendeFácil Estoque,897.32,Cancelado,contato@distribuidoraal.com.br
CUST1886,Centro de da Mata Ltda,04.315.792/0001-44,PE,Recife,Eletrônicos,Pro,VendeFácil Loja,814.28,Ativo,contato@centrodedamatal.com.br
CUST1887,Mercado Aparecida Ltda,96.781.025/0001-49,ES,Serra,Farmácia,Pro,VendeFácil Estoque,751.12,Cancelado,contato@mercadoaparecid.com.br
CUST1888,Empório Borges Ltda,95.763.418/0001-67,SC,Chapecó,Construção,Basic,VendeFácil PDV,460.01,Ativo,contato@empórioborgeslt.com.br
CUST1889,Empório Ribeiro Ltda,58.279.630/0001-27,RJ,Niterói,Conveniência,Enterprise,VendeFácil Pay,2497.48,Ativo,contato@empórioribeirol.com.br
CUST1890,Lojas Pacheco Comercial,65.729.138/0001-71,ES,Vila Velha,Cosméticos,Pro,VendeFácil Loja,1201.79,Inativo,contato@lojaspachecocom.com.br
CUST1891,Distribuidora Nogueira Me,65.904.213/0001-93,RJ,Volta Redonda,Supermercado,Enterprise,VendeFácil Pay,1854.28,Ativo,contato@distribuidorano.com.br
CUST1892,Distribuidora Fogaça Eireli,79.208.415/0001-05,PR,Curitiba,Varejo Cultural,Enterprise,VendeFácil Estoque,2188.67,Ativo,contato@distribuidorafo.com.br
CUST1893,Centro de Fernandes Eireli,82.961.305/0001-24,RS,Santa Maria,Alimentação,Enterprise,VendeFácil Pay,3088.0,Inativo,contato@centrodefernand.com.br
CUST1894,Lojas Camargo S.A.,89.047.651/0001-40,PE,Recife,Conveniência,Enterprise,VendeFácil Pay,1891.65,Ativo,contato@lojascamargosa.com.br
CUST1895,Casa do Novaes Comercial,23.580.946/0001-70,PE,Jaboatão dos Guararapes,Pet,Basic,VendeFácil PDV,371.66,Inativo,contato@casadonovaescom.com.br
CUST1896,Rede Gonçalves Comercial,86.342.709/0001-90,SP,Campinas,Conveniência,Enterprise,VendeFácil Estoque,2412.88,Ativo,contato@redegonçalvesco.com.br
CUST1897,Casa do Porto S.A.,72.350.461/0001-03,CE,Sobral,Eletrônicos,Enterprise,VendeFácil Estoque,2221.49,Ativo,contato@casadoportosa.com.br
CUST1898,Casa do Casa Grande Ltda,14.367.298/0001-87,PR,Ponta Grossa,Pet,Pro,VendeFácil Analytics,1132.8,Ativo,contato@casadocasagrand.com.br
CUST1899,Atacado Porto Ltda,13.076.258/0001-13,SC,Criciúma,Automotivo,Enterprise,VendeFácil Pay,2344.33,Ativo,contato@atacadoportoltd.com.br
CUST1900,Rede Cirino Comercial,19.430.627/0001-00,CE,Fortaleza,Vestuário,Basic,VendeFácil PDV,361.42,Ativo,contato@redecirinocomer.com.br
CUST1901,Atacado Guerra Eireli,04.532.178/0001-34,RJ,Nova Iguaçu,Varejo Cultural,Enterprise,VendeFácil Estoque,1976.73,Ativo,contato@atacadoguerraei.com.br
CUST1902,Mundo da Pinto Comercial,97.053.861/0001-70,RS,Pelotas,Eletrônicos,Basic,VendeFácil PDV,464.75,Ativo,contato@mundodapintocom.com.br
CUST1903,Comércio de Ferreira Ltda,04.763.891/0001-99,CE,Caucaia,Eletrônicos,Pro,VendeFácil Loja,1276.79,Ativo,contato@comérciodeferre.com.br
CUST1904,Casa do Sales S.A.,95.703.684/0001-02,PE,Jaboatão dos Guararapes,Vestuário,Enterprise,VendeFácil Estoque,2412.5,Ativo,contato@casadosalessa.com.br
CUST1905,Atacado Melo Ltda,48.107.635/0001-19,GO,Goiânia,Supermercado,Pro,VendeFácil Analytics,1004.52,Ativo,contato@atacadomeloltda.com.br
CUST1906,Mundo da Souza Ltda,53.702.986/0001-08,RS,Pelotas,Alimentação,Pro,VendeFácil Analytics,1469.93,Ativo,contato@mundodasouzaltd.com.br
CUST1907,Mundo da Pimenta Comercial,61.058.472/0001-90,RJ,Niterói,Cosméticos,Pro,VendeFácil Estoque,1154.15,Ativo,contato@mundodapimentac.com.br
CUST1908,Mercado Macedo Eireli,18.237.465/0001-26,DF,Ceilândia,Vestuário,Enterprise,VendeFácil Estoque,3078.61,Ativo,contato@mercadomacedoei.com.br
CUST1909,Rede Rezende Ltda,04.158.376/0001-80,BA,Camaçari,Construção,Pro,VendeFácil Estoque,1280.87,Ativo,contato@rederezendeltda.com.br
CUST1910,Comércio de da Rocha Ltda,20.479.385/0001-29,ES,Cariacica,Supermercado,Enterprise,VendeFácil Estoque,3127.4,Ativo,contato@comérciodedaroc.com.br
CUST1911,Lojas Cassiano Comercial,13.789.062/0001-76,ES,Vitória,Farmácia,Pro,VendeFácil Estoque,1336.44,Ativo,contato@lojascassianoco.com.br
CUST1912,Mundo da Rezende Me,26.091.583/0001-05,SC,Joinville,Calçados,Pro,VendeFácil Loja,1468.72,Ativo,contato@mundodarezendem.com.br
CUST1913,Mundo da Pacheco S.A.,73.965.048/0001-08,CE,Juazeiro do Norte,Construção,Enterprise,VendeFácil Pay,2166.1,Ativo,contato@mundodapachecos.com.br
CUST1914,Casa do Carvalho Ltda,20.739.685/0001-08,SP,Jundiaí,Vestuário,Pro,VendeFácil Estoque,1086.85,Ativo,contato@casadocarvalhol.com.br
CUST1915,Distribuidora Moura S.A.,58.136.027/0001-96,SP,SJC,Supermercado,Pro,VendeFácil Analytics,988.36,Ativo,contato@distribuidoramo.com.br
CUST1916,Mercado Novais Comercial,61.802.537/0001-60,BA,Vitória da Conquista,Automotivo,Enterprise,VendeFácil Estoque,2128.41,Ativo,contato@mercadonovaisco.com.br
CUST1917,Lojas Montenegro Me,32.107.658/0001-93,RS,Caxias do Sul,Calçados,Pro,VendeFácil Loja,830.63,Ativo,contato@lojasmontenegro.com.br
CUST1918,Mundo da Costa Eireli,78.542.309/0001-09,PR,Londrina,Varejo Cultural,Pro,VendeFácil Analytics,1000.49,Ativo,contato@mundodacostaeir.com.br
CUST1919,Empório Cirino Eireli,96.140.785/0001-77,RJ,Petrópolis,Eletrônicos,Basic,VendeFácil PDV,345.05,Ativo,contato@empóriocirinoei.com.br
CUST1920,Lojas da Rosa S.A.,26.097.453/0001-71,MG,Ipatinga,Farmácia,Pro,VendeFácil Estoque,1141.08,Ativo,contato@lojasdarosasa.com.br
CUST1921,Centro de Moura Ltda,48.021.653/0001-83,CE,Juazeiro do Norte,Supermercado,Basic,VendeFácil PDV,436.95,Ativo,contato@centrodemouralt.com.br
CUST1922,Distribuidora Cunha S.A.,37.891.056/0001-93,GO,Aparecida de Goiânia,Calçados,Pro,VendeFácil Loja,1059.26,Ativo,contato@distribuidoracu.com.br
CUST1923,Rede Novaes Ltda,81.259.460/0001-30,MG,Uberaba,Supermercado,Enterprise,VendeFácil Pay,1881.78,Ativo,contato@redenovaesltda.com.br
CUST1924,Casa do Mendes Comercial,81.295.370/0001-03,RS,Porto Alegre,Cosméticos,Enterprise,VendeFácil Pay,1903.49,Ativo,contato@casadomendescom.com.br
CUST1925,Comércio de da Luz Eireli,60.982.374/0001-81,ES,Cariacica,Construção,Enterprise,VendeFácil Estoque,2885.68,Ativo,contato@comérciodedaluz.com.br
CUST1926,Lojas Rios Eireli,56.741.932/0001-40,GO,Anápolis,Varejo Cultural,Enterprise,VendeFácil Estoque,2627.97,Inativo,contato@lojasrioseireli.com.br
CUST1927,Mundo da Vieira Me,86.214.579/0001-00,CE,Juazeiro do Norte,Vestuário,Pro,VendeFácil Estoque,936.46,Ativo,contato@mundodavieirame.com.br
CUST1928,Mercado Vargas Eireli,16.037.452/0001-88,RJ,Petrópolis,Calçados,Basic,VendeFácil PDV,386.35,Ativo,contato@mercadovargasei.com.br
CUST1929,Mundo da Vasconcelos Eireli,20.593.674/0001-54,BA,Feira de Santana,Pet,Pro,VendeFácil Estoque,1296.09,Ativo,contato@mundodavasconce.com.br
CUST1930,Empório Fernandes Me,48.523.971/0001-42,BA,Camaçari,Calçados,Pro,VendeFácil Analytics,1182.92,Ativo,contato@empóriofernande.com.br
CUST1931,Comércio de Sá Comercial,98.237.061/0001-71,SC,Chapecó,Alimentação,Enterprise,VendeFácil Estoque,2747.9,Ativo,contato@comérciodesácom.com.br
CUST1932,Mundo da Nascimento Me,81.452.673/0001-84,RS,Santa Maria,Varejo Cultural,Pro,VendeFácil Analytics,1261.15,Ativo,contato@mundodanascimen.com.br
CUST1933,Casa do Moraes Me,35.814.627/0001-60,ES,Serra,Vestuário,Pro,VendeFácil Analytics,956.0,Ativo,contato@casadomoraesme.com.br
CUST1934,Lojas Correia Eireli,58.627.439/0001-29,GO,Rio Verde,Supermercado,Pro,VendeFácil Estoque,891.17,Ativo,contato@lojascorreiaeir.com.br
CUST1935,Rede Ribeiro S.A.,32.415.870/0001-18,CE,Sobral,Alimentação,Pro,VendeFácil Analytics,867.88,Ativo,contato@rederibeirosa.com.br
CUST1936,Comércio de Martins S.A.,98.205.716/0001-20,PR,Cascavel,Alimentação,Enterprise,VendeFácil Estoque,2543.0,Ativo,contato@comérciodemarti.com.br
CUST1937,Casa do Peixoto Me,52.781.346/0001-78,BA,Vitória da Conquista,Automotivo,Pro,VendeFácil Estoque,1314.22,Ativo,contato@casadopeixotome.com.br
CUST1938,Mercado da Mata Ltda,97.512.406/0001-95,GO,Goiânia,Conveniência,Basic,VendeFácil PDV,457.39,Ativo,contato@mercadodamatalt.com.br
CUST1939,Comércio de Campos Me,68.907.124/0001-99,SC,Florianópolis,Varejo Cultural,Pro,VendeFácil Loja,942.1,Ativo,contato@comérciodecampo.com.br
CUST1940,Casa do Marques Me,84.612.035/0001-71,SP,Santos,Cosméticos,Pro,VendeFácil Loja,1208.41,Ativo,contato@casadomarquesme.com.br
CUST1941,Lojas Mendonça S.A.,91.736.205/0001-95,DF,Taguatinga,Construção,Pro,VendeFácil Loja,871.05,Ativo,contato@lojasmendonçasa.com.br
CUST1942,Casa do Cirino Me,15.076.284/0001-77,BA,Salvador,Eletrônicos,Enterprise,VendeFácil Pay,2373.55,Ativo,contato@casadocirinome.com.br
CUST1943,Distribuidora Nascimento Ltda,42.156.370/0001-62,DF,Taguatinga,Farmácia,Enterprise,VendeFácil Estoque,3412.64,Inativo,contato@distribuidorana.com.br
CUST1944,Rede Ribeiro Me,90.872.451/0001-01,RJ,Volta Redonda,Automotivo,Pro,VendeFácil Analytics,1207.66,Ativo,contato@rederibeirome.com.br
CUST1945,Rede Lopes Me,39.846.527/0001-77,PE,Jaboatão dos Guararapes,Automotivo,Basic,VendeFácil PDV,494.06,Inativo,contato@redelopesme.com.br
CUST1946,Mundo da Fogaça S.A.,32.046.817/0001-97,SC,Florianópolis,Varejo Cultural,Basic,VendeFácil PDV,335.45,Ativo,contato@mundodafogaçasa.com.br
CUST1947,Distribuidora Gomes Me,38.017.426/0001-20,SP,SJC,Conveniência,Pro,VendeFácil Loja,1004.64,Ativo,contato@distribuidorago.com.br
CUST1948,Lojas Campos Me,13.697.850/0001-32,GO,Rio Verde,Supermercado,Enterprise,VendeFácil Pay,3047.47,Ativo,contato@lojascamposme.com.br
CUST1949,Mercado Câmara Eireli,41.085.239/0001-99,PR,Londrina,Eletrônicos,Pro,VendeFácil Loja,1487.43,Inativo,contato@mercadocâmaraei.com.br
CUST1950,Casa do Peixoto Eireli,67.310.582/0001-83,SC,Joinville,Supermercado,Enterprise,VendeFácil Estoque,2282.09,Ativo,contato@casadopeixotoei.com.br
CUST1951,Distribuidora Macedo Me,72.694.308/0001-95,SC,Florianópolis,Construção,Enterprise,VendeFácil Estoque,3492.15,Ativo,contato@distribuidorama.com.br
CUST1952,Atacado Teixeira Eireli,43.789.250/0001-65,CE,Fortaleza,Alimentação,Enterprise,VendeFácil Pay,1814.95,Ativo,contato@atacadoteixeira.com.br
CUST1953,Mundo da Monteiro Me,86.741.259/0001-09,RS,Canoas,Pet,Pro,VendeFácil Analytics,876.99,Ativo,contato@mundodamonteiro.com.br
CUST1954,Empório Barbosa Me,96.283.145/0001-16,SC,Criciúma,Pet,Pro,VendeFácil Analytics,1380.46,Ativo,contato@empóriobarbosam.com.br
CUST1955,Distribuidora Fogaça Me,64.352.179/0001-29,CE,Caucaia,Automotivo,Pro,VendeFácil Loja,986.67,Inativo,contato@distribuidorafo.com.br
CUST1956,Distribuidora Melo S.A.,03.185.962/0001-50,CE,Fortaleza,Supermercado,Pro,VendeFácil Estoque,1274.05,Ativo,contato@distribuidorame.com.br
CUST1957,Distribuidora Ferreira Ltda,56.038.947/0001-46,SC,Florianópolis,Alimentação,Enterprise,VendeFácil Pay,2922.04,Ativo,contato@distribuidorafe.com.br
CUST1958,Lojas Lopes Comercial,45.326.870/0001-93,DF,Brasília,Calçados,Pro,VendeFácil Loja,1409.11,Ativo,contato@lojaslopescomer.com.br
CUST1959,Distribuidora Cavalcante Ltda,38.960.725/0001-02,ES,Cariacica,Conveniência,Pro,VendeFácil Loja,1350.29,Ativo,contato@distribuidoraca.com.br
CUST1960,Distribuidora Teixeira Ltda,31.204.568/0001-58,DF,Taguatinga,Vestuário,Enterprise,VendeFácil Estoque,3382.5,Ativo,contato@distribuidorate.com.br
CUST1961,Centro de Barros S.A.,84.712.639/0001-90,BA,Feira de Santana,Vestuário,Basic,VendeFácil PDV,443.4,Ativo,contato@centrodebarross.com.br
CUST1962,Atacado Cirino Comercial,36.417.085/0001-55,PE,Jaboatão dos Guararapes,Calçados,Pro,VendeFácil Analytics,1304.09,Ativo,contato@atacadocirinoco.com.br
CUST1963,Comércio de Pinto Me,02.473.519/0001-12,MG,Ipatinga,Alimentação,Enterprise,VendeFácil Pay,1808.84,Ativo,contato@comérciodepinto.com.br
CUST1964,Distribuidora Almeida S.A.,31.860.274/0001-84,RJ,Campos dos Goytacazes,Cosméticos,Pro,VendeFácil Estoque,1204.98,Ativo,contato@distribuidoraal.com.br
CUST1965,Atacado Campos Comercial,78.591.640/0001-00,RJ,Petrópolis,Vestuário,Pro,VendeFácil Estoque,1006.53,Ativo,contato@atacadocamposco.com.br
CUST1966,Comércio de Viana Comercial,05.267.498/0001-77,BA,Vitória da Conquista,Vestuário,Pro,VendeFácil Analytics,1038.21,Ativo,contato@comérciodeviana.com.br
CUST1967,Empório Montenegro Ltda,06.219.385/0001-69,MG,Ouro Preto,Construção,Pro,VendeFácil Estoque,792.02,Ativo,contato@empóriomonteneg.com.br
CUST1968,Mercado da Costa Ltda,95.431.682/0001-01,GO,Rio Verde,Farmácia,Enterprise,VendeFácil Estoque,3123.09,Ativo,contato@mercadodacostal.com.br
CUST1969,Distribuidora Camargo Comercial,32.079.164/0001-42,SC,Criciúma,Varejo Cultural,Enterprise,VendeFácil Estoque,2989.73,Ativo,contato@distribuidoraca.com.br
CUST1970,Casa do Marques Me,87.649.352/0001-50,PR,Maringá,Automotivo,Pro,VendeFácil Loja,1319.53,Ativo,contato@casadomarquesme.com.br
CUST1971,Mercado Moreira Me,56.473.190/0001-19,PE,Olinda,Eletrônicos,Enterprise,VendeFácil Estoque,2204.46,Ativo,contato@mercadomoreiram.com.br
CUST1972,Mundo da Andrade Eireli,31.562.098/0001-02,BA,Camaçari,Automotivo,Pro,VendeFácil Loja,1446.41,Ativo,contato@mundodaandradee.com.br
CUST1973,Mercado Garcia S.A.,45.023.178/0001-96,PE,Caruaru,Alimentação,Pro,VendeFácil Estoque,1229.61,Ativo,contato@mercadogarciasa.com.br
CUST1974,Lojas Lopes S.A.,27.958.310/0001-70,SC,Chapecó,Conveniência,Pro,VendeFácil Estoque,1009.62,Ativo,contato@lojaslopessa.com.br
CUST1975,Atacado Almeida Me,37.496.581/0001-04,GO,Aparecida de Goiânia,Vestuário,Basic,VendeFácil PDV,303.28,Ativo,contato@atacadoalmeidam.com.br
CUST1976,Centro de Costela Me,72.601.594/0001-05,RS,Porto Alegre,Automotivo,Pro,VendeFácil Analytics,968.74,Ativo,contato@centrodecostela.com.br
CUST1977,Lojas Freitas Eireli,05.738.692/0001-93,RS,Caxias do Sul,Automotivo,Enterprise,VendeFácil Pay,2813.22,Ativo,contato@lojasfreitaseir.com.br
CUST1978,Casa do da Rocha Comercial,58.703.621/0001-11,ES,Vitória,Varejo Cultural,Basic,VendeFácil PDV,313.38,Ativo,contato@casadodarochaco.com.br
CUST1979,Mundo da Correia Eireli,48.206.175/0001-86,PR,Londrina,Vestuário,Enterprise,VendeFácil Pay,3120.67,Ativo,contato@mundodacorreiae.com.br
CUST1980,Rede Alves Eireli,83.509.724/0001-92,MG,Ouro Preto,Conveniência,Pro,VendeFácil Estoque,970.08,Ativo,contato@redealveseireli.com.br
CUST1981,Empório Marques S.A.,59.420.781/0001-16,GO,Goiânia,Cosméticos,Pro,VendeFácil Estoque,1094.26,Ativo,contato@empóriomarquess.com.br
CUST1982,Comércio de Teixeira S.A.,76.054.893/0001-10,SC,Criciúma,Automotivo,Basic,VendeFácil PDV,303.54,Ativo,contato@comérciodeteixe.com.br
CUST1983,Atacado Garcia Comercial,57.416.902/0001-20,SC,Joinville,Varejo Cultural,Enterprise,VendeFácil Estoque,3365.18,Cancelado,contato@atacadogarciaco.com.br
CUST1984,Empório Gomes Comercial,46.308.257/0001-06,SC,Criciúma,Varejo Cultural,Enterprise,VendeFácil Estoque,2211.0,Ativo,contato@empóriogomescom.com.br
CUST1985,Rede Correia Eireli,63.971.820/0001-40,RS,Santa Maria,Cosméticos,Pro,VendeFácil Estoque,1278.66,Ativo,contato@redecorreiaeire.com.br
CUST1986,Empório Abreu Ltda,12.085.374/0001-36,MG,Contagem,Eletrônicos,Basic,VendeFácil PDV,376.83,Ativo,contato@empórioabreultd.com.br
CUST1987,Atacado Martins Ltda,27.105.394/0001-07,CE,Sobral,Automotivo,Enterprise,VendeFácil Pay,3060.6,Inativo,contato@atacadomartinsl.com.br
CUST1988,Mercado Siqueira Eireli,57.486.923/0001-12,PE,Caruaru,Vestuário,Pro,VendeFácil Loja,1298.34,Ativo,contato@mercadosiqueira.com.br
CUST1989,Casa do Rios Comercial,58.296.473/0001-68,RS,Caxias do Sul,Conveniência,Basic,VendeFácil PDV,365.44,Ativo,contato@casadorioscomer.com.br
CUST1990,Centro de Vasconcelos S.A.,39.086.245/0001-19,RJ,Petrópolis,Varejo Cultural,Pro,VendeFácil Analytics,1588.96,Ativo,contato@centrodevasconc.com.br
CUST1991,Comércio de da Rosa Comercial,76.042.593/0001-10,ES,Vila Velha,Cosméticos,Enterprise,VendeFácil Pay,1968.51,Ativo,contato@comérciodedaros.com.br
CUST1992,Mercado Novais Me,39.871.025/0001-04,CE,Juazeiro do Norte,Vestuário,Pro,VendeFácil Analytics,1167.24,Ativo,contato@mercadonovaisme.com.br
CUST1993,Mundo da Souza Ltda,69.520.148/0001-53,PR,Londrina,Alimentação,Pro,VendeFácil Loja,817.7,Ativo,contato@mundodasouzaltd.com.br
CUST1994,Rede Mendes Eireli,15.036.894/0001-47,SC,Chapecó,Alimentação,Pro,VendeFácil Analytics,1319.42,Ativo,contato@redemendeseirel.com.br
CUST1995,Casa do Melo Me,05.892.134/0001-88,SC,Florianópolis,Construção,Pro,VendeFácil Analytics,1056.96,Ativo,contato@casadomelome.com.br
CUST1996,Empório Gonçalves Comercial,93.681.254/0001-01,RJ,Campos dos Goytacazes,Alimentação,Pro,VendeFácil Loja,1469.27,Ativo,contato@empóriogonçalve.com.br
CUST1997,Mercado Cavalcante Eireli,52.943.067/0001-63,PE,Olinda,Alimentação,Pro,VendeFácil Loja,1382.26,Ativo,contato@mercadocavalcan.com.br
CUST1998,Mercado Barros Me,02.639.157/0001-97,ES,Serra,Pet,Pro,VendeFácil Estoque,962.3,Ativo,contato@mercadobarrosme.com.br
CUST1999,Lojas Melo Eireli,20.976.583/0001-06,SC,Criciúma,Cosméticos,Basic,VendeFácil PDV,476.65,Ativo,contato@lojasmeloeireli.com.br
CUST2000,Comércio de Cavalcante Ltda,45.109.682/0001-03,SP,Campinas,Alimentação,Pro,VendeFácil Estoque,816.46,Ativo,contato@comérciodecaval.com.br
