sale_id,customer_id,company_name,store_id,store_name,state,city,product_id,product_name,date,payment_method,amount_brl,pos_terminal,status
SLS-10001,CUST1875,Empório da Cunha Eireli,STR-005,Filial Shopping Rio de Janeiro,RJ,Rio de Janeiro,PROD-LOJA,VendeFácil Loja,2025-05-04 14:47:10,Cartão de Débito,1306.01,Caixa 03,Estornada
SLS-10002,CUST1037,Casa do Sampaio S.A.,STR-007,Express Cascavel,PR,Cascavel,PROD-ESTOQUE,VendeFácil Estoque,2025-01-13 00:35:25,PIX,930.72,Caixa 04,Aprovada
SLS-10003,CUST401,Comércio de Costela Eireli,STR-050,Express Contagem,MG,Contagem,PROD-PDV,VendeFácil PDV,2025-02-04 09:13:38,Boleto Bancário,863.55,Caixa 02,Aprovada
SLS-10004,CUST224,Empório Moraes Ltda,STR-043,Filial Bairro Rio Verde,GO,Rio Verde,PROD-PDV,VendeFácil PDV,2025-12-24 21:45:23,Cartão de Débito,535.31,Caixa 03,Aprovada
SLS-10005,CUST1887,Mercado Aparecida Ltda,STR-020,Filial Bairro Serra,ES,Serra,PROD-PAY,VendeFácil Pay,2025-10-29 17:25:10,Dinheiro,1888.14,Caixa 03,Aprovada
SLS-10006,CUST005,Materiais de Construção Silva,STR-003,Matriz Juiz de Fora,MG,Juiz de Fora,PROD-LOJA,VendeFácil Loja,2025-06-29 01:07:48,Cartão de Débito,1167.7,Caixa 04,Cancelada
SLS-10007,CUST401,Comércio de Costela Eireli,STR-050,Express Contagem,MG,Contagem,PROD-ANALYTICS,VendeFácil Analytics,2025-12-19 21:22:35,Dinheiro,866.45,Caixa 02,Aprovada
SLS-10008,CUST625,Comércio de Macedo Eireli,STR-025,Matriz Chapecó,SC,Chapecó,PROD-ANALYTICS,VendeFácil Analytics,2026-01-24 03:09:40,Boleto Bancário,426.51,Caixa 01,Aprovada
SLS-10009,CUST1271,Mundo da da Cruz Ltda,STR-016,Filial Zona Sul Olinda,PE,Olinda,PROD-PDV,VendeFácil PDV,2025-08-21 13:49:47,Cartão de Débito,480.34,Caixa 04,Aprovada
SLS-10010,CUST140,Atacado da Rocha Ltda,STR-021,Express Salvador,BA,Salvador,PROD-PAY,VendeFácil Pay,2026-02-02 16:25:39,Cartão de Crédito,1948.88,Caixa 02,Aprovada
SLS-10011,CUST1611,Comércio de Fogaça S.A.,STR-044,Filial Zona Sul Caucaia,CE,Caucaia,PROD-PAY,VendeFácil Pay,2025-12-12 01:01:40,Dinheiro,1444.4,Caixa 02,Aprovada
SLS-10012,CUST714,Rede Borges Ltda,STR-018,Filial Zona Sul Porto Alegre,RS,Porto Alegre,PROD-PAY,VendeFácil Pay,2025-07-18 19:30:10,PIX,874.55,Caixa 01,Estornada
SLS-10013,CUST1689,Comércio de Ribeiro Comercial,STR-034,Filial Zona Sul Caucaia,CE,Caucaia,PROD-ESTOQUE,VendeFácil Estoque,2025-08-20 10:40:55,Cartão de Crédito,549.33,Caixa 02,Aprovada
SLS-10014,CUST409,Rede da Cruz Eireli,STR-008,Matriz Fortaleza,CE,Fortaleza,PROD-ESTOQUE,VendeFácil Estoque,2025-02-09 07:14:59,Boleto Bancário,1214.51,Caixa 01,Aprovada
SLS-10015,CUST401,Comércio de Costela Eireli,STR-050,Express Contagem,MG,Contagem,PROD-ESTOQUE,VendeFácil Estoque,2026-01-31 13:42:57,PIX,940.39,Caixa 01,Aprovada
SLS-10016,CUST1611,Comércio de Fogaça S.A.,STR-044,Filial Zona Sul Caucaia,CE,Caucaia,PROD-ANALYTICS,VendeFácil Analytics,2025-04-28 16:11:23,PIX,321.08,Caixa 02,Aprovada
SLS-10017,CUST1220,Atacado Gonçalves Eireli,STR-048,Matriz Caucaia,CE,Caucaia,PROD-PAY,VendeFácil Pay,2025-10-16 00:51:43,Boleto Bancário,1598.51,Caixa 07,Estornada
SLS-10018,CUST1612,Comércio de Garcia Me,STR-028,Filial Centro Uberaba,MG,Uberaba,PROD-PAY,VendeFácil Pay,2025-12-22 13:24:32,Dinheiro,436.86,Caixa 04,Aprovada
SLS-10019,CUST714,Rede Borges Ltda,STR-018,Filial Zona Sul Porto Alegre,RS,Porto Alegre,PROD-PAY,VendeFácil Pay,2025-12-26 15:22:25,PIX,314.22,Caixa 01,Estornada
SLS-10020,CUST833,Lojas Azevedo Comercial,STR-023,Filial Centro Taguatinga,DF,Taguatinga,PROD-ANALYTICS,VendeFácil Analytics,2025-09-17 08:51:20,Cartão de Crédito,334.71,Caixa 03,Aprovada
SLS-10021,CUST065,Centro de da Rocha Ltda,STR-037,Express Rio Verde,GO,Rio Verde,PROD-ESTOQUE,VendeFácil Estoque,2025-08-17 19:52:34,Cartão de Débito,1320.48,Caixa 04,Aprovada
SLS-10022,CUST224,Empório Moraes Ltda,STR-043,Filial Bairro Rio Verde,GO,Rio Verde,PROD-PAY,VendeFácil Pay,2025-07-31 04:13:04,Dinheiro,238.47,Caixa 02,Aprovada
SLS-10023,CUST1887,Mercado Aparecida Ltda,STR-020,Filial Bairro Serra,ES,Serra,PROD-ANALYTICS,VendeFácil Analytics,2025-01-06 13:32:20,PIX,607.14,Caixa 01,Aprovada
SLS-10024,CUST1689,Comércio de Ribeiro Comercial,STR-034,Filial Zona Sul Caucaia,CE,Caucaia,PROD-LOJA,VendeFácil Loja,2025-10-27 19:18:56,PIX,726.71,Caixa 01,Aprovada
SLS-10025,CUST1271,Mundo da da Cruz Ltda,STR-016,Filial Zona Sul Olinda,PE,Olinda,PROD-ANALYTICS,VendeFácil Analytics,2026-02-15 07:46:31,Cartão de Crédito,714.83,Caixa 04,Aprovada
SLS-10026,CUST024,Casa do Sá Ltda,STR-014,Filial Shopping Rio Verde,GO,Rio Verde,PROD-ESTOQUE,VendeFácil Estoque,2025-07-18 20:08:07,Dinheiro,1769.45,Caixa 01,Aprovada
SLS-10027,CUST224,Empório Moraes Ltda,STR-043,Filial Bairro Rio Verde,GO,Rio Verde,PROD-PAY,VendeFácil Pay,2025-03-16 02:28:32,Boleto Bancário,1649.89,Caixa 01,Cancelada
SLS-10028,CUST1247,Centro de Aparecida Eireli,STR-011,Filial Shopping Brasília,DF,Brasília,PROD-ANALYTICS,VendeFácil Analytics,2025-11-17 13:10:11,Cartão de Crédito,829.58,Caixa 02,Aprovada
SLS-10029,CUST556,Lojas Cunha S.A.,STR-049,Filial Bairro Santa Maria,RS,Santa Maria,PROD-PDV,VendeFácil PDV,2025-06-14 14:22:04,PIX,454.01,Caixa 03,Aprovada
SLS-10030,CUST034,Rede Pires Comercial,STR-026,Filial Shopping Caruaru,PE,Caruaru,PROD-PAY,VendeFácil Pay,2025-04-26 04:38:08,Boleto Bancário,1952.39,Caixa 01,Estornada
SLS-10031,CUST556,Lojas Cunha S.A.,STR-049,Filial Bairro Santa Maria,RS,Santa Maria,PROD-ESTOQUE,VendeFácil Estoque,2025-05-04 21:48:29,Dinheiro,918.57,Caixa 01,Aprovada
SLS-10032,CUST717,Rede da Mota S.A.,STR-039,Filial Shopping Cariacica,ES,Cariacica,PROD-ANALYTICS,VendeFácil Analytics,2025-02-03 20:27:01,PIX,743.13,Caixa 01,Estornada
SLS-10033,CUST005,Materiais de Construção Silva,STR-003,Matriz Juiz de Fora,MG,Juiz de Fora,PROD-LOJA,VendeFácil Loja,2025-07-21 10:13:29,Boleto Bancário,1111.69,Caixa 03,Aprovada
SLS-10034,CUST1162,Empório Monteiro Eireli,STR-035,Filial Zona Sul Juazeiro do Norte,CE,Juazeiro do Norte,PROD-LOJA,VendeFácil Loja,2025-06-07 17:06:32,Dinheiro,931.44,Caixa 02,Aprovada
SLS-10035,CUST552,Distribuidora Cavalcante Eireli,STR-022,Filial Bairro Jaboatão dos Guararapes,PE,Jaboatão dos Guararapes,PROD-ANALYTICS,VendeFácil Analytics,2025-06-25 19:23:47,Dinheiro,681.46,Caixa 01,Aprovada
SLS-10036,CUST1015,Distribuidora Montenegro Me,STR-041,Filial Centro Rio de Janeiro,RJ,Rio de Janeiro,PROD-LOJA,VendeFácil Loja,2025-05-28 21:38:33,Dinheiro,642.9,Caixa 06,Aprovada
SLS-10037,CUST065,Centro de da Rocha Ltda,STR-037,Express Rio Verde,GO,Rio Verde,PROD-LOJA,VendeFácil Loja,2025-06-06 06:59:05,Cartão de Débito,964.62,Caixa 04,Aprovada
SLS-10038,CUST835,Empório Marques Me,STR-017,Filial Centro Santos,SP,Santos,PROD-ANALYTICS,VendeFácil Analytics,2025-12-09 23:59:51,Cartão de Crédito,787.82,Caixa 07,Aprovada
SLS-10039,CUST401,Comércio de Costela Eireli,STR-050,Express Contagem,MG,Contagem,PROD-LOJA,VendeFácil Loja,2025-04-08 13:09:40,Dinheiro,1003.72,Caixa 01,Aprovada
SLS-10040,CUST009,Empório Gourmet Mineiro,STR-038,Express Ouro Preto,MG,Ouro Preto,PROD-ESTOQUE,VendeFácil Estoque,2025-03-02 10:36:42,Cartão de Crédito,796.54,Caixa 01,Aprovada
SLS-10041,CUST1907,Mundo da Pimenta Comercial,STR-042,Filial Shopping Niterói,RJ,Niterói,PROD-ANALYTICS,VendeFácil Analytics,2025-07-11 08:56:35,Boleto Bancário,589.04,Caixa 02,Cancelada
SLS-10042,CUST365,Rede Casa Grande Comercial,STR-030,Filial Shopping Aparecida de Goiânia,GO,Aparecida de Goiânia,PROD-LOJA,VendeFácil Loja,2025-03-16 09:16:27,Dinheiro,469.98,Caixa 01,Aprovada
SLS-10043,CUST1637,Atacado Mendonça S.A.,STR-036,Matriz Contagem,MG,Contagem,PROD-PDV,VendeFácil PDV,2025-02-04 06:52:43,Cartão de Débito,851.02,Caixa 04,Cancelada
SLS-10044,CUST009,Empório Gourmet Mineiro,STR-038,Express Ouro Preto,MG,Ouro Preto,PROD-LOJA,VendeFácil Loja,2025-09-19 20:39:37,Boleto Bancário,611.1,Caixa 01,Aprovada
SLS-10045,CUST1015,Distribuidora Montenegro Me,STR-041,Filial Centro Rio de Janeiro,RJ,Rio de Janeiro,PROD-PAY,VendeFácil Pay,2025-02-25 17:20:38,Boleto Bancário,1272.92,Caixa 02,Aprovada
SLS-10046,CUST1903,Comércio de Ferreira Ltda,STR-012,Filial Shopping Caucaia,CE,Caucaia,PROD-LOJA,VendeFácil Loja,2026-01-25 01:59:03,PIX,1330.36,Caixa 03,Aprovada
SLS-10047,CUST1637,Atacado Mendonça S.A.,STR-036,Matriz Contagem,MG,Contagem,PROD-LOJA,VendeFácil Loja,2025-03-07 03:29:28,Boleto Bancário,617.43,Caixa 06,Cancelada
SLS-10048,CUST008,Auto Peças Central,STR-004,Matriz Ribeirão Preto,SP,Ribeirão Preto,PROD-PDV,VendeFácil PDV,2025-06-22 22:43:56,Cartão de Débito,503.46,Caixa 04,Aprovada
SLS-10049,CUST391,Distribuidora Oliveira Eireli,STR-015,Filial Bairro Anápolis,GO,Anápolis,PROD-PAY,VendeFácil Pay,2025-10-20 09:42:41,Dinheiro,1173.58,Caixa 01,Aprovada
SLS-10050,CUST001,Supermercado Boa Compra,STR-002,Filial Savassi,MG,Belo Horizonte,PROD-PAY,VendeFácil Pay,2025-06-12 08:00:19,Cartão de Crédito,2521.02,Caixa 04,Aprovada
SLS-10051,CUST1162,Empório Monteiro Eireli,STR-035,Filial Zona Sul Juazeiro do Norte,CE,Juazeiro do Norte,PROD-PDV,VendeFácil PDV,2025-03-24 03:19:10,Dinheiro,749.85,Caixa 03,Aprovada
SLS-10052,CUST409,Rede da Cruz Eireli,STR-008,Matriz Fortaleza,CE,Fortaleza,PROD-ESTOQUE,VendeFácil Estoque,2025-07-28 08:02:43,Cartão de Crédito,1174.66,Caixa 01,Aprovada
SLS-10053,CUST391,Distribuidora Oliveira Eireli,STR-015,Filial Bairro Anápolis,GO,Anápolis,PROD-PDV,VendeFácil PDV,2025-01-02 08:41:36,Cartão de Débito,585.0,Caixa 01,Aprovada
SLS-10054,CUST024,Casa do Sá Ltda,STR-014,Filial Shopping Rio Verde,GO,Rio Verde,PROD-PDV,VendeFácil PDV,2025-02-11 14:52:27,Boleto Bancário,588.96,Caixa 01,Cancelada
SLS-10055,CUST556,Lojas Cunha S.A.,STR-049,Filial Bairro Santa Maria,RS,Santa Maria,PROD-PDV,VendeFácil PDV,2025-10-05 09:53:35,Cartão de Crédito,826.18,Caixa 02,Aprovada
SLS-10056,CUST1689,Comércio de Ribeiro Comercial,STR-034,Filial Zona Sul Caucaia,CE,Caucaia,PROD-LOJA,VendeFácil Loja,2025-01-11 18:10:09,Dinheiro,1073.36,Caixa 02,Cancelada
SLS-10057,CUST024,Casa do Sá Ltda,STR-014,Filial Shopping Rio Verde,GO,Rio Verde,PROD-ESTOQUE,VendeFácil Estoque,2025-12-27 02:48:59,Dinheiro,1737.04,Caixa 01,Aprovada
SLS-10058,CUST034,Rede Pires Comercial,STR-026,Filial Shopping Caruaru,PE,Caruaru,PROD-ESTOQUE,VendeFácil Estoque,2025-06-10 12:51:43,Boleto Bancário,898.47,Caixa 01,Aprovada
SLS-10059,CUST625,Comércio de Macedo Eireli,STR-025,Matriz Chapecó,SC,Chapecó,PROD-ANALYTICS,VendeFácil Analytics,2025-01-13 20:30:34,Cartão de Crédito,701.83,Caixa 01,Aprovada
SLS-10060,CUST210,Lojas Cunha Eireli,STR-046,Filial Zona Sul Niterói,RJ,Niterói,PROD-PDV,VendeFácil PDV,2025-07-19 20:48:48,Cartão de Débito,544.14,Caixa 01,Aprovada
SLS-10061,CUST1612,Comércio de Garcia Me,STR-028,Filial Centro Uberaba,MG,Uberaba,PROD-ANALYTICS,VendeFácil Analytics,2025-08-06 03:15:25,Boleto Bancário,428.45,Caixa 02,Aprovada
SLS-10062,CUST1499,Distribuidora Costa Me,STR-024,Filial Centro Sorocaba,SP,Sorocaba,PROD-LOJA,VendeFácil Loja,2025-09-03 05:45:22,Cartão de Crédito,633.24,Caixa 09,Cancelada
SLS-10063,CUST1689,Comércio de Ribeiro Comercial,STR-034,Filial Zona Sul Caucaia,CE,Caucaia,PROD-ESTOQUE,VendeFácil Estoque,2025-01-19 13:53:16,Cartão de Débito,561.49,Caixa 01,Aprovada
SLS-10064,CUST210,Lojas Cunha Eireli,STR-046,Filial Zona Sul Niterói,RJ,Niterói,PROD-ESTOQUE,VendeFácil Estoque,2025-02-17 22:24:28,Dinheiro,564.6,Caixa 01,Cancelada
SLS-10065,CUST835,Empório Marques Me,STR-017,Filial Centro Santos,SP,Santos,PROD-ESTOQUE,VendeFácil Estoque,2025-05-31 05:09:24,Boleto Bancário,904.99,Caixa 02,Aprovada
SLS-10066,CUST1410,Empório Campos Ltda,STR-027,Filial Centro Porto Alegre,RS,Porto Alegre,PROD-ESTOQUE,VendeFácil Estoque,2025-09-24 02:25:52,Cartão de Crédito,1789.0,Caixa 03,Aprovada
SLS-10067,CUST065,Centro de da Rocha Ltda,STR-037,Express Rio Verde,GO,Rio Verde,PROD-ESTOQUE,VendeFácil Estoque,2025-05-28 19:56:59,Boleto Bancário,1893.6,Caixa 02,Aprovada
SLS-10068,CUST001,Supermercado Boa Compra,STR-002,Filial Savassi,MG,Belo Horizonte,PROD-ESTOQUE,VendeFácil Estoque,2025-11-05 02:48:18,PIX,1641.53,Caixa 03,Aprovada
SLS-10069,CUST1162,Empório Monteiro Eireli,STR-035,Filial Zona Sul Juazeiro do Norte,CE,Juazeiro do Norte,PROD-ANALYTICS,VendeFácil Analytics,2025-10-11 13:25:56,Cartão de Crédito,356.9,Caixa 02,Aprovada
SLS-10070,CUST001,Supermercado Boa Compra,STR-001,Filial Matriz - Centro BH,MG,Belo Horizonte,PROD-ESTOQUE,VendeFácil Estoque,2026-01-28 09:54:55,Dinheiro,1701.83,Caixa 01,Aprovada
SLS-10071,CUST1610,Comércio de da Rocha Ltda,STR-009,Express Jaboatão dos Guararapes,PE,Jaboatão dos Guararapes,PROD-PDV,VendeFácil PDV,2025-08-29 05:40:35,Cartão de Crédito,480.64,Caixa 01,Cancelada
SLS-10072,CUST714,Rede Borges Ltda,STR-018,Filial Zona Sul Porto Alegre,RS,Porto Alegre,PROD-ESTOQUE,VendeFácil Estoque,2025-08-21 06:22:36,PIX,1553.01,Caixa 01,Estornada
SLS-10073,CUST717,Rede da Mota S.A.,STR-039,Filial Shopping Cariacica,ES,Cariacica,PROD-PDV,VendeFácil PDV,2025-02-04 13:44:29,Cartão de Crédito,350.31,Caixa 01,Cancelada
SLS-10074,CUST1139,Empório Freitas Me,STR-032,Filial Bairro Juiz de Fora,MG,Juiz de Fora,PROD-ANALYTICS,VendeFácil Analytics,2025-10-09 19:42:51,Boleto Bancário,872.15,Caixa 08,Estornada
SLS-10075,CUST1689,Comércio de Ribeiro Comercial,STR-034,Filial Zona Sul Caucaia,CE,Caucaia,PROD-PAY,VendeFácil Pay,2025-10-23 14:45:10,Cartão de Débito,1679.94,Caixa 02,Aprovada
SLS-10076,CUST1398,Centro de Andrade Ltda,STR-033,Filial Zona Sul Curitiba,PR,Curitiba,PROD-ANALYTICS,VendeFácil Analytics,2025-03-06 01:19:33,Cartão de Crédito,301.39,Caixa 02,Aprovada
SLS-10077,CUST409,Rede da Cruz Eireli,STR-008,Matriz Fortaleza,CE,Fortaleza,PROD-ANALYTICS,VendeFácil Analytics,2025-07-15 13:41:15,Cartão de Débito,511.54,Caixa 02,Aprovada
SLS-10078,CUST102,Rede Cardoso Me,STR-013,Filial Centro Uberlândia,MG,Uberlândia,PROD-PDV,VendeFácil PDV,2025-04-21 15:51:26,Cartão de Crédito,592.97,Caixa 01,Estornada
SLS-10079,CUST1887,Mercado Aparecida Ltda,STR-020,Filial Bairro Serra,ES,Serra,PROD-ESTOQUE,VendeFácil Estoque,2025-03-14 00:35:46,Cartão de Crédito,1836.46,Caixa 02,Aprovada
SLS-10080,CUST034,Rede Pires Comercial,STR-026,Filial Shopping Caruaru,PE,Caruaru,PROD-ANALYTICS,VendeFácil Analytics,2025-07-10 07:27:09,Boleto Bancário,341.29,Caixa 01,Aprovada
SLS-10081,CUST108,Lojas Abreu Ltda,STR-010,Matriz São Paulo,SP,São Paulo,PROD-PDV,VendeFácil PDV,2025-06-01 13:37:05,PIX,539.3,Caixa 02,Estornada
SLS-10082,CUST1612,Comércio de Garcia Me,STR-028,Filial Centro Uberaba,MG,Uberaba,PROD-PAY,VendeFácil Pay,2025-05-31 12:55:00,Dinheiro,1763.79,Caixa 01,Aprovada
SLS-10083,CUST1875,Empório da Cunha Eireli,STR-005,Filial Shopping Rio de Janeiro,RJ,Rio de Janeiro,PROD-LOJA,VendeFácil Loja,2025-04-10 11:17:57,Dinheiro,574.2,Caixa 01,Aprovada
SLS-10084,CUST1220,Atacado Gonçalves Eireli,STR-048,Matriz Caucaia,CE,Caucaia,PROD-PAY,VendeFácil Pay,2025-05-19 02:10:49,PIX,1638.33,Caixa 06,Cancelada
SLS-10085,CUST1499,Distribuidora Costa Me,STR-024,Filial Centro Sorocaba,SP,Sorocaba,PROD-ANALYTICS,VendeFácil Analytics,2025-07-26 12:09:43,Dinheiro,572.2,Caixa 06,Aprovada
SLS-10086,CUST1499,Distribuidora Costa Me,STR-024,Filial Centro Sorocaba,SP,Sorocaba,PROD-PAY,VendeFácil Pay,2025-10-27 04:29:20,Boleto Bancário,2380.31,Caixa 07,Cancelada
SLS-10087,CUST005,Materiais de Construção Silva,STR-003,Matriz Juiz de Fora,MG,Juiz de Fora,PROD-PAY,VendeFácil Pay,2026-01-09 20:37:12,Dinheiro,320.52,Caixa 02,Aprovada
SLS-10088,CUST552,Distribuidora Cavalcante Eireli,STR-022,Filial Bairro Jaboatão dos Guararapes,PE,Jaboatão dos Guararapes,PROD-ANALYTICS,VendeFácil Analytics,2026-01-10 23:07:37,Cartão de Débito,350.77,Caixa 01,Aprovada
SLS-10089,CUST934,Lojas Campos Ltda,STR-040,Express Brasília,DF,Brasília,PROD-LOJA,VendeFácil Loja,2025-07-21 08:01:06,PIX,438.85,Caixa 01,Aprovada
SLS-10090,CUST102,Rede Cardoso Me,STR-013,Filial Centro Uberlândia,MG,Uberlândia,PROD-PAY,VendeFácil Pay,2025-04-10 15:12:14,Cartão de Crédito,1392.2,Caixa 01,Aprovada
SLS-10091,CUST001,Supermercado Boa Compra,STR-001,Filial Matriz - Centro BH,MG,Belo Horizonte,PROD-ESTOQUE,VendeFácil Estoque,2025-01-20 09:40:00,Boleto Bancário,1662.65,Caixa 04,Aprovada
SLS-10092,CUST1247,Centro de Aparecida Eireli,STR-011,Filial Shopping Brasília,DF,Brasília,PROD-ANALYTICS,VendeFácil Analytics,2025-02-28 02:54:41,Boleto Bancário,818.18,Caixa 02,Cancelada
SLS-10093,CUST1427,Lojas Vieira Comercial,STR-047,Matriz Vitória da Conquista,BA,Vitória da Conquista,PROD-ANALYTICS,VendeFácil Analytics,2025-05-13 21:00:34,Dinheiro,633.55,Caixa 03,Aprovada
SLS-10094,CUST1015,Distribuidora Montenegro Me,STR-041,Filial Centro Rio de Janeiro,RJ,Rio de Janeiro,PROD-LOJA,VendeFácil Loja,2025-09-27 05:39:54,Dinheiro,967.25,Caixa 05,Cancelada
SLS-10095,CUST401,Comércio de Costela Eireli,STR-050,Express Contagem,MG,Contagem,PROD-ESTOQUE,VendeFácil Estoque,2025-04-26 00:48:33,Boleto Bancário,1210.26,Caixa 02,Cancelada
SLS-10096,CUST1887,Mercado Aparecida Ltda,STR-020,Filial Bairro Serra,ES,Serra,PROD-ANALYTICS,VendeFácil Analytics,2025-01-27 21:32:34,Cartão de Débito,811.17,Caixa 02,Aprovada
SLS-10097,CUST108,Lojas Abreu Ltda,STR-010,Matriz São Paulo,SP,São Paulo,PROD-ESTOQUE,VendeFácil Estoque,2026-02-06 07:58:18,Cartão de Crédito,1181.88,Caixa 01,Aprovada
SLS-10098,CUST1490,Mundo da da Mota Me,STR-045,Filial Shopping Vila Velha,ES,Vila Velha,PROD-PAY,VendeFácil Pay,2025-07-05 15:01:26,Boleto Bancário,1369.49,Caixa 02,Aprovada
SLS-10099,CUST1867,Lojas Teixeira Ltda,STR-006,Matriz Caxias do Sul,RS,Caxias do Sul,PROD-ESTOQUE,VendeFácil Estoque,2025-11-16 17:31:08,PIX,1644.7,Caixa 01,Aprovada
SLS-10100,CUST034,Rede Pires Comercial,STR-026,Filial Shopping Caruaru,PE,Caruaru,PROD-ANALYTICS,VendeFácil Analytics,2025-03-20 15:04:53,Boleto Bancário,934.85,Caixa 01,Aprovada
SLS-10101,CUST409,Rede da Cruz Eireli,STR-008,Matriz Fortaleza,CE,Fortaleza,PROD-ESTOQUE,VendeFácil Estoque,2025-09-07 17:54:29,Boleto Bancário,1366.75,Caixa 02,Aprovada
SLS-10102,CUST1271,Mundo da da Cruz Ltda,STR-016,Filial Zona Sul Olinda,PE,Olinda,PROD-ESTOQUE,VendeFácil Estoque,2025-11-09 06:00:13,Cartão de Débito,727.2,Caixa 03,Cancelada
SLS-10103,CUST625,Comércio de Macedo Eireli,STR-025,Matriz Chapecó,SC,Chapecó,PROD-PDV,VendeFácil PDV,2025-02-21 02:59:20,PIX,779.94,Caixa 01,Aprovada
SLS-10104,CUST1162,Empório Monteiro Eireli,STR-035,Filial Zona Sul Juazeiro do Norte,CE,Juazeiro do Norte,PROD-ANALYTICS,VendeFácil Analytics,2025-02-17 23:35:30,Cartão de Crédito,944.29,Caixa 01,Aprovada
SLS-10105,CUST1903,Comércio de Ferreira Ltda,STR-012,Filial Shopping Caucaia,CE,Caucaia,PROD-ESTOQUE,VendeFácil Estoque,2025-05-30 13:21:12,Cartão de Débito,1482.43,Caixa 01,Aprovada
SLS-10106,CUST1247,Centro de Aparecida Eireli,STR-011,Filial Shopping Brasília,DF,Brasília,PROD-LOJA,VendeFácil Loja,2025-06-19 03:38:23,PIX,1495.91,Caixa 01,Aprovada
SLS-10107,CUST934,Lojas Campos Ltda,STR-040,Express Brasília,DF,Brasília,PROD-ESTOQUE,VendeFácil Estoque,2026-02-09 06:11:13,Boleto Bancário,1718.04,Caixa 02,Aprovada
SLS-10108,CUST714,Rede Borges Ltda,STR-018,Filial Zona Sul Porto Alegre,RS,Porto Alegre,PROD-LOJA,VendeFácil Loja,2025-11-12 19:09:15,PIX,1313.3,Caixa 01,Aprovada
SLS-10109,CUST1875,Empório da Cunha Eireli,STR-005,Filial Shopping Rio de Janeiro,RJ,Rio de Janeiro,PROD-PAY,VendeFácil Pay,2025-05-14 05:43:49,Dinheiro,406.44,Caixa 03,Aprovada
SLS-10110,CUST1490,Mundo da da Mota Me,STR-045,Filial Shopping Vila Velha,ES,Vila Velha,PROD-PDV,VendeFácil PDV,2025-07-21 12:19:48,Cartão de Crédito,725.25,Caixa 02,Aprovada
SLS-10111,CUST1398,Centro de Andrade Ltda,STR-033,Filial Zona Sul Curitiba,PR,Curitiba,PROD-LOJA,VendeFácil Loja,2025-12-01 14:36:12,Boleto Bancário,1285.73,Caixa 01,Aprovada
SLS-10112,CUST224,Empório Moraes Ltda,STR-043,Filial Bairro Rio Verde,GO,Rio Verde,PROD-ESTOQUE,VendeFácil Estoque,2025-05-04 16:47:41,Cartão de Crédito,1537.82,Caixa 01,Aprovada
SLS-10113,CUST008,Auto Peças Central,STR-004,Matriz Ribeirão Preto,SP,Ribeirão Preto,PROD-PDV,VendeFácil PDV,2025-03-17 03:55:13,Boleto Bancário,418.1,Caixa 02,Aprovada
SLS-10114,CUST401,Comércio de Costela Eireli,STR-050,Express Contagem,MG,Contagem,PROD-LOJA,VendeFácil Loja,2025-10-24 08:42:39,Boleto Bancário,873.22,Caixa 01,Estornada
SLS-10115,CUST224,Empório Moraes Ltda,STR-043,Filial Bairro Rio Verde,GO,Rio Verde,PROD-PAY,VendeFácil Pay,2026-01-09 21:23:47,Cartão de Débito,2913.56,Caixa 02,Aprovada
SLS-10116,CUST1907,Mundo da Pimenta Comercial,STR-042,Filial Shopping Niterói,RJ,Niterói,PROD-LOJA,VendeFácil Loja,2025-03-22 14:13:42,Cartão de Crédito,773.05,Caixa 01,Aprovada
SLS-10117,CUST835,Empório Marques Me,STR-017,Filial Centro Santos,SP,Santos,PROD-ESTOQUE,VendeFácil Estoque,2025-09-12 16:52:32,Boleto Bancário,1657.75,Caixa 07,Aprovada
SLS-10118,CUST1629,Mundo da Vieira Comercial,STR-029,Matriz Águas Claras,DF,Águas Claras,PROD-LOJA,VendeFácil Loja,2026-01-17 15:22:38,Cartão de Débito,1453.45,Caixa 05,Estornada
SLS-10119,CUST1903,Comércio de Ferreira Ltda,STR-012,Filial Shopping Caucaia,CE,Caucaia,PROD-ESTOQUE,VendeFácil Estoque,2025-05-09 15:08:19,PIX,1215.47,Caixa 03,Aprovada
SLS-10120,CUST005,Materiais de Construção Silva,STR-003,Matriz Juiz de Fora,MG,Juiz de Fora,PROD-ESTOQUE,VendeFácil Estoque,2025-05-03 18:40:11,Dinheiro,1228.08,Caixa 03,Aprovada
SLS-10121,CUST1427,Lojas Vieira Comercial,STR-047,Matriz Vitória da Conquista,BA,Vitória da Conquista,PROD-ANALYTICS,VendeFácil Analytics,2025-01-20 00:20:09,Cartão de Débito,747.96,Caixa 03,Aprovada
SLS-10122,CUST552,Distribuidora Cavalcante Eireli,STR-022,Filial Bairro Jaboatão dos Guararapes,PE,Jaboatão dos Guararapes,PROD-PDV,VendeFácil PDV,2025-09-05 18:14:37,Cartão de Crédito,463.97,Caixa 02,Estornada
SLS-10123,CUST224,Empório Moraes Ltda,STR-043,Filial Bairro Rio Verde,GO,Rio Verde,PROD-PAY,VendeFácil Pay,2025-05-21 19:19:42,Boleto Bancário,2770.97,Caixa 05,Cancelada
SLS-10124,CUST934,Lojas Campos Ltda,STR-040,Express Brasília,DF,Brasília,PROD-ANALYTICS,VendeFácil Analytics,2026-01-30 01:26:07,Boleto Bancário,924.9,Caixa 03,Cancelada
SLS-10125,CUST475,Centro de Aragão Ltda,STR-019,Matriz Serra,ES,Serra,PROD-ANALYTICS,VendeFácil Analytics,2025-01-23 10:21:28,Cartão de Débito,262.54,Caixa 01,Aprovada
SLS-10126,CUST1410,Empório Campos Ltda,STR-027,Filial Centro Porto Alegre,RS,Porto Alegre,PROD-ANALYTICS,VendeFácil Analytics,2025-11-08 20:49:19,Cartão de Crédito,896.16,Caixa 03,Aprovada
SLS-10127,CUST1629,Mundo da Vieira Comercial,STR-029,Matriz Águas Claras,DF,Águas Claras,PROD-LOJA,VendeFácil Loja,2025-11-30 01:24:33,Cartão de Crédito,1131.96,Caixa 05,Aprovada
SLS-10128,CUST034,Rede Pires Comercial,STR-026,Filial Shopping Caruaru,PE,Caruaru,PROD-PDV,VendeFácil PDV,2025-09-29 08:20:44,PIX,469.77,Caixa 01,Aprovada
SLS-10129,CUST034,Rede Pires Comercial,STR-026,Filial Shopping Caruaru,PE,Caruaru,PROD-ANALYTICS,VendeFácil Analytics,2025-01-25 02:46:15,Cartão de Débito,624.68,Caixa 01,Aprovada
SLS-10130,CUST1398,Centro de Andrade Ltda,STR-033,Filial Zona Sul Curitiba,PR,Curitiba,PROD-LOJA,VendeFácil Loja,2026-01-29 21:51:15,PIX,941.27,Caixa 03,Aprovada
SLS-10131,CUST1162,Empório Monteiro Eireli,STR-035,Filial Zona Sul Juazeiro do Norte,CE,Juazeiro do Norte,PROD-PAY,VendeFácil Pay,2025-05-28 04:13:07,Cartão de Crédito,2878.37,Caixa 04,Cancelada
SLS-10132,CUST1427,Lojas Vieira Comercial,STR-047,Matriz Vitória da Conquista,BA,Vitória da Conquista,PROD-ESTOQUE,VendeFácil Estoque,2025-10-07 23:53:16,Cartão de Crédito,511.17,Caixa 02,Aprovada
SLS-10133,CUST552,Distribuidora Cavalcante Eireli,STR-022,Filial Bairro Jaboatão dos Guararapes,PE,Jaboatão dos Guararapes,PROD-ESTOQUE,VendeFácil Estoque,2025-09-03 00:45:11,PIX,683.52,Caixa 02,Aprovada
SLS-10134,CUST224,Empório Moraes Ltda,STR-043,Filial Bairro Rio Verde,GO,Rio Verde,PROD-LOJA,VendeFácil Loja,2025-08-01 05:53:35,Boleto Bancário,616.54,Caixa 02,Aprovada
SLS-10135,CUST1037,Casa do Sampaio S.A.,STR-007,Express Cascavel,PR,Cascavel,PROD-LOJA,VendeFácil Loja,2025-06-08 19:44:42,Dinheiro,1099.32,Caixa 02,Aprovada
SLS-10136,CUST409,Rede da Cruz Eireli,STR-008,Matriz Fortaleza,CE,Fortaleza,PROD-PDV,VendeFácil PDV,2025-05-03 02:24:08,Cartão de Débito,871.18,Caixa 01,Aprovada
SLS-10137,CUST552,Distribuidora Cavalcante Eireli,STR-022,Filial Bairro Jaboatão dos Guararapes,PE,Jaboatão dos Guararapes,PROD-PAY,VendeFácil Pay,2026-01-28 19:27:50,Boleto Bancário,1642.12,Caixa 02,Estornada
SLS-10138,CUST934,Lojas Campos Ltda,STR-040,Express Brasília,DF,Brasília,PROD-PDV,VendeFácil PDV,2025-07-02 03:21:02,Cartão de Débito,445.26,Caixa 01,Cancelada
SLS-10139,CUST835,Empório Marques Me,STR-017,Filial Centro Santos,SP,Santos,PROD-PDV,VendeFácil PDV,2025-11-14 03:08:47,PIX,437.64,Caixa 03,Aprovada
SLS-10140,CUST1689,Comércio de Ribeiro Comercial,STR-034,Filial Zona Sul Caucaia,CE,Caucaia,PROD-PAY,VendeFácil Pay,2025-04-10 17:25:42,Cartão de Débito,208.77,Caixa 02,Aprovada
SLS-10141,CUST1037,Casa do Sampaio S.A.,STR-007,Express Cascavel,PR,Cascavel,PROD-PAY,VendeFácil Pay,2026-02-02 14:39:11,Cartão de Crédito,619.22,Caixa 08,Cancelada
SLS-10142,CUST1220,Atacado Gonçalves Eireli,STR-048,Matriz Caucaia,CE,Caucaia,PROD-PDV,VendeFácil PDV,2026-01-17 08:15:20,Boleto Bancário,651.03,Caixa 04,Aprovada
SLS-10143,CUST140,Atacado da Rocha Ltda,STR-021,Express Salvador,BA,Salvador,PROD-LOJA,VendeFácil Loja,2025-04-12 01:31:40,PIX,892.73,Caixa 01,Cancelada
SLS-10144,CUST833,Lojas Azevedo Comercial,STR-023,Filial Centro Taguatinga,DF,Taguatinga,PROD-LOJA,VendeFácil Loja,2025-11-29 12:19:57,Boleto Bancário,1222.2,Caixa 01,Aprovada
SLS-10145,CUST365,Rede Casa Grande Comercial,STR-030,Filial Shopping Aparecida de Goiânia,GO,Aparecida de Goiânia,PROD-ESTOQUE,VendeFácil Estoque,2025-02-19 21:39:01,Dinheiro,1326.5,Caixa 01,Cancelada
SLS-10146,CUST1610,Comércio de da Rocha Ltda,STR-009,Express Jaboatão dos Guararapes,PE,Jaboatão dos Guararapes,PROD-ANALYTICS,VendeFácil Analytics,2025-10-11 20:04:59,Cartão de Débito,333.83,Caixa 01,Estornada
SLS-10147,CUST140,Atacado da Rocha Ltda,STR-021,Express Salvador,BA,Salvador,PROD-LOJA,VendeFácil Loja,2025-10-02 15:29:49,Cartão de Débito,433.22,Caixa 02,Aprovada
SLS-10148,CUST1887,Mercado Aparecida Ltda,STR-020,Filial Bairro Serra,ES,Serra,PROD-ESTOQUE,VendeFácil Estoque,2025-12-23 09:24:13,Boleto Bancário,1978.93,Caixa 02,Aprovada
SLS-10149,CUST1410,Empório Campos Ltda,STR-027,Filial Centro Porto Alegre,RS,Porto Alegre,PROD-PAY,VendeFácil Pay,2025-07-06 02:44:05,Boleto Bancário,1038.99,Caixa 02,Aprovada
SLS-10150,CUST001,Supermercado Boa Compra,STR-002,Filial Savassi,MG,Belo Horizonte,PROD-LOJA,VendeFácil Loja,2025-06-17 06:43:38,PIX,1355.15,Caixa 05,Cancelada
SLS-10151,CUST717,Rede da Mota S.A.,STR-039,Filial Shopping Cariacica,ES,Cariacica,PROD-PDV,VendeFácil PDV,2025-07-05 04:07:40,PIX,876.31,Caixa 01,Aprovada
SLS-10152,CUST409,Rede da Cruz Eireli,STR-008,Matriz Fortaleza,CE,Fortaleza,PROD-PAY,VendeFácil Pay,2025-04-19 21:11:53,PIX,809.93,Caixa 02,Aprovada
SLS-10153,CUST556,Lojas Cunha S.A.,STR-049,Filial Bairro Santa Maria,RS,Santa Maria,PROD-PAY,VendeFácil Pay,2025-02-10 19:59:10,Dinheiro,2713.5,Caixa 03,Aprovada
SLS-10154,CUST1637,Atacado Mendonça S.A.,STR-036,Matriz Contagem,MG,Contagem,PROD-LOJA,VendeFácil Loja,2025-02-21 14:41:47,PIX,736.2,Caixa 04,Aprovada
SLS-10155,CUST224,Empório Moraes Ltda,STR-043,Filial Bairro Rio Verde,GO,Rio Verde,PROD-LOJA,VendeFácil Loja,2026-01-15 01:53:42,Cartão de Crédito,466.31,Caixa 05,Aprovada
SLS-10156,CUST1037,Casa do Sampaio S.A.,STR-007,Express Cascavel,PR,Cascavel,PROD-ANALYTICS,VendeFácil Analytics,2025-01-22 17:05:02,Cartão de Débito,534.19,Caixa 02,Aprovada
SLS-10157,CUST1247,Centro de Aparecida Eireli,STR-011,Filial Shopping Brasília,DF,Brasília,PROD-PAY,VendeFácil Pay,2026-02-11 09:00:50,PIX,1115.51,Caixa 01,Estornada
SLS-10158,CUST065,Centro de da Rocha Ltda,STR-037,Express Rio Verde,GO,Rio Verde,PROD-PDV,VendeFácil PDV,2025-11-19 00:36:47,Boleto Bancário,467.95,Caixa 06,Aprovada
SLS-10159,CUST1247,Centro de Aparecida Eireli,STR-011,Filial Shopping Brasília,DF,Brasília,PROD-PAY,VendeFácil Pay,2025-05-03 14:51:05,PIX,2150.61,Caixa 02,Cancelada
SLS-10160,CUST1427,Lojas Vieira Comercial,STR-047,Matriz Vitória da Conquista,BA,Vitória da Conquista,PROD-ESTOQUE,VendeFácil Estoque,2025-09-10 19:56:10,Cartão de Crédito,578.46,Caixa 01,Cancelada
SLS-10161,CUST224,Empório Moraes Ltda,STR-043,Filial Bairro Rio Verde,GO,Rio Verde,PROD-ESTOQUE,VendeFácil Estoque,2025-09-28 10:39:25,Cartão de Débito,692.95,Caixa 05,Aprovada
SLS-10162,CUST009,Empório Gourmet Mineiro,STR-038,Express Ouro Preto,MG,Ouro Preto,PROD-LOJA,VendeFácil Loja,2025-05-08 22:26:30,PIX,1174.66,Caixa 01,Estornada
SLS-10163,CUST717,Rede da Mota S.A.,STR-039,Filial Shopping Cariacica,ES,Cariacica,PROD-PDV,VendeFácil PDV,2025-02-28 14:45:55,Dinheiro,453.23,Caixa 01,Estornada
SLS-10164,CUST1610,Comércio de da Rocha Ltda,STR-009,Express Jaboatão dos Guararapes,PE,Jaboatão dos Guararapes,PROD-ESTOQUE,VendeFácil Estoque,2025-11-25 21:07:28,PIX,1931.09,Caixa 01,Aprovada
SLS-10165,CUST210,Lojas Cunha Eireli,STR-046,Filial Zona Sul Niterói,RJ,Niterói,PROD-ESTOQUE,VendeFácil Estoque,2025-05-08 01:41:43,PIX,1509.26,Caixa 01,Aprovada
SLS-10166,CUST714,Rede Borges Ltda,STR-018,Filial Zona Sul Porto Alegre,RS,Porto Alegre,PROD-PDV,VendeFácil PDV,2025-10-22 00:06:09,Cartão de Crédito,737.31,Caixa 01,Aprovada
SLS-10167,CUST1037,Casa do Sampaio S.A.,STR-007,Express Cascavel,PR,Cascavel,PROD-ESTOQUE,VendeFácil Estoque,2025-08-17 05:15:24,Cartão de Crédito,1569.23,Caixa 02,Aprovada
SLS-10168,CUST140,Atacado da Rocha Ltda,STR-021,Express Salvador,BA,Salvador,PROD-ANALYTICS,VendeFácil Analytics,2025-12-04 18:53:28,Cartão de Débito,560.39,Caixa 04,Estornada
SLS-10169,CUST108,Lojas Abreu Ltda,STR-010,Matriz São Paulo,SP,São Paulo,PROD-ANALYTICS,VendeFácil Analytics,2025-06-30 06:50:41,Cartão de Crédito,592.94,Caixa 02,Aprovada
SLS-10170,CUST008,Auto Peças Central,STR-004,Matriz Ribeirão Preto,SP,Ribeirão Preto,PROD-PDV,VendeFácil PDV,2025-08-10 16:52:42,Cartão de Crédito,383.16,Caixa 01,Estornada
SLS-10171,CUST365,Rede Casa Grande Comercial,STR-030,Filial Shopping Aparecida de Goiânia,GO,Aparecida de Goiânia,PROD-LOJA,VendeFácil Loja,2025-04-15 15:03:05,PIX,1368.25,Caixa 02,Aprovada
SLS-10172,CUST714,Rede Borges Ltda,STR-018,Filial Zona Sul Porto Alegre,RS,Porto Alegre,PROD-ANALYTICS,VendeFácil Analytics,2026-01-29 00:30:04,Boleto Bancário,799.99,Caixa 01,Cancelada
SLS-10173,CUST365,Rede Casa Grande Comercial,STR-030,Filial Shopping Aparecida de Goiânia,GO,Aparecida de Goiânia,PROD-LOJA,VendeFácil Loja,2025-11-26 08:10:01,Boleto Bancário,613.03,Caixa 03,Aprovada
SLS-10174,CUST625,Comércio de Macedo Eireli,STR-025,Matriz Chapecó,SC,Chapecó,PROD-ESTOQUE,VendeFácil Estoque,2025-09-03 08:01:49,Boleto Bancário,1838.16,Caixa 01,Aprovada
SLS-10175,CUST1907,Mundo da Pimenta Comercial,STR-042,Filial Shopping Niterói,RJ,Niterói,PROD-ANALYTICS,VendeFácil Analytics,2025-04-23 20:05:18,Dinheiro,699.32,Caixa 01,Aprovada
SLS-10176,CUST714,Rede Borges Ltda,STR-018,Filial Zona Sul Porto Alegre,RS,Porto Alegre,PROD-LOJA,VendeFácil Loja,2025-09-25 09:16:38,PIX,691.71,Caixa 01,Estornada
SLS-10177,CUST034,Rede Pires Comercial,STR-026,Filial Shopping Caruaru,PE,Caruaru,PROD-PDV,VendeFácil PDV,2025-10-18 03:54:00,Cartão de Crédito,835.34,Caixa 01,Aprovada
SLS-10178,CUST556,Lojas Cunha S.A.,STR-049,Filial Bairro Santa Maria,RS,Santa Maria,PROD-PAY,VendeFácil Pay,2025-11-11 20:54:49,Dinheiro,2867.05,Caixa 03,Aprovada
SLS-10179,CUST1689,Comércio de Ribeiro Comercial,STR-034,Filial Zona Sul Caucaia,CE,Caucaia,PROD-ESTOQUE,VendeFácil Estoque,2025-01-11 11:55:09,Dinheiro,1115.39,Caixa 02,Aprovada
SLS-10180,CUST1187,Mercado Almeida S.A.,STR-031,Filial Centro Vila Velha,ES,Vila Velha,PROD-ESTOQUE,VendeFácil Estoque,2025-02-25 11:09:12,Boleto Bancário,864.24,Caixa 02,Cancelada
SLS-10181,CUST102,Rede Cardoso Me,STR-013,Filial Centro Uberlândia,MG,Uberlândia,PROD-ANALYTICS,VendeFácil Analytics,2025-12-09 21:54:09,Dinheiro,644.82,Caixa 01,Aprovada
SLS-10182,CUST1187,Mercado Almeida S.A.,STR-031,Filial Centro Vila Velha,ES,Vila Velha,PROD-ESTOQUE,VendeFácil Estoque,2025-05-06 11:49:21,PIX,1768.12,Caixa 02,Aprovada
SLS-10183,CUST556,Lojas Cunha S.A.,STR-049,Filial Bairro Santa Maria,RS,Santa Maria,PROD-PAY,VendeFácil Pay,2025-06-20 17:57:18,Cartão de Crédito,1403.85,Caixa 03,Aprovada
SLS-10184,CUST1490,Mundo da da Mota Me,STR-045,Filial Shopping Vila Velha,ES,Vila Velha,PROD-PDV,VendeFácil PDV,2025-10-17 04:59:16,Cartão de Crédito,571.8,Caixa 01,Aprovada
SLS-10185,CUST365,Rede Casa Grande Comercial,STR-030,Filial Shopping Aparecida de Goiânia,GO,Aparecida de Goiânia,PROD-PAY,VendeFácil Pay,2026-01-14 02:38:36,PIX,2149.26,Caixa 04,Estornada
SLS-10186,CUST1610,Comércio de da Rocha Ltda,STR-009,Express Jaboatão dos Guararapes,PE,Jaboatão dos Guararapes,PROD-ESTOQUE,VendeFácil Estoque,2025-04-22 13:30:11,PIX,544.56,Caixa 01,Cancelada
SLS-10187,CUST1410,Empório Campos Ltda,STR-027,Filial Centro Porto Alegre,RS,Porto Alegre,PROD-LOJA,VendeFácil Loja,2025-11-26 21:25:52,Boleto Bancário,1381.34,Caixa 01,Aprovada
SLS-10188,CUST1271,Mundo da da Cruz Ltda,STR-016,Filial Zona Sul Olinda,PE,Olinda,PROD-PDV,VendeFácil PDV,2025-02-17 09:06:49,Dinheiro,639.92,Caixa 02,Aprovada
SLS-10189,CUST1187,Mercado Almeida S.A.,STR-031,Filial Centro Vila Velha,ES,Vila Velha,PROD-LOJA,VendeFácil Loja,2025-10-05 06:04:53,PIX,1418.11,Caixa 02,Aprovada
SLS-10190,CUST1410,Empório Campos Ltda,STR-027,Filial Centro Porto Alegre,RS,Porto Alegre,PROD-LOJA,VendeFácil Loja,2025-02-21 03:13:47,Dinheiro,1037.0,Caixa 03,Aprovada
SLS-10191,CUST001,Supermercado Boa Compra,STR-001,Filial Matriz - Centro BH,MG,Belo Horizonte,PROD-LOJA,VendeFácil Loja,2025-07-02 16:28:11,Dinheiro,1162.49,Caixa 01,Estornada
SLS-10192,CUST1037,Casa do Sampaio S.A.,STR-007,Express Cascavel,PR,Cascavel,PROD-PAY,VendeFácil Pay,2025-01-11 10:01:18,Cartão de Crédito,632.76,Caixa 03,Aprovada
SLS-10193,CUST1220,Atacado Gonçalves Eireli,STR-048,Matriz Caucaia,CE,Caucaia,PROD-ESTOQUE,VendeFácil Estoque,2025-04-11 07:36:43,Cartão de Crédito,687.62,Caixa 04,Aprovada
SLS-10194,CUST224,Empório Moraes Ltda,STR-043,Filial Bairro Rio Verde,GO,Rio Verde,PROD-ESTOQUE,VendeFácil Estoque,2025-11-13 04:53:51,PIX,665.64,Caixa 06,Aprovada
SLS-10195,CUST1499,Distribuidora Costa Me,STR-024,Filial Centro Sorocaba,SP,Sorocaba,PROD-LOJA,VendeFácil Loja,2025-12-18 15:43:19,Cartão de Crédito,1153.59,Caixa 03,Aprovada
SLS-10196,CUST625,Comércio de Macedo Eireli,STR-025,Matriz Chapecó,SC,Chapecó,PROD-ESTOQUE,VendeFácil Estoque,2025-07-11 01:16:44,Dinheiro,750.89,Caixa 01,Aprovada
SLS-10197,CUST1867,Lojas Teixeira Ltda,STR-006,Matriz Caxias do Sul,RS,Caxias do Sul,PROD-ESTOQUE,VendeFácil Estoque,2025-04-19 02:39:56,Cartão de Crédito,1108.43,Caixa 04,Aprovada
SLS-10198,CUST1490,Mundo da da Mota Me,STR-045,Filial Shopping Vila Velha,ES,Vila Velha,PROD-ESTOQUE,VendeFácil Estoque,2025-05-17 18:56:31,Dinheiro,1806.9,Caixa 02,Aprovada
SLS-10199,CUST1247,Centro de Aparecida Eireli,STR-011,Filial Shopping Brasília,DF,Brasília,PROD-PAY,VendeFácil Pay,2025-09-30 20:39:16,Cartão de Crédito,2961.78,Caixa 02,Aprovada
SLS-10200,CUST934,Lojas Campos Ltda,STR-040,Express Brasília,DF,Brasília,PROD-ANALYTICS,VendeFácil Analytics,2025-05-23 11:29:43,Cartão de Débito,674.4,Caixa 03,Aprovada
SLS-10201,CUST102,Rede Cardoso Me,STR-013,Filial Centro Uberlândia,MG,Uberlândia,PROD-LOJA,VendeFácil Loja,2025-07-12 19:29:42,Boleto Bancário,1419.24,Caixa 01,Estornada
SLS-10202,CUST1610,Comércio de da Rocha Ltda,STR-009,Express Jaboatão dos Guararapes,PE,Jaboatão dos Guararapes,PROD-PDV,VendeFácil PDV,2025-04-28 19:25:32,PIX,652.44,Caixa 01,Estornada
SLS-10203,CUST009,Empório Gourmet Mineiro,STR-038,Express Ouro Preto,MG,Ouro Preto,PROD-ESTOQUE,VendeFácil Estoque,2025-01-28 18:51:29,Cartão de Crédito,1293.15,Caixa 01,Aprovada
SLS-10204,CUST1271,Mundo da da Cruz Ltda,STR-016,Filial Zona Sul Olinda,PE,Olinda,PROD-PDV,VendeFácil PDV,2025-09-18 22:05:47,Dinheiro,827.59,Caixa 02,Cancelada
SLS-10205,CUST1637,Atacado Mendonça S.A.,STR-036,Matriz Contagem,MG,Contagem,PROD-LOJA,VendeFácil Loja,2025-09-26 19:34:19,PIX,678.22,Caixa 03,Cancelada
SLS-10206,CUST1610,Comércio de da Rocha Ltda,STR-009,Express Jaboatão dos Guararapes,PE,Jaboatão dos Guararapes,PROD-ESTOQUE,VendeFácil Estoque,2025-01-23 15:34:22,Boleto Bancário,1756.87,Caixa 01,Aprovada
SLS-10207,CUST391,Distribuidora Oliveira Eireli,STR-015,Filial Bairro Anápolis,GO,Anápolis,PROD-PDV,VendeFácil PDV,2025-09-23 05:22:55,Dinheiro,588.87,Caixa 01,Estornada
SLS-10208,CUST1015,Distribuidora Montenegro Me,STR-041,Filial Centro Rio de Janeiro,RJ,Rio de Janeiro,PROD-PDV,VendeFácil PDV,2026-01-13 11:43:04,Boleto Bancário,438.9,Caixa 05,Aprovada
SLS-10209,CUST001,Supermercado Boa Compra,STR-002,Filial Savassi,MG,Belo Horizonte,PROD-PDV,VendeFácil PDV,2026-02-04 00:59:41,PIX,815.96,Caixa 01,Aprovada
SLS-10210,CUST140,Atacado da Rocha Ltda,STR-021,Express Salvador,BA,Salvador,PROD-PAY,VendeFácil Pay,2025-02-11 03:00:30,Cartão de Crédito,1552.72,Caixa 02,Aprovada
SLS-10211,CUST1162,Empório Monteiro Eireli,STR-035,Filial Zona Sul Juazeiro do Norte,CE,Juazeiro do Norte,PROD-LOJA,VendeFácil Loja,2025-01-30 22:58:06,Dinheiro,418.68,Caixa 02,Aprovada
SLS-10212,CUST140,Atacado da Rocha Ltda,STR-021,Express Salvador,BA,Salvador,PROD-PDV,VendeFácil PDV,2026-02-11 18:21:02,Cartão de Débito,756.37,Caixa 05,Aprovada
SLS-10213,CUST1867,Lojas Teixeira Ltda,STR-006,Matriz Caxias do Sul,RS,Caxias do Sul,PROD-ESTOQUE,VendeFácil Estoque,2025-11-04 20:59:07,Dinheiro,1200.4,Caixa 04,Cancelada
SLS-10214,CUST401,Comércio de Costela Eireli,STR-050,Express Contagem,MG,Contagem,PROD-ESTOQUE,VendeFácil Estoque,2025-03-31 10:31:16,Dinheiro,1416.27,Caixa 01,Aprovada
SLS-10215,CUST625,Comércio de Macedo Eireli,STR-025,Matriz Chapecó,SC,Chapecó,PROD-PDV,VendeFácil PDV,2025-09-17 15:49:35,Boleto Bancário,364.18,Caixa 01,Aprovada
SLS-10216,CUST224,Empório Moraes Ltda,STR-043,Filial Bairro Rio Verde,GO,Rio Verde,PROD-ESTOQUE,VendeFácil Estoque,2025-07-13 12:34:25,Cartão de Débito,622.15,Caixa 06,Cancelada
SLS-10217,CUST714,Rede Borges Ltda,STR-018,Filial Zona Sul Porto Alegre,RS,Porto Alegre,PROD-ESTOQUE,VendeFácil Estoque,2025-07-27 13:45:08,Dinheiro,673.18,Caixa 01,Aprovada
SLS-10218,CUST714,Rede Borges Ltda,STR-018,Filial Zona Sul Porto Alegre,RS,Porto Alegre,PROD-ESTOQUE,VendeFácil Estoque,2025-06-14 13:27:19,PIX,1035.65,Caixa 01,Cancelada
SLS-10219,CUST625,Comércio de Macedo Eireli,STR-025,Matriz Chapecó,SC,Chapecó,PROD-PDV,VendeFácil PDV,2025-10-10 01:26:01,Boleto Bancário,378.64,Caixa 01,Aprovada
SLS-10220,CUST1410,Empório Campos Ltda,STR-027,Filial Centro Porto Alegre,RS,Porto Alegre,PROD-PAY,VendeFácil Pay,2025-10-13 16:44:56,Dinheiro,1178.13,Caixa 01,Cancelada
SLS-10221,CUST401,Comércio de Costela Eireli,STR-050,Express Contagem,MG,Contagem,PROD-PAY,VendeFácil Pay,2025-04-05 04:34:44,PIX,300.92,Caixa 01,Aprovada
SLS-10222,CUST034,Rede Pires Comercial,STR-026,Filial Shopping Caruaru,PE,Caruaru,PROD-PAY,VendeFácil Pay,2025-03-05 20:14:08,Dinheiro,2320.75,Caixa 01,Estornada
SLS-10223,CUST1427,Lojas Vieira Comercial,STR-047,Matriz Vitória da Conquista,BA,Vitória da Conquista,PROD-ESTOQUE,VendeFácil Estoque,2025-10-08 17:14:41,Boleto Bancário,1801.88,Caixa 01,Cancelada
SLS-10224,CUST102,Rede Cardoso Me,STR-013,Filial Centro Uberlândia,MG,Uberlândia,PROD-ESTOQUE,VendeFácil Estoque,2025-09-28 23:35:00,PIX,1085.57,Caixa 01,Aprovada
SLS-10225,CUST1611,Comércio de Fogaça S.A.,STR-044,Filial Zona Sul Caucaia,CE,Caucaia,PROD-ESTOQUE,VendeFácil Estoque,2025-12-23 14:33:59,Dinheiro,1500.08,Caixa 02,Cancelada
SLS-10226,CUST065,Centro de da Rocha Ltda,STR-037,Express Rio Verde,GO,Rio Verde,PROD-LOJA,VendeFácil Loja,2025-07-28 10:50:05,Cartão de Crédito,412.99,Caixa 04,Estornada
SLS-10227,CUST1610,Comércio de da Rocha Ltda,STR-009,Express Jaboatão dos Guararapes,PE,Jaboatão dos Guararapes,PROD-PAY,VendeFácil Pay,2025-08-09 07:47:12,PIX,1042.56,Caixa 01,Aprovada
SLS-10228,CUST365,Rede Casa Grande Comercial,STR-030,Filial Shopping Aparecida de Goiânia,GO,Aparecida de Goiânia,PROD-PDV,VendeFácil PDV,2025-07-19 10:37:03,Boleto Bancário,434.6,Caixa 03,Aprovada
SLS-10229,CUST005,Materiais de Construção Silva,STR-003,Matriz Juiz de Fora,MG,Juiz de Fora,PROD-ANALYTICS,VendeFácil Analytics,2026-02-08 08:20:25,Cartão de Débito,487.95,Caixa 06,Aprovada
SLS-10230,CUST475,Centro de Aragão Ltda,STR-019,Matriz Serra,ES,Serra,PROD-PDV,VendeFácil PDV,2025-12-09 03:04:49,Boleto Bancário,553.73,Caixa 01,Aprovada
SLS-10231,CUST475,Centro de Aragão Ltda,STR-019,Matriz Serra,ES,Serra,PROD-PAY,VendeFácil Pay,2025-09-29 18:23:39,PIX,2420.67,Caixa 01,Aprovada
SLS-10232,CUST1271,Mundo da da Cruz Ltda,STR-016,Filial Zona Sul Olinda,PE,Olinda,PROD-PAY,VendeFácil Pay,2025-09-23 06:29:50,Cartão de Débito,1108.02,Caixa 02,Aprovada
SLS-10233,CUST934,Lojas Campos Ltda,STR-040,Express Brasília,DF,Brasília,PROD-PDV,VendeFácil PDV,2025-12-11 12:22:35,PIX,506.44,Caixa 03,Aprovada
SLS-10234,CUST475,Centro de Aragão Ltda,STR-019,Matriz Serra,ES,Serra,PROD-ESTOQUE,VendeFácil Estoque,2025-04-21 07:36:25,Cartão de Débito,779.55,Caixa 01,Cancelada
SLS-10235,CUST140,Atacado da Rocha Ltda,STR-021,Express Salvador,BA,Salvador,PROD-PDV,VendeFácil PDV,2025-07-22 08:04:42,Cartão de Crédito,785.21,Caixa 02,Aprovada
SLS-10236,CUST210,Lojas Cunha Eireli,STR-046,Filial Zona Sul Niterói,RJ,Niterói,PROD-ANALYTICS,VendeFácil Analytics,2025-09-27 16:58:58,PIX,631.06,Caixa 03,Aprovada
SLS-10237,CUST1271,Mundo da da Cruz Ltda,STR-016,Filial Zona Sul Olinda,PE,Olinda,PROD-PDV,VendeFácil PDV,2025-11-20 07:12:30,Boleto Bancário,467.06,Caixa 04,Estornada
SLS-10238,CUST140,Atacado da Rocha Ltda,STR-021,Express Salvador,BA,Salvador,PROD-PDV,VendeFácil PDV,2025-07-28 01:15:55,PIX,866.35,Caixa 010,Cancelada
SLS-10239,CUST1139,Empório Freitas Me,STR-032,Filial Bairro Juiz de Fora,MG,Juiz de Fora,PROD-LOJA,VendeFácil Loja,2025-07-19 03:28:12,Boleto Bancário,1456.42,Caixa 07,Cancelada
SLS-10240,CUST1427,Lojas Vieira Comercial,STR-047,Matriz Vitória da Conquista,BA,Vitória da Conquista,PROD-PAY,VendeFácil Pay,2025-01-05 00:23:18,Cartão de Crédito,741.94,Caixa 01,Aprovada
SLS-10241,CUST009,Empório Gourmet Mineiro,STR-038,Express Ouro Preto,MG,Ouro Preto,PROD-LOJA,VendeFácil Loja,2026-02-03 15:06:37,PIX,1000.21,Caixa 01,Aprovada
SLS-10242,CUST1490,Mundo da da Mota Me,STR-045,Filial Shopping Vila Velha,ES,Vila Velha,PROD-LOJA,VendeFácil Loja,2025-08-30 23:11:11,Boleto Bancário,682.91,Caixa 02,Cancelada
SLS-10243,CUST409,Rede da Cruz Eireli,STR-008,Matriz Fortaleza,CE,Fortaleza,PROD-ANALYTICS,VendeFácil Analytics,2025-01-02 22:36:43,Cartão de Crédito,524.23,Caixa 03,Aprovada
SLS-10244,CUST1610,Comércio de da Rocha Ltda,STR-009,Express Jaboatão dos Guararapes,PE,Jaboatão dos Guararapes,PROD-PDV,VendeFácil PDV,2025-02-09 11:19:53,Dinheiro,388.29,Caixa 01,Cancelada
SLS-10245,CUST1015,Distribuidora Montenegro Me,STR-041,Filial Centro Rio de Janeiro,RJ,Rio de Janeiro,PROD-PAY,VendeFácil Pay,2025-05-27 03:57:47,Dinheiro,990.89,Caixa 04,Aprovada
SLS-10246,CUST1689,Comércio de Ribeiro Comercial,STR-034,Filial Zona Sul Caucaia,CE,Caucaia,PROD-LOJA,VendeFácil Loja,2025-01-14 21:21:21,Cartão de Crédito,1229.74,Caixa 02,Aprovada
SLS-10247,CUST1247,Centro de Aparecida Eireli,STR-011,Filial Shopping Brasília,DF,Brasília,PROD-ESTOQUE,VendeFácil Estoque,2025-04-21 22:05:04,Dinheiro,1243.72,Caixa 01,Aprovada
SLS-10248,CUST1629,Mundo da Vieira Comercial,STR-029,Matriz Águas Claras,DF,Águas Claras,PROD-LOJA,VendeFácil Loja,2025-06-22 15:13:43,PIX,492.37,Caixa 01,Estornada
SLS-10249,CUST1220,Atacado Gonçalves Eireli,STR-048,Matriz Caucaia,CE,Caucaia,PROD-LOJA,VendeFácil Loja,2025-03-08 18:55:15,Dinheiro,842.05,Caixa 06,Aprovada
SLS-10250,CUST1499,Distribuidora Costa Me,STR-024,Filial Centro Sorocaba,SP,Sorocaba,PROD-PDV,VendeFácil PDV,2026-02-03 12:17:15,Cartão de Crédito,615.88,Caixa 07,Aprovada
SLS-10251,CUST1612,Comércio de Garcia Me,STR-028,Filial Centro Uberaba,MG,Uberaba,PROD-PDV,VendeFácil PDV,2025-09-23 03:29:40,PIX,753.03,Caixa 04,Aprovada
SLS-10252,CUST005,Materiais de Construção Silva,STR-003,Matriz Juiz de Fora,MG,Juiz de Fora,PROD-ESTOQUE,VendeFácil Estoque,2025-01-29 18:56:31,Cartão de Crédito,1028.37,Caixa 04,Cancelada
SLS-10253,CUST1867,Lojas Teixeira Ltda,STR-006,Matriz Caxias do Sul,RS,Caxias do Sul,PROD-PDV,VendeFácil PDV,2025-07-17 05:36:24,Boleto Bancário,389.25,Caixa 02,Aprovada
SLS-10254,CUST1903,Comércio de Ferreira Ltda,STR-012,Filial Shopping Caucaia,CE,Caucaia,PROD-ESTOQUE,VendeFácil Estoque,2025-05-11 12:23:54,Cartão de Débito,567.56,Caixa 04,Cancelada
SLS-10255,CUST1637,Atacado Mendonça S.A.,STR-036,Matriz Contagem,MG,Contagem,PROD-ANALYTICS,VendeFácil Analytics,2025-10-20 03:57:37,Boleto Bancário,688.46,Caixa 04,Aprovada
SLS-10256,CUST556,Lojas Cunha S.A.,STR-049,Filial Bairro Santa Maria,RS,Santa Maria,PROD-ESTOQUE,VendeFácil Estoque,2025-11-15 07:40:37,Dinheiro,1728.77,Caixa 02,Estornada
SLS-10257,CUST005,Materiais de Construção Silva,STR-003,Matriz Juiz de Fora,MG,Juiz de Fora,PROD-ESTOQUE,VendeFácil Estoque,2025-06-05 20:11:23,PIX,1672.78,Caixa 04,Aprovada
SLS-10258,CUST552,Distribuidora Cavalcante Eireli,STR-022,Filial Bairro Jaboatão dos Guararapes,PE,Jaboatão dos Guararapes,PROD-ESTOQUE,VendeFácil Estoque,2025-09-02 20:02:07,Dinheiro,693.38,Caixa 01,Aprovada
SLS-10259,CUST391,Distribuidora Oliveira Eireli,STR-015,Filial Bairro Anápolis,GO,Anápolis,PROD-LOJA,VendeFácil Loja,2025-11-11 04:31:10,PIX,503.75,Caixa 01,Aprovada
SLS-10260,CUST1490,Mundo da da Mota Me,STR-045,Filial Shopping Vila Velha,ES,Vila Velha,PROD-PDV,VendeFácil PDV,2025-11-07 01:43:44,Dinheiro,548.85,Caixa 01,Aprovada
SLS-10261,CUST475,Centro de Aragão Ltda,STR-019,Matriz Serra,ES,Serra,PROD-ESTOQUE,VendeFácil Estoque,2025-01-09 16:29:49,Cartão de Débito,1358.52,Caixa 01,Aprovada
SLS-10262,CUST556,Lojas Cunha S.A.,STR-049,Filial Bairro Santa Maria,RS,Santa Maria,PROD-PAY,VendeFácil Pay,2025-11-16 22:47:26,Boleto Bancário,2404.55,Caixa 03,Aprovada
SLS-10263,CUST401,Comércio de Costela Eireli,STR-050,Express Contagem,MG,Contagem,PROD-LOJA,VendeFácil Loja,2025-10-10 23:21:55,Dinheiro,1233.04,Caixa 02,Aprovada
SLS-10264,CUST1689,Comércio de Ribeiro Comercial,STR-034,Filial Zona Sul Caucaia,CE,Caucaia,PROD-ESTOQUE,VendeFácil Estoque,2025-10-02 13:19:56,Dinheiro,1062.31,Caixa 01,Aprovada
SLS-10265,CUST552,Distribuidora Cavalcante Eireli,STR-022,Filial Bairro Jaboatão dos Guararapes,PE,Jaboatão dos Guararapes,PROD-PDV,VendeFácil PDV,2025-05-31 00:46:28,Dinheiro,829.16,Caixa 01,Aprovada
SLS-10266,CUST102,Rede Cardoso Me,STR-013,Filial Centro Uberlândia,MG,Uberlândia,PROD-ESTOQUE,VendeFácil Estoque,2026-02-04 08:07:12,Cartão de Débito,1652.99,Caixa 01,Aprovada
SLS-10267,CUST065,Centro de da Rocha Ltda,STR-037,Express Rio Verde,GO,Rio Verde,PROD-PDV,VendeFácil PDV,2025-07-28 22:39:15,PIX,884.61,Caixa 04,Aprovada
SLS-10268,CUST034,Rede Pires Comercial,STR-026,Filial Shopping Caruaru,PE,Caruaru,PROD-PDV,VendeFácil PDV,2025-08-23 15:12:29,PIX,696.65,Caixa 01,Estornada
SLS-10269,CUST024,Casa do Sá Ltda,STR-014,Filial Shopping Rio Verde,GO,Rio Verde,PROD-PAY,VendeFácil Pay,2026-01-06 08:18:18,Dinheiro,1928.06,Caixa 01,Estornada
SLS-10270,CUST224,Empório Moraes Ltda,STR-043,Filial Bairro Rio Verde,GO,Rio Verde,PROD-LOJA,VendeFácil Loja,2025-11-29 08:52:56,Dinheiro,543.76,Caixa 05,Aprovada
SLS-10271,CUST475,Centro de Aragão Ltda,STR-019,Matriz Serra,ES,Serra,PROD-PDV,VendeFácil PDV,2025-06-26 14:50:08,PIX,880.06,Caixa 01,Aprovada
SLS-10272,CUST001,Supermercado Boa Compra,STR-002,Filial Savassi,MG,Belo Horizonte,PROD-ESTOQUE,VendeFácil Estoque,2025-07-27 21:29:59,Cartão de Débito,1301.31,Caixa 02,Aprovada
SLS-10273,CUST224,Empório Moraes Ltda,STR-043,Filial Bairro Rio Verde,GO,Rio Verde,PROD-PDV,VendeFácil PDV,2026-02-06 20:02:50,Boleto Bancário,659.37,Caixa 03,Aprovada
SLS-10274,CUST1015,Distribuidora Montenegro Me,STR-041,Filial Centro Rio de Janeiro,RJ,Rio de Janeiro,PROD-ESTOQUE,VendeFácil Estoque,2025-01-08 20:27:15,Boleto Bancário,1695.03,Caixa 02,Estornada
SLS-10275,CUST1611,Comércio de Fogaça S.A.,STR-044,Filial Zona Sul Caucaia,CE,Caucaia,PROD-ESTOQUE,VendeFácil Estoque,2026-01-28 06:55:41,Dinheiro,957.41,Caixa 03,Aprovada
SLS-10276,CUST835,Empório Marques Me,STR-017,Filial Centro Santos,SP,Santos,PROD-ESTOQUE,VendeFácil Estoque,2026-02-02 09:43:22,Boleto Bancário,1296.79,Caixa 02,Cancelada
SLS-10277,CUST401,Comércio de Costela Eireli,STR-050,Express Contagem,MG,Contagem,PROD-PAY,VendeFácil Pay,2025-05-20 22:47:36,PIX,2666.82,Caixa 01,Aprovada
SLS-10278,CUST556,Lojas Cunha S.A.,STR-049,Filial Bairro Santa Maria,RS,Santa Maria,PROD-PDV,VendeFácil PDV,2025-01-04 18:42:37,Boleto Bancário,674.21,Caixa 02,Aprovada
SLS-10279,CUST008,Auto Peças Central,STR-004,Matriz Ribeirão Preto,SP,Ribeirão Preto,PROD-ANALYTICS,VendeFácil Analytics,2025-09-15 07:21:24,PIX,306.85,Caixa 04,Cancelada
SLS-10280,CUST552,Distribuidora Cavalcante Eireli,STR-022,Filial Bairro Jaboatão dos Guararapes,PE,Jaboatão dos Guararapes,PROD-PDV,VendeFácil PDV,2025-01-25 02:24:39,Boleto Bancário,635.02,Caixa 02,Aprovada
SLS-10281,CUST475,Centro de Aragão Ltda,STR-019,Matriz Serra,ES,Serra,PROD-PAY,VendeFácil Pay,2025-02-07 11:42:05,PIX,1470.35,Caixa 01,Estornada
SLS-10282,CUST1689,Comércio de Ribeiro Comercial,STR-034,Filial Zona Sul Caucaia,CE,Caucaia,PROD-PAY,VendeFácil Pay,2025-08-15 23:22:37,Boleto Bancário,1988.39,Caixa 01,Estornada
SLS-10283,CUST1499,Distribuidora Costa Me,STR-024,Filial Centro Sorocaba,SP,Sorocaba,PROD-LOJA,VendeFácil Loja,2025-05-19 00:36:44,Boleto Bancário,879.12,Caixa 05,Aprovada
SLS-10284,CUST1247,Centro de Aparecida Eireli,STR-011,Filial Shopping Brasília,DF,Brasília,PROD-ANALYTICS,VendeFácil Analytics,2025-03-13 14:40:50,Boleto Bancário,719.98,Caixa 03,Aprovada
SLS-10285,CUST833,Lojas Azevedo Comercial,STR-023,Filial Centro Taguatinga,DF,Taguatinga,PROD-PAY,VendeFácil Pay,2026-02-13 03:21:07,Boleto Bancário,2280.46,Caixa 08,Aprovada
SLS-10286,CUST008,Auto Peças Central,STR-004,Matriz Ribeirão Preto,SP,Ribeirão Preto,PROD-PAY,VendeFácil Pay,2025-12-25 21:54:38,PIX,2411.96,Caixa 05,Aprovada
SLS-10287,CUST034,Rede Pires Comercial,STR-026,Filial Shopping Caruaru,PE,Caruaru,PROD-PAY,VendeFácil Pay,2025-12-12 19:25:31,Cartão de Débito,320.13,Caixa 01,Aprovada
SLS-10288,CUST102,Rede Cardoso Me,STR-013,Filial Centro Uberlândia,MG,Uberlândia,PROD-ESTOQUE,VendeFácil Estoque,2025-02-15 04:49:48,Cartão de Débito,1023.24,Caixa 01,Aprovada
SLS-10289,CUST833,Lojas Azevedo Comercial,STR-023,Filial Centro Taguatinga,DF,Taguatinga,PROD-ANALYTICS,VendeFácil Analytics,2025-02-25 17:00:35,Dinheiro,899.02,Caixa 08,Aprovada
SLS-10290,CUST024,Casa do Sá Ltda,STR-014,Filial Shopping Rio Verde,GO,Rio Verde,PROD-ESTOQUE,VendeFácil Estoque,2025-12-14 03:42:04,PIX,1388.36,Caixa 01,Aprovada
SLS-10291,CUST409,Rede da Cruz Eireli,STR-008,Matriz Fortaleza,CE,Fortaleza,PROD-ANALYTICS,VendeFácil Analytics,2025-05-02 18:41:18,Cartão de Débito,342.65,Caixa 02,Cancelada
SLS-10292,CUST065,Centro de da Rocha Ltda,STR-037,Express Rio Verde,GO,Rio Verde,PROD-LOJA,VendeFácil Loja,2025-07-12 04:24:54,Cartão de Crédito,632.26,Caixa 01,Estornada
SLS-10293,CUST1162,Empório Monteiro Eireli,STR-035,Filial Zona Sul Juazeiro do Norte,CE,Juazeiro do Norte,PROD-LOJA,VendeFácil Loja,2025-05-16 21:34:27,PIX,1195.85,Caixa 02,Cancelada
SLS-10294,CUST140,Atacado da Rocha Ltda,STR-021,Express Salvador,BA,Salvador,PROD-ESTOQUE,VendeFácil Estoque,2025-07-22 10:42:17,Dinheiro,554.07,Caixa 02,Aprovada
SLS-10295,CUST714,Rede Borges Ltda,STR-018,Filial Zona Sul Porto Alegre,RS,Porto Alegre,PROD-PDV,VendeFácil PDV,2025-05-02 16:26:50,Cartão de Crédito,718.31,Caixa 01,Aprovada
SLS-10296,CUST1187,Mercado Almeida S.A.,STR-031,Filial Centro Vila Velha,ES,Vila Velha,PROD-PDV,VendeFácil PDV,2025-03-14 16:51:53,Boleto Bancário,710.33,Caixa 01,Aprovada
SLS-10297,CUST1875,Empório da Cunha Eireli,STR-005,Filial Shopping Rio de Janeiro,RJ,Rio de Janeiro,PROD-ESTOQUE,VendeFácil Estoque,2025-11-24 03:21:33,Boleto Bancário,1822.46,Caixa 03,Cancelada
SLS-10298,CUST1903,Comércio de Ferreira Ltda,STR-012,Filial Shopping Caucaia,CE,Caucaia,PROD-ESTOQUE,VendeFácil Estoque,2025-05-14 18:54:42,Boleto Bancário,745.71,Caixa 03,Estornada
SLS-10299,CUST1139,Empório Freitas Me,STR-032,Filial Bairro Juiz de Fora,MG,Juiz de Fora,PROD-PAY,VendeFácil Pay,2025-08-13 08:30:53,Boleto Bancário,2702.42,Caixa 04,Cancelada
SLS-10300,CUST1271,Mundo da da Cruz Ltda,STR-016,Filial Zona Sul Olinda,PE,Olinda,PROD-PDV,VendeFácil PDV,2025-09-21 06:27:08,Dinheiro,718.03,Caixa 03,Aprovada
SLS-10301,CUST001,Supermercado Boa Compra,STR-002,Filial Savassi,MG,Belo Horizonte,PROD-ESTOQUE,VendeFácil Estoque,2025-10-21 16:22:15,PIX,1224.31,Caixa 05,Cancelada
SLS-10302,CUST1427,Lojas Vieira Comercial,STR-047,Matriz Vitória da Conquista,BA,Vitória da Conquista,PROD-ANALYTICS,VendeFácil Analytics,2025-07-26 04:19:56,Boleto Bancário,584.82,Caixa 01,Aprovada
SLS-10303,CUST1139,Empório Freitas Me,STR-032,Filial Bairro Juiz de Fora,MG,Juiz de Fora,PROD-ANALYTICS,VendeFácil Analytics,2025-09-23 05:20:07,PIX,505.56,Caixa 01,Aprovada
SLS-10304,CUST1162,Empório Monteiro Eireli,STR-035,Filial Zona Sul Juazeiro do Norte,CE,Juazeiro do Norte,PROD-PDV,VendeFácil PDV,2025-12-04 06:13:25,Cartão de Crédito,470.91,Caixa 03,Aprovada
SLS-10305,CUST1611,Comércio de Fogaça S.A.,STR-044,Filial Zona Sul Caucaia,CE,Caucaia,PROD-PDV,VendeFácil PDV,2025-07-21 13:19:37,PIX,769.73,Caixa 04,Aprovada
SLS-10306,CUST1611,Comércio de Fogaça S.A.,STR-044,Filial Zona Sul Caucaia,CE,Caucaia,PROD-ANALYTICS,VendeFácil Analytics,2025-10-19 05:28:25,PIX,615.99,Caixa 02,Aprovada
SLS-10307,CUST065,Centro de da Rocha Ltda,STR-037,Express Rio Verde,GO,Rio Verde,PROD-LOJA,VendeFácil Loja,2025-10-18 14:29:17,Boleto Bancário,1228.01,Caixa 01,Cancelada
SLS-10308,CUST009,Empório Gourmet Mineiro,STR-038,Express Ouro Preto,MG,Ouro Preto,PROD-LOJA,VendeFácil Loja,2025-05-01 15:39:15,Dinheiro,1065.95,Caixa 01,Cancelada
SLS-10309,CUST001,Supermercado Boa Compra,STR-002,Filial Savassi,MG,Belo Horizonte,PROD-ESTOQUE,VendeFácil Estoque,2025-03-06 01:22:32,Cartão de Débito,1679.59,Caixa 05,Estornada
SLS-10310,CUST1427,Lojas Vieira Comercial,STR-047,Matriz Vitória da Conquista,BA,Vitória da Conquista,PROD-PAY,VendeFácil Pay,2025-08-10 21:46:50,Cartão de Débito,1631.94,Caixa 02,Estornada
SLS-10311,CUST1610,Comércio de da Rocha Ltda,STR-009,Express Jaboatão dos Guararapes,PE,Jaboatão dos Guararapes,PROD-PAY,VendeFácil Pay,2025-06-22 22:11:58,Dinheiro,1769.55,Caixa 01,Estornada
SLS-10312,CUST1867,Lojas Teixeira Ltda,STR-006,Matriz Caxias do Sul,RS,Caxias do Sul,PROD-LOJA,VendeFácil Loja,2025-08-20 22:47:39,Dinheiro,953.36,Caixa 01,Estornada
SLS-10313,CUST1907,Mundo da Pimenta Comercial,STR-042,Filial Shopping Niterói,RJ,Niterói,PROD-PDV,VendeFácil PDV,2025-07-02 06:31:07,Cartão de Crédito,833.41,Caixa 02,Aprovada
SLS-10314,CUST625,Comércio de Macedo Eireli,STR-025,Matriz Chapecó,SC,Chapecó,PROD-ESTOQUE,VendeFácil Estoque,2025-10-04 23:54:38,Cartão de Crédito,529.06,Caixa 01,Aprovada
SLS-10315,CUST625,Comércio de Macedo Eireli,STR-025,Matriz Chapecó,SC,Chapecó,PROD-PDV,VendeFácil PDV,2025-11-11 02:18:40,Boleto Bancário,617.25,Caixa 01,Aprovada
SLS-10316,CUST1162,Empório Monteiro Eireli,STR-035,Filial Zona Sul Juazeiro do Norte,CE,Juazeiro do Norte,PROD-PAY,VendeFácil Pay,2025-10-22 15:53:28,Dinheiro,1601.73,Caixa 02,Aprovada
SLS-10317,CUST140,Atacado da Rocha Ltda,STR-021,Express Salvador,BA,Salvador,PROD-PAY,VendeFácil Pay,2025-04-11 17:58:57,PIX,2475.77,Caixa 09,Aprovada
SLS-10318,CUST1611,Comércio de Fogaça S.A.,STR-044,Filial Zona Sul Caucaia,CE,Caucaia,PROD-PDV,VendeFácil PDV,2025-07-24 23:25:51,Cartão de Crédito,718.46,Caixa 02,Aprovada
SLS-10319,CUST008,Auto Peças Central,STR-004,Matriz Ribeirão Preto,SP,Ribeirão Preto,PROD-LOJA,VendeFácil Loja,2025-01-16 13:07:12,Boleto Bancário,812.84,Caixa 010,Aprovada
SLS-10320,CUST1611,Comércio de Fogaça S.A.,STR-044,Filial Zona Sul Caucaia,CE,Caucaia,PROD-PAY,VendeFácil Pay,2025-01-20 01:06:55,PIX,620.4,Caixa 02,Estornada
SLS-10321,CUST552,Distribuidora Cavalcante Eireli,STR-022,Filial Bairro Jaboatão dos Guararapes,PE,Jaboatão dos Guararapes,PROD-LOJA,VendeFácil Loja,2025-05-18 09:08:46,Cartão de Crédito,1427.0,Caixa 02,Aprovada
SLS-10322,CUST009,Empório Gourmet Mineiro,STR-038,Express Ouro Preto,MG,Ouro Preto,PROD-ESTOQUE,VendeFácil Estoque,2025-03-13 12:51:11,Dinheiro,928.3,Caixa 01,Estornada
SLS-10323,CUST1610,Comércio de da Rocha Ltda,STR-009,Express Jaboatão dos Guararapes,PE,Jaboatão dos Guararapes,PROD-PAY,VendeFácil Pay,2026-01-14 20:58:24,Cartão de Débito,2472.81,Caixa 01,Aprovada
SLS-10324,CUST1162,Empório Monteiro Eireli,STR-035,Filial Zona Sul Juazeiro do Norte,CE,Juazeiro do Norte,PROD-PAY,VendeFácil Pay,2025-02-22 12:23:08,Boleto Bancário,609.98,Caixa 01,Estornada
SLS-10325,CUST1611,Comércio de Fogaça S.A.,STR-044,Filial Zona Sul Caucaia,CE,Caucaia,PROD-LOJA,VendeFácil Loja,2025-04-06 19:24:26,Cartão de Débito,1191.89,Caixa 04,Aprovada
SLS-10326,CUST552,Distribuidora Cavalcante Eireli,STR-022,Filial Bairro Jaboatão dos Guararapes,PE,Jaboatão dos Guararapes,PROD-ESTOQUE,VendeFácil Estoque,2025-10-22 06:15:25,Boleto Bancário,1899.64,Caixa 01,Estornada
SLS-10327,CUST391,Distribuidora Oliveira Eireli,STR-015,Filial Bairro Anápolis,GO,Anápolis,PROD-PAY,VendeFácil Pay,2025-11-08 13:28:23,PIX,786.19,Caixa 01,Cancelada
SLS-10328,CUST210,Lojas Cunha Eireli,STR-046,Filial Zona Sul Niterói,RJ,Niterói,PROD-LOJA,VendeFácil Loja,2025-07-07 00:56:03,Boleto Bancário,966.02,Caixa 02,Cancelada
SLS-10329,CUST140,Atacado da Rocha Ltda,STR-021,Express Salvador,BA,Salvador,PROD-PAY,VendeFácil Pay,2025-06-14 17:45:32,Cartão de Débito,2578.09,Caixa 04,Aprovada
SLS-10330,CUST102,Rede Cardoso Me,STR-013,Filial Centro Uberlândia,MG,Uberlândia,PROD-PAY,VendeFácil Pay,2025-03-03 18:39:09,Dinheiro,342.04,Caixa 01,Aprovada
SLS-10331,CUST717,Rede da Mota S.A.,STR-039,Filial Shopping Cariacica,ES,Cariacica,PROD-ESTOQUE,VendeFácil Estoque,2025-01-25 07:15:02,Dinheiro,1731.21,Caixa 01,Cancelada
SLS-10332,CUST1271,Mundo da da Cruz Ltda,STR-016,Filial Zona Sul Olinda,PE,Olinda,PROD-PDV,VendeFácil PDV,2025-02-14 13:15:39,Cartão de Crédito,563.05,Caixa 01,Aprovada
SLS-10333,CUST475,Centro de Aragão Ltda,STR-019,Matriz Serra,ES,Serra,PROD-PDV,VendeFácil PDV,2025-06-17 11:56:00,Cartão de Crédito,407.9,Caixa 01,Aprovada
SLS-10334,CUST934,Lojas Campos Ltda,STR-040,Express Brasília,DF,Brasília,PROD-ESTOQUE,VendeFácil Estoque,2025-08-03 17:19:31,Dinheiro,635.09,Caixa 02,Aprovada
SLS-10335,CUST140,Atacado da Rocha Ltda,STR-021,Express Salvador,BA,Salvador,PROD-PDV,VendeFácil PDV,2025-11-14 09:40:32,Cartão de Crédito,726.45,Caixa 011,Aprovada
SLS-10336,CUST475,Centro de Aragão Ltda,STR-019,Matriz Serra,ES,Serra,PROD-PDV,VendeFácil PDV,2025-01-19 12:53:01,Cartão de Crédito,596.58,Caixa 01,Estornada
SLS-10337,CUST009,Empório Gourmet Mineiro,STR-038,Express Ouro Preto,MG,Ouro Preto,PROD-ANALYTICS,VendeFácil Analytics,2025-10-15 02:11:22,Dinheiro,762.75,Caixa 01,Aprovada
SLS-10338,CUST001,Supermercado Boa Compra,STR-001,Filial Matriz - Centro BH,MG,Belo Horizonte,PROD-LOJA,VendeFácil Loja,2025-03-08 08:33:23,Dinheiro,974.73,Caixa 06,Aprovada
SLS-10339,CUST1247,Centro de Aparecida Eireli,STR-011,Filial Shopping Brasília,DF,Brasília,PROD-ESTOQUE,VendeFácil Estoque,2025-06-19 20:17:40,Boleto Bancário,1109.96,Caixa 02,Cancelada
SLS-10340,CUST1398,Centro de Andrade Ltda,STR-033,Filial Zona Sul Curitiba,PR,Curitiba,PROD-ANALYTICS,VendeFácil Analytics,2025-10-03 16:06:00,Cartão de Débito,459.06,Caixa 01,Aprovada
SLS-10341,CUST1139,Empório Freitas Me,STR-032,Filial Bairro Juiz de Fora,MG,Juiz de Fora,PROD-LOJA,VendeFácil Loja,2025-09-19 12:16:48,Cartão de Débito,990.9,Caixa 06,Estornada
SLS-10342,CUST009,Empório Gourmet Mineiro,STR-038,Express Ouro Preto,MG,Ouro Preto,PROD-LOJA,VendeFácil Loja,2026-02-12 11:33:12,Dinheiro,709.72,Caixa 01,Aprovada
SLS-10343,CUST934,Lojas Campos Ltda,STR-040,Express Brasília,DF,Brasília,PROD-PDV,VendeFácil PDV,2025-02-12 15:35:12,Cartão de Débito,363.71,Caixa 01,Aprovada
SLS-10344,CUST005,Materiais de Construção Silva,STR-003,Matriz Juiz de Fora,MG,Juiz de Fora,PROD-LOJA,VendeFácil Loja,2025-07-10 23:16:16,Cartão de Crédito,1040.83,Caixa 02,Aprovada
SLS-10345,CUST1271,Mundo da da Cruz Ltda,STR-016,Filial Zona Sul Olinda,PE,Olinda,PROD-PDV,VendeFácil PDV,2026-02-14 11:52:06,Cartão de Débito,387.39,Caixa 01,Aprovada
SLS-10346,CUST552,Distribuidora Cavalcante Eireli,STR-022,Filial Bairro Jaboatão dos Guararapes,PE,Jaboatão dos Guararapes,PROD-PDV,VendeFácil PDV,2025-09-25 07:25:50,Boleto Bancário,649.99,Caixa 01,Estornada
SLS-10347,CUST1037,Casa do Sampaio S.A.,STR-007,Express Cascavel,PR,Cascavel,PROD-LOJA,VendeFácil Loja,2025-05-26 18:55:32,Dinheiro,1074.77,Caixa 07,Cancelada
SLS-10348,CUST934,Lojas Campos Ltda,STR-040,Express Brasília,DF,Brasília,PROD-ANALYTICS,VendeFácil Analytics,2025-03-15 18:11:21,Cartão de Crédito,546.15,Caixa 03,Aprovada
SLS-10349,CUST1427,Lojas Vieira Comercial,STR-047,Matriz Vitória da Conquista,BA,Vitória da Conquista,PROD-LOJA,VendeFácil Loja,2025-11-26 15:02:49,Cartão de Crédito,1219.06,Caixa 01,Aprovada
SLS-10350,CUST1398,Centro de Andrade Ltda,STR-033,Filial Zona Sul Curitiba,PR,Curitiba,PROD-ESTOQUE,VendeFácil Estoque,2025-07-08 10:28:57,Cartão de Crédito,1905.06,Caixa 01,Cancelada
SLS-10351,CUST024,Casa do Sá Ltda,STR-014,Filial Shopping Rio Verde,GO,Rio Verde,PROD-ESTOQUE,VendeFácil Estoque,2025-12-29 19:46:59,PIX,1588.2,Caixa 01,Aprovada
SLS-10352,CUST1610,Comércio de da Rocha Ltda,STR-009,Express Jaboatão dos Guararapes,PE,Jaboatão dos Guararapes,PROD-PAY,VendeFácil Pay,2025-03-15 23:29:20,PIX,1988.2,Caixa 01,Aprovada
SLS-10353,CUST625,Comércio de Macedo Eireli,STR-025,Matriz Chapecó,SC,Chapecó,PROD-PDV,VendeFácil PDV,2025-02-16 18:55:03,Cartão de Crédito,574.3,Caixa 01,Aprovada
SLS-10354,CUST024,Casa do Sá Ltda,STR-014,Filial Shopping Rio Verde,GO,Rio Verde,PROD-PAY,VendeFácil Pay,2025-08-26 12:33:40,PIX,1706.89,Caixa 01,Aprovada
SLS-10355,CUST1689,Comércio de Ribeiro Comercial,STR-034,Filial Zona Sul Caucaia,CE,Caucaia,PROD-PDV,VendeFácil PDV,2025-12-07 16:36:12,Cartão de Crédito,774.94,Caixa 02,Aprovada
SLS-10356,CUST365,Rede Casa Grande Comercial,STR-030,Filial Shopping Aparecida de Goiânia,GO,Aparecida de Goiânia,PROD-LOJA,VendeFácil Loja,2026-01-18 13:13:23,Dinheiro,1086.79,Caixa 04,Aprovada
SLS-10357,CUST625,Comércio de Macedo Eireli,STR-025,Matriz Chapecó,SC,Chapecó,PROD-PAY,VendeFácil Pay,2025-01-17 11:50:55,Cartão de Crédito,1963.46,Caixa 01,Aprovada
SLS-10358,CUST224,Empório Moraes Ltda,STR-043,Filial Bairro Rio Verde,GO,Rio Verde,PROD-ESTOQUE,VendeFácil Estoque,2026-01-09 03:43:22,Boleto Bancário,569.11,Caixa 02,Estornada
SLS-10359,CUST1629,Mundo da Vieira Comercial,STR-029,Matriz Águas Claras,DF,Águas Claras,PROD-PDV,VendeFácil PDV,2025-11-27 17:04:02,Cartão de Crédito,384.19,Caixa 06,Aprovada
SLS-10360,CUST102,Rede Cardoso Me,STR-013,Filial Centro Uberlândia,MG,Uberlândia,PROD-ESTOQUE,VendeFácil Estoque,2025-10-17 23:51:44,Dinheiro,1930.26,Caixa 01,Aprovada
SLS-10361,CUST1903,Comércio de Ferreira Ltda,STR-012,Filial Shopping Caucaia,CE,Caucaia,PROD-ESTOQUE,VendeFácil Estoque,2025-10-23 20:38:21,Dinheiro,809.01,Caixa 04,Aprovada
SLS-10362,CUST1037,Casa do Sampaio S.A.,STR-007,Express Cascavel,PR,Cascavel,PROD-ANALYTICS,VendeFácil Analytics,2026-02-14 11:54:14,Dinheiro,302.75,Caixa 05,Aprovada
SLS-10363,CUST1637,Atacado Mendonça S.A.,STR-036,Matriz Contagem,MG,Contagem,PROD-ESTOQUE,VendeFácil Estoque,2025-05-02 06:03:51,Cartão de Débito,1463.45,Caixa 06,Aprovada
SLS-10364,CUST065,Centro de da Rocha Ltda,STR-037,Express Rio Verde,GO,Rio Verde,PROD-PAY,VendeFácil Pay,2025-04-15 11:39:29,Dinheiro,2920.29,Caixa 03,Aprovada
SLS-10365,CUST409,Rede da Cruz Eireli,STR-008,Matriz Fortaleza,CE,Fortaleza,PROD-ANALYTICS,VendeFácil Analytics,2026-01-13 17:57:11,Cartão de Crédito,363.09,Caixa 02,Aprovada
SLS-10366,CUST1271,Mundo da da Cruz Ltda,STR-016,Filial Zona Sul Olinda,PE,Olinda,PROD-PDV,VendeFácil PDV,2025-10-20 12:06:37,Cartão de Débito,817.33,Caixa 04,Cancelada
SLS-10367,CUST210,Lojas Cunha Eireli,STR-046,Filial Zona Sul Niterói,RJ,Niterói,PROD-PDV,VendeFácil PDV,2025-04-03 16:16:06,Dinheiro,795.43,Caixa 03,Aprovada
SLS-10368,CUST001,Supermercado Boa Compra,STR-001,Filial Matriz - Centro BH,MG,Belo Horizonte,PROD-PAY,VendeFácil Pay,2025-03-31 16:01:30,PIX,603.03,Caixa 06,Aprovada
SLS-10369,CUST224,Empório Moraes Ltda,STR-043,Filial Bairro Rio Verde,GO,Rio Verde,PROD-PAY,VendeFácil Pay,2025-08-28 19:11:14,Boleto Bancário,2261.92,Caixa 02,Aprovada
SLS-10370,CUST210,Lojas Cunha Eireli,STR-046,Filial Zona Sul Niterói,RJ,Niterói,PROD-LOJA,VendeFácil Loja,2025-03-12 21:06:06,Dinheiro,1439.84,Caixa 03,Aprovada
SLS-10371,CUST1610,Comércio de da Rocha Ltda,STR-009,Express Jaboatão dos Guararapes,PE,Jaboatão dos Guararapes,PROD-PDV,VendeFácil PDV,2026-02-20 03:35:17,Cartão de Crédito,778.35,Caixa 01,Estornada
SLS-10372,CUST1427,Lojas Vieira Comercial,STR-047,Matriz Vitória da Conquista,BA,Vitória da Conquista,PROD-PDV,VendeFácil PDV,2025-10-08 06:51:39,Cartão de Crédito,370.33,Caixa 01,Aprovada
SLS-10373,CUST556,Lojas Cunha S.A.,STR-049,Filial Bairro Santa Maria,RS,Santa Maria,PROD-ANALYTICS,VendeFácil Analytics,2025-11-07 16:57:07,Dinheiro,602.42,Caixa 03,Aprovada
SLS-10374,CUST833,Lojas Azevedo Comercial,STR-023,Filial Centro Taguatinga,DF,Taguatinga,PROD-ESTOQUE,VendeFácil Estoque,2025-12-21 13:33:04,Dinheiro,1022.47,Caixa 04,Estornada
SLS-10375,CUST1162,Empório Monteiro Eireli,STR-035,Filial Zona Sul Juazeiro do Norte,CE,Juazeiro do Norte,PROD-PDV,VendeFácil PDV,2026-02-13 01:28:20,Cartão de Crédito,359.36,Caixa 03,Aprovada
SLS-10376,CUST625,Comércio de Macedo Eireli,STR-025,Matriz Chapecó,SC,Chapecó,PROD-PDV,VendeFácil PDV,2025-10-21 20:53:35,Cartão de Débito,409.12,Caixa 01,Aprovada
SLS-10377,CUST1247,Centro de Aparecida Eireli,STR-011,Filial Shopping Brasília,DF,Brasília,PROD-ESTOQUE,VendeFácil Estoque,2026-01-08 20:46:18,PIX,524.03,Caixa 01,Estornada
SLS-10378,CUST065,Centro de da Rocha Ltda,STR-037,Express Rio Verde,GO,Rio Verde,PROD-PAY,VendeFácil Pay,2026-01-19 12:40:45,PIX,395.58,Caixa 02,Aprovada
SLS-10379,CUST714,Rede Borges Ltda,STR-018,Filial Zona Sul Porto Alegre,RS,Porto Alegre,PROD-PAY,VendeFácil Pay,2025-04-09 02:03:50,Dinheiro,2573.28,Caixa 01,Cancelada
SLS-10380,CUST1410,Empório Campos Ltda,STR-027,Filial Centro Porto Alegre,RS,Porto Alegre,PROD-PDV,VendeFácil PDV,2025-04-18 21:36:29,Boleto Bancário,400.18,Caixa 01,Aprovada
SLS-10381,CUST034,Rede Pires Comercial,STR-026,Filial Shopping Caruaru,PE,Caruaru,PROD-ESTOQUE,VendeFácil Estoque,2026-01-10 05:31:35,PIX,798.8,Caixa 01,Estornada
SLS-10382,CUST1490,Mundo da da Mota Me,STR-045,Filial Shopping Vila Velha,ES,Vila Velha,PROD-ANALYTICS,VendeFácil Analytics,2025-07-29 16:59:12,Cartão de Crédito,287.45,Caixa 01,Aprovada
SLS-10383,CUST409,Rede da Cruz Eireli,STR-008,Matriz Fortaleza,CE,Fortaleza,PROD-ANALYTICS,VendeFácil Analytics,2025-02-23 04:42:54,Cartão de Crédito,279.3,Caixa 03,Estornada
SLS-10384,CUST005,Materiais de Construção Silva,STR-003,Matriz Juiz de Fora,MG,Juiz de Fora,PROD-ESTOQUE,VendeFácil Estoque,2026-01-06 12:29:09,Dinheiro,1622.33,Caixa 02,Aprovada
SLS-10385,CUST934,Lojas Campos Ltda,STR-040,Express Brasília,DF,Brasília,PROD-ESTOQUE,VendeFácil Estoque,2025-01-19 10:41:24,Dinheiro,776.74,Caixa 02,Aprovada
SLS-10386,CUST024,Casa do Sá Ltda,STR-014,Filial Shopping Rio Verde,GO,Rio Verde,PROD-PDV,VendeFácil PDV,2025-12-05 06:30:40,Boleto Bancário,701.34,Caixa 01,Cancelada
SLS-10387,CUST1037,Casa do Sampaio S.A.,STR-007,Express Cascavel,PR,Cascavel,PROD-LOJA,VendeFácil Loja,2025-04-01 03:39:27,PIX,705.74,Caixa 07,Estornada
SLS-10388,CUST1689,Comércio de Ribeiro Comercial,STR-034,Filial Zona Sul Caucaia,CE,Caucaia,PROD-LOJA,VendeFácil Loja,2025-01-05 20:59:13,Cartão de Débito,1480.0,Caixa 01,Cancelada
SLS-10389,CUST475,Centro de Aragão Ltda,STR-019,Matriz Serra,ES,Serra,PROD-ESTOQUE,VendeFácil Estoque,2025-01-09 21:31:56,Cartão de Crédito,1533.93,Caixa 01,Aprovada
SLS-10390,CUST1427,Lojas Vieira Comercial,STR-047,Matriz Vitória da Conquista,BA,Vitória da Conquista,PROD-PDV,VendeFácil PDV,2026-02-19 23:51:12,PIX,784.9,Caixa 01,Estornada
SLS-10391,CUST224,Empório Moraes Ltda,STR-043,Filial Bairro Rio Verde,GO,Rio Verde,PROD-PAY,VendeFácil Pay,2025-06-26 04:40:03,Dinheiro,1599.74,Caixa 01,Aprovada
SLS-10392,CUST391,Distribuidora Oliveira Eireli,STR-015,Filial Bairro Anápolis,GO,Anápolis,PROD-ANALYTICS,VendeFácil Analytics,2025-03-02 05:09:56,Cartão de Débito,383.53,Caixa 01,Cancelada
SLS-10393,CUST140,Atacado da Rocha Ltda,STR-021,Express Salvador,BA,Salvador,PROD-LOJA,VendeFácil Loja,2025-07-18 11:10:31,Cartão de Crédito,625.33,Caixa 01,Aprovada
SLS-10394,CUST1875,Empório da Cunha Eireli,STR-005,Filial Shopping Rio de Janeiro,RJ,Rio de Janeiro,PROD-ESTOQUE,VendeFácil Estoque,2025-01-14 05:07:40,Boleto Bancário,1875.98,Caixa 02,Aprovada
SLS-10395,CUST1499,Distribuidora Costa Me,STR-024,Filial Centro Sorocaba,SP,Sorocaba,PROD-ESTOQUE,VendeFácil Estoque,2025-09-03 08:24:12,Dinheiro,1227.34,Caixa 01,Aprovada
SLS-10396,CUST717,Rede da Mota S.A.,STR-039,Filial Shopping Cariacica,ES,Cariacica,PROD-PDV,VendeFácil PDV,2025-08-15 03:06:30,Boleto Bancário,580.15,Caixa 01,Aprovada
SLS-10397,CUST391,Distribuidora Oliveira Eireli,STR-015,Filial Bairro Anápolis,GO,Anápolis,PROD-ESTOQUE,VendeFácil Estoque,2025-05-25 19:20:05,PIX,1000.16,Caixa 01,Aprovada
SLS-10398,CUST1611,Comércio de Fogaça S.A.,STR-044,Filial Zona Sul Caucaia,CE,Caucaia,PROD-PDV,VendeFácil PDV,2025-04-24 10:23:35,PIX,484.84,Caixa 01,Aprovada
SLS-10399,CUST934,Lojas Campos Ltda,STR-040,Express Brasília,DF,Brasília,PROD-ANALYTICS,VendeFácil Analytics,2025-09-12 20:33:00,Boleto Bancário,508.0,Caixa 02,Cancelada
SLS-10400,CUST1875,Empório da Cunha Eireli,STR-005,Filial Shopping Rio de Janeiro,RJ,Rio de Janeiro,PROD-ANALYTICS,VendeFácil Analytics,2025-10-30 12:40:17,Cartão de Débito,449.53,Caixa 01,Aprovada
SLS-10401,CUST835,Empório Marques Me,STR-017,Filial Centro Santos,SP,Santos,PROD-PDV,VendeFácil PDV,2025-03-12 09:08:32,Boleto Bancário,584.46,Caixa 01,Aprovada
SLS-10402,CUST1637,Atacado Mendonça S.A.,STR-036,Matriz Contagem,MG,Contagem,PROD-PDV,VendeFácil PDV,2026-02-13 18:43:14,PIX,370.91,Caixa 01,Estornada
SLS-10403,CUST1410,Empório Campos Ltda,STR-027,Filial Centro Porto Alegre,RS,Porto Alegre,PROD-ESTOQUE,VendeFácil Estoque,2025-02-21 16:21:34,Boleto Bancário,901.49,Caixa 01,Aprovada
SLS-10404,CUST1247,Centro de Aparecida Eireli,STR-011,Filial Shopping Brasília,DF,Brasília,PROD-PAY,VendeFácil Pay,2025-01-22 19:49:12,PIX,1660.22,Caixa 03,Estornada
SLS-10405,CUST1499,Distribuidora Costa Me,STR-024,Filial Centro Sorocaba,SP,Sorocaba,PROD-PDV,VendeFácil PDV,2025-03-17 21:34:52,PIX,818.95,Caixa 02,Aprovada
SLS-10406,CUST210,Lojas Cunha Eireli,STR-046,Filial Zona Sul Niterói,RJ,Niterói,PROD-ANALYTICS,VendeFácil Analytics,2025-02-13 07:07:02,Dinheiro,279.72,Caixa 02,Aprovada
SLS-10407,CUST1271,Mundo da da Cruz Ltda,STR-016,Filial Zona Sul Olinda,PE,Olinda,PROD-ANALYTICS,VendeFácil Analytics,2025-12-31 08:20:40,Cartão de Débito,305.8,Caixa 01,Aprovada
SLS-10408,CUST1499,Distribuidora Costa Me,STR-024,Filial Centro Sorocaba,SP,Sorocaba,PROD-PAY,VendeFácil Pay,2025-05-22 17:54:51,Cartão de Débito,714.49,Caixa 07,Aprovada
SLS-10409,CUST409,Rede da Cruz Eireli,STR-008,Matriz Fortaleza,CE,Fortaleza,PROD-ESTOQUE,VendeFácil Estoque,2025-01-13 00:38:04,Dinheiro,1138.29,Caixa 02,Cancelada
SLS-10410,CUST1689,Comércio de Ribeiro Comercial,STR-034,Filial Zona Sul Caucaia,CE,Caucaia,PROD-LOJA,VendeFácil Loja,2025-08-17 15:30:24,Boleto Bancário,1051.74,Caixa 02,Aprovada
SLS-10411,CUST024,Casa do Sá Ltda,STR-014,Filial Shopping Rio Verde,GO,Rio Verde,PROD-PAY,VendeFácil Pay,2025-01-03 12:09:06,Cartão de Crédito,3099.28,Caixa 01,Cancelada
SLS-10412,CUST034,Rede Pires Comercial,STR-026,Filial Shopping Caruaru,PE,Caruaru,PROD-ANALYTICS,VendeFácil Analytics,2025-05-11 15:55:40,Boleto Bancário,555.77,Caixa 01,Aprovada
SLS-10413,CUST833,Lojas Azevedo Comercial,STR-023,Filial Centro Taguatinga,DF,Taguatinga,PROD-PDV,VendeFácil PDV,2025-09-26 08:45:29,Cartão de Crédito,727.72,Caixa 08,Aprovada
SLS-10414,CUST005,Materiais de Construção Silva,STR-003,Matriz Juiz de Fora,MG,Juiz de Fora,PROD-LOJA,VendeFácil Loja,2025-07-26 15:06:09,Boleto Bancário,501.19,Caixa 03,Estornada
SLS-10415,CUST009,Empório Gourmet Mineiro,STR-038,Express Ouro Preto,MG,Ouro Preto,PROD-PDV,VendeFácil PDV,2026-02-12 04:14:27,PIX,591.34,Caixa 01,Estornada
SLS-10416,CUST365,Rede Casa Grande Comercial,STR-030,Filial Shopping Aparecida de Goiânia,GO,Aparecida de Goiânia,PROD-LOJA,VendeFácil Loja,2025-01-20 00:42:55,Cartão de Débito,1039.98,Caixa 01,Estornada
SLS-10417,CUST065,Centro de da Rocha Ltda,STR-037,Express Rio Verde,GO,Rio Verde,PROD-LOJA,VendeFácil Loja,2025-10-21 00:06:36,Cartão de Débito,666.71,Caixa 06,Aprovada
SLS-10418,CUST140,Atacado da Rocha Ltda,STR-021,Express Salvador,BA,Salvador,PROD-ESTOQUE,VendeFácil Estoque,2025-01-22 09:18:11,Dinheiro,1397.19,Caixa 01,Cancelada
SLS-10419,CUST1887,Mercado Aparecida Ltda,STR-020,Filial Bairro Serra,ES,Serra,PROD-PAY,VendeFácil Pay,2025-09-12 14:22:53,Dinheiro,1696.98,Caixa 02,Estornada
SLS-10420,CUST391,Distribuidora Oliveira Eireli,STR-015,Filial Bairro Anápolis,GO,Anápolis,PROD-PDV,VendeFácil PDV,2025-04-12 16:51:58,Dinheiro,587.07,Caixa 01,Aprovada
SLS-10421,CUST625,Comércio de Macedo Eireli,STR-025,Matriz Chapecó,SC,Chapecó,PROD-PAY,VendeFácil Pay,2026-01-19 10:39:13,PIX,1344.44,Caixa 01,Aprovada
SLS-10422,CUST108,Lojas Abreu Ltda,STR-010,Matriz São Paulo,SP,São Paulo,PROD-ANALYTICS,VendeFácil Analytics,2025-05-27 01:47:16,Boleto Bancário,585.92,Caixa 02,Aprovada
SLS-10423,CUST391,Distribuidora Oliveira Eireli,STR-015,Filial Bairro Anápolis,GO,Anápolis,PROD-ESTOQUE,VendeFácil Estoque,2026-01-26 11:44:07,Boleto Bancário,762.69,Caixa 01,Cancelada
SLS-10424,CUST065,Centro de da Rocha Ltda,STR-037,Express Rio Verde,GO,Rio Verde,PROD-PDV,VendeFácil PDV,2025-11-09 16:14:27,PIX,386.18,Caixa 03,Aprovada
SLS-10425,CUST1612,Comércio de Garcia Me,STR-028,Filial Centro Uberaba,MG,Uberaba,PROD-ESTOQUE,VendeFácil Estoque,2025-01-14 07:48:14,Boleto Bancário,565.96,Caixa 04,Cancelada
SLS-10426,CUST1247,Centro de Aparecida Eireli,STR-011,Filial Shopping Brasília,DF,Brasília,PROD-PDV,VendeFácil PDV,2025-07-30 01:59:58,Cartão de Crédito,706.81,Caixa 03,Aprovada
SLS-10427,CUST1015,Distribuidora Montenegro Me,STR-041,Filial Centro Rio de Janeiro,RJ,Rio de Janeiro,PROD-LOJA,VendeFácil Loja,2025-02-18 19:52:12,PIX,651.08,Caixa 011,Estornada
SLS-10428,CUST556,Lojas Cunha S.A.,STR-049,Filial Bairro Santa Maria,RS,Santa Maria,PROD-PAY,VendeFácil Pay,2025-09-20 21:40:49,Dinheiro,2757.15,Caixa 03,Aprovada
SLS-10429,CUST108,Lojas Abreu Ltda,STR-010,Matriz São Paulo,SP,São Paulo,PROD-PDV,VendeFácil PDV,2025-02-12 16:10:55,PIX,744.72,Caixa 02,Estornada
SLS-10430,CUST1398,Centro de Andrade Ltda,STR-033,Filial Zona Sul Curitiba,PR,Curitiba,PROD-PDV,VendeFácil PDV,2025-10-07 14:31:37,Cartão de Débito,514.22,Caixa 01,Aprovada
SLS-10431,CUST556,Lojas Cunha S.A.,STR-049,Filial Bairro Santa Maria,RS,Santa Maria,PROD-ANALYTICS,VendeFácil Analytics,2025-07-02 19:00:12,Dinheiro,766.21,Caixa 01,Cancelada
SLS-10432,CUST1629,Mundo da Vieira Comercial,STR-029,Matriz Águas Claras,DF,Águas Claras,PROD-PAY,VendeFácil Pay,2025-07-11 15:56:05,PIX,1726.52,Caixa 01,Aprovada
SLS-10433,CUST835,Empório Marques Me,STR-017,Filial Centro Santos,SP,Santos,PROD-PDV,VendeFácil PDV,2025-08-03 17:16:08,Cartão de Débito,605.57,Caixa 01,Aprovada
SLS-10434,CUST102,Rede Cardoso Me,STR-013,Filial Centro Uberlândia,MG,Uberlândia,PROD-PAY,VendeFácil Pay,2025-02-13 10:54:23,Dinheiro,1321.62,Caixa 01,Aprovada
SLS-10435,CUST1398,Centro de Andrade Ltda,STR-033,Filial Zona Sul Curitiba,PR,Curitiba,PROD-ANALYTICS,VendeFácil Analytics,2025-12-12 21:29:48,Cartão de Débito,804.02,Caixa 03,Estornada
SLS-10436,CUST1612,Comércio de Garcia Me,STR-028,Filial Centro Uberaba,MG,Uberaba,PROD-PAY,VendeFácil Pay,2025-03-19 16:52:13,Boleto Bancário,1844.22,Caixa 04,Estornada
SLS-10437,CUST1015,Distribuidora Montenegro Me,STR-041,Filial Centro Rio de Janeiro,RJ,Rio de Janeiro,PROD-LOJA,VendeFácil Loja,2025-01-23 21:26:20,Cartão de Débito,644.56,Caixa 02,Aprovada
SLS-10438,CUST1867,Lojas Teixeira Ltda,STR-006,Matriz Caxias do Sul,RS,Caxias do Sul,PROD-PAY,VendeFácil Pay,2025-08-05 04:05:44,Cartão de Débito,1392.91,Caixa 04,Cancelada
SLS-10439,CUST1907,Mundo da Pimenta Comercial,STR-042,Filial Shopping Niterói,RJ,Niterói,PROD-ESTOQUE,VendeFácil Estoque,2025-09-07 10:20:39,Dinheiro,1321.7,Caixa 02,Estornada
SLS-10440,CUST625,Comércio de Macedo Eireli,STR-025,Matriz Chapecó,SC,Chapecó,PROD-PDV,VendeFácil PDV,2026-02-03 16:45:24,Dinheiro,780.85,Caixa 01,Aprovada
SLS-10441,CUST475,Centro de Aragão Ltda,STR-019,Matriz Serra,ES,Serra,PROD-PDV,VendeFácil PDV,2025-11-06 15:21:04,Cartão de Débito,800.95,Caixa 01,Aprovada
SLS-10442,CUST1162,Empório Monteiro Eireli,STR-035,Filial Zona Sul Juazeiro do Norte,CE,Juazeiro do Norte,PROD-LOJA,VendeFácil Loja,2025-11-10 15:37:50,PIX,684.87,Caixa 03,Aprovada
SLS-10443,CUST1875,Empório da Cunha Eireli,STR-005,Filial Shopping Rio de Janeiro,RJ,Rio de Janeiro,PROD-PDV,VendeFácil PDV,2025-03-20 20:25:09,Cartão de Débito,405.19,Caixa 01,Aprovada
SLS-10444,CUST833,Lojas Azevedo Comercial,STR-023,Filial Centro Taguatinga,DF,Taguatinga,PROD-ESTOQUE,VendeFácil Estoque,2025-11-19 14:48:17,Cartão de Débito,1298.5,Caixa 03,Aprovada
SLS-10445,CUST1398,Centro de Andrade Ltda,STR-033,Filial Zona Sul Curitiba,PR,Curitiba,PROD-PAY,VendeFácil Pay,2026-02-09 08:04:58,Cartão de Débito,1713.17,Caixa 03,Estornada
SLS-10446,CUST1398,Centro de Andrade Ltda,STR-033,Filial Zona Sul Curitiba,PR,Curitiba,PROD-PAY,VendeFácil Pay,2025-01-22 15:52:15,Cartão de Crédito,3055.34,Caixa 02,Aprovada
SLS-10447,CUST108,Lojas Abreu Ltda,STR-010,Matriz São Paulo,SP,São Paulo,PROD-PAY,VendeFácil Pay,2025-08-16 21:54:57,Dinheiro,323.09,Caixa 01,Cancelada
SLS-10448,CUST1875,Empório da Cunha Eireli,STR-005,Filial Shopping Rio de Janeiro,RJ,Rio de Janeiro,PROD-LOJA,VendeFácil Loja,2025-02-07 07:48:28,PIX,1041.01,Caixa 03,Aprovada
SLS-10449,CUST833,Lojas Azevedo Comercial,STR-023,Filial Centro Taguatinga,DF,Taguatinga,PROD-PAY,VendeFácil Pay,2025-11-24 05:56:36,Cartão de Crédito,2249.91,Caixa 02,Aprovada
SLS-10450,CUST024,Casa do Sá Ltda,STR-014,Filial Shopping Rio Verde,GO,Rio Verde,PROD-ANALYTICS,VendeFácil Analytics,2025-01-01 12:26:31,Cartão de Crédito,936.71,Caixa 01,Aprovada
SLS-10451,CUST140,Atacado da Rocha Ltda,STR-021,Express Salvador,BA,Salvador,PROD-PAY,VendeFácil Pay,2025-02-18 14:35:08,Cartão de Débito,2443.68,Caixa 012,Aprovada
SLS-10452,CUST1247,Centro de Aparecida Eireli,STR-011,Filial Shopping Brasília,DF,Brasília,PROD-LOJA,VendeFácil Loja,2026-01-20 10:59:55,Boleto Bancário,550.56,Caixa 01,Cancelada
SLS-10453,CUST1037,Casa do Sampaio S.A.,STR-007,Express Cascavel,PR,Cascavel,PROD-LOJA,VendeFácil Loja,2025-11-29 01:08:57,Cartão de Crédito,1163.69,Caixa 05,Aprovada
SLS-10454,CUST065,Centro de da Rocha Ltda,STR-037,Express Rio Verde,GO,Rio Verde,PROD-ANALYTICS,VendeFácil Analytics,2025-02-02 17:06:49,Boleto Bancário,877.6,Caixa 06,Aprovada
SLS-10455,CUST401,Comércio de Costela Eireli,STR-050,Express Contagem,MG,Contagem,PROD-ESTOQUE,VendeFácil Estoque,2025-12-25 09:25:07,Dinheiro,1291.98,Caixa 01,Cancelada
SLS-10456,CUST1162,Empório Monteiro Eireli,STR-035,Filial Zona Sul Juazeiro do Norte,CE,Juazeiro do Norte,PROD-PDV,VendeFácil PDV,2025-07-25 16:48:39,Dinheiro,428.55,Caixa 03,Aprovada
SLS-10457,CUST1629,Mundo da Vieira Comercial,STR-029,Matriz Águas Claras,DF,Águas Claras,PROD-ANALYTICS,VendeFácil Analytics,2025-09-22 03:48:28,Cartão de Crédito,837.81,Caixa 05,Aprovada
SLS-10458,CUST034,Rede Pires Comercial,STR-026,Filial Shopping Caruaru,PE,Caruaru,PROD-ANALYTICS,VendeFácil Analytics,2025-05-16 19:52:34,Boleto Bancário,681.53,Caixa 01,Estornada
SLS-10459,CUST009,Empório Gourmet Mineiro,STR-038,Express Ouro Preto,MG,Ouro Preto,PROD-PAY,VendeFácil Pay,2025-10-09 16:01:57,Cartão de Débito,2892.32,Caixa 01,Cancelada
SLS-10460,CUST1887,Mercado Aparecida Ltda,STR-020,Filial Bairro Serra,ES,Serra,PROD-PDV,VendeFácil PDV,2025-06-17 12:23:21,Dinheiro,491.06,Caixa 02,Estornada
SLS-10461,CUST008,Auto Peças Central,STR-004,Matriz Ribeirão Preto,SP,Ribeirão Preto,PROD-PDV,VendeFácil PDV,2025-11-11 04:54:24,Dinheiro,716.94,Caixa 01,Estornada
SLS-10462,CUST401,Comércio de Costela Eireli,STR-050,Express Contagem,MG,Contagem,PROD-LOJA,VendeFácil Loja,2025-05-07 13:53:22,PIX,779.9,Caixa 01,Aprovada
SLS-10463,CUST1867,Lojas Teixeira Ltda,STR-006,Matriz Caxias do Sul,RS,Caxias do Sul,PROD-PDV,VendeFácil PDV,2025-04-27 21:41:59,Dinheiro,756.46,Caixa 04,Aprovada
SLS-10464,CUST1410,Empório Campos Ltda,STR-027,Filial Centro Porto Alegre,RS,Porto Alegre,PROD-ESTOQUE,VendeFácil Estoque,2025-07-30 23:34:44,Cartão de Crédito,639.01,Caixa 03,Aprovada
SLS-10465,CUST140,Atacado da Rocha Ltda,STR-021,Express Salvador,BA,Salvador,PROD-PAY,VendeFácil Pay,2025-01-29 13:47:54,Boleto Bancário,142.88,Caixa 01,Cancelada
SLS-10466,CUST1907,Mundo da Pimenta Comercial,STR-042,Filial Shopping Niterói,RJ,Niterói,PROD-PAY,VendeFácil Pay,2025-06-04 04:56:50,Cartão de Débito,1700.45,Caixa 02,Aprovada
SLS-10467,CUST008,Auto Peças Central,STR-004,Matriz Ribeirão Preto,SP,Ribeirão Preto,PROD-ANALYTICS,VendeFácil Analytics,2025-07-12 09:58:30,Dinheiro,679.37,Caixa 07,Aprovada
SLS-10468,CUST1410,Empório Campos Ltda,STR-027,Filial Centro Porto Alegre,RS,Porto Alegre,PROD-LOJA,VendeFácil Loja,2026-02-09 15:52:01,Cartão de Débito,569.63,Caixa 02,Aprovada
SLS-10469,CUST1612,Comércio de Garcia Me,STR-028,Filial Centro Uberaba,MG,Uberaba,PROD-LOJA,VendeFácil Loja,2025-09-08 16:07:57,Cartão de Débito,986.64,Caixa 01,Cancelada
SLS-10470,CUST1629,Mundo da Vieira Comercial,STR-029,Matriz Águas Claras,DF,Águas Claras,PROD-LOJA,VendeFácil Loja,2026-01-29 11:36:43,Cartão de Crédito,603.44,Caixa 05,Cancelada
SLS-10471,CUST001,Supermercado Boa Compra,STR-002,Filial Savassi,MG,Belo Horizonte,PROD-ESTOQUE,VendeFácil Estoque,2025-05-05 13:27:14,Cartão de Débito,1680.41,Caixa 04,Aprovada
SLS-10472,CUST1015,Distribuidora Montenegro Me,STR-041,Filial Centro Rio de Janeiro,RJ,Rio de Janeiro,PROD-ANALYTICS,VendeFácil Analytics,2025-06-22 10:31:44,PIX,325.88,Caixa 011,Aprovada
SLS-10473,CUST717,Rede da Mota S.A.,STR-039,Filial Shopping Cariacica,ES,Cariacica,PROD-LOJA,VendeFácil Loja,2025-04-28 01:57:18,PIX,1161.22,Caixa 01,Aprovada
SLS-10474,CUST1903,Comércio de Ferreira Ltda,STR-012,Filial Shopping Caucaia,CE,Caucaia,PROD-ESTOQUE,VendeFácil Estoque,2025-03-19 10:42:29,Cartão de Crédito,1925.29,Caixa 04,Aprovada
SLS-10475,CUST1187,Mercado Almeida S.A.,STR-031,Filial Centro Vila Velha,ES,Vila Velha,PROD-ANALYTICS,VendeFácil Analytics,2025-06-09 14:36:30,Cartão de Crédito,784.67,Caixa 01,Aprovada
SLS-10476,CUST001,Supermercado Boa Compra,STR-002,Filial Savassi,MG,Belo Horizonte,PROD-PDV,VendeFácil PDV,2025-04-01 10:13:42,PIX,399.84,Caixa 05,Aprovada
SLS-10477,CUST1162,Empório Monteiro Eireli,STR-035,Filial Zona Sul Juazeiro do Norte,CE,Juazeiro do Norte,PROD-PAY,VendeFácil Pay,2025-11-24 14:08:08,PIX,138.24,Caixa 01,Aprovada
SLS-10478,CUST1187,Mercado Almeida S.A.,STR-031,Filial Centro Vila Velha,ES,Vila Velha,PROD-PAY,VendeFácil Pay,2025-07-22 17:31:11,Boleto Bancário,3075.08,Caixa 01,Aprovada
SLS-10479,CUST1867,Lojas Teixeira Ltda,STR-006,Matriz Caxias do Sul,RS,Caxias do Sul,PROD-PAY,VendeFácil Pay,2025-11-01 13:02:51,Boleto Bancário,2893.56,Caixa 01,Aprovada
SLS-10480,CUST1629,Mundo da Vieira Comercial,STR-029,Matriz Águas Claras,DF,Águas Claras,PROD-ANALYTICS,VendeFácil Analytics,2026-02-10 09:34:47,Cartão de Crédito,697.02,Caixa 04,Aprovada
SLS-10481,CUST108,Lojas Abreu Ltda,STR-010,Matriz São Paulo,SP,São Paulo,PROD-PDV,VendeFácil PDV,2025-03-26 01:56:48,Cartão de Crédito,635.53,Caixa 01,Estornada
SLS-10482,CUST556,Lojas Cunha S.A.,STR-049,Filial Bairro Santa Maria,RS,Santa Maria,PROD-ANALYTICS,VendeFácil Analytics,2025-06-25 08:18:01,Boleto Bancário,492.0,Caixa 03,Estornada
SLS-10483,CUST625,Comércio de Macedo Eireli,STR-025,Matriz Chapecó,SC,Chapecó,PROD-PAY,VendeFácil Pay,2025-01-25 16:47:30,Dinheiro,1164.06,Caixa 01,Aprovada
SLS-10484,CUST835,Empório Marques Me,STR-017,Filial Centro Santos,SP,Santos,PROD-PAY,VendeFácil Pay,2025-03-31 11:16:41,Cartão de Crédito,487.75,Caixa 05,Estornada
SLS-10485,CUST556,Lojas Cunha S.A.,STR-049,Filial Bairro Santa Maria,RS,Santa Maria,PROD-PAY,VendeFácil Pay,2025-06-16 09:13:09,Cartão de Débito,2494.81,Caixa 02,Aprovada
SLS-10486,CUST005,Materiais de Construção Silva,STR-003,Matriz Juiz de Fora,MG,Juiz de Fora,PROD-ANALYTICS,VendeFácil Analytics,2025-05-11 11:07:22,Cartão de Débito,449.64,Caixa 04,Aprovada
SLS-10487,CUST1220,Atacado Gonçalves Eireli,STR-048,Matriz Caucaia,CE,Caucaia,PROD-ESTOQUE,VendeFácil Estoque,2025-02-09 04:03:21,Cartão de Crédito,1897.25,Caixa 02,Estornada
SLS-10488,CUST1629,Mundo da Vieira Comercial,STR-029,Matriz Águas Claras,DF,Águas Claras,PROD-PAY,VendeFácil Pay,2025-11-11 17:53:09,Dinheiro,2305.65,Caixa 01,Aprovada
SLS-10489,CUST1629,Mundo da Vieira Comercial,STR-029,Matriz Águas Claras,DF,Águas Claras,PROD-ANALYTICS,VendeFácil Analytics,2026-01-27 07:30:37,Cartão de Crédito,715.15,Caixa 06,Estornada
SLS-10490,CUST1611,Comércio de Fogaça S.A.,STR-044,Filial Zona Sul Caucaia,CE,Caucaia,PROD-ESTOQUE,VendeFácil Estoque,2025-09-08 06:10:45,PIX,775.53,Caixa 04,Estornada
SLS-10491,CUST1247,Centro de Aparecida Eireli,STR-011,Filial Shopping Brasília,DF,Brasília,PROD-PDV,VendeFácil PDV,2025-09-01 12:52:31,PIX,703.73,Caixa 01,Aprovada
SLS-10492,CUST717,Rede da Mota S.A.,STR-039,Filial Shopping Cariacica,ES,Cariacica,PROD-ANALYTICS,VendeFácil Analytics,2025-05-07 01:31:06,Cartão de Débito,480.27,Caixa 01,Aprovada
SLS-10493,CUST625,Comércio de Macedo Eireli,STR-025,Matriz Chapecó,SC,Chapecó,PROD-ESTOQUE,VendeFácil Estoque,2025-06-16 19:51:16,Dinheiro,1726.32,Caixa 01,Cancelada
SLS-10494,CUST391,Distribuidora Oliveira Eireli,STR-015,Filial Bairro Anápolis,GO,Anápolis,PROD-ESTOQUE,VendeFácil Estoque,2025-06-06 00:25:48,PIX,1768.18,Caixa 01,Cancelada
SLS-10495,CUST1875,Empório da Cunha Eireli,STR-005,Filial Shopping Rio de Janeiro,RJ,Rio de Janeiro,PROD-ANALYTICS,VendeFácil Analytics,2025-08-14 17:15:50,Dinheiro,450.62,Caixa 01,Aprovada
SLS-10496,CUST833,Lojas Azevedo Comercial,STR-023,Filial Centro Taguatinga,DF,Taguatinga,PROD-LOJA,VendeFácil Loja,2025-05-11 09:15:43,Cartão de Débito,680.43,Caixa 07,Aprovada
SLS-10497,CUST1162,Empório Monteiro Eireli,STR-035,Filial Zona Sul Juazeiro do Norte,CE,Juazeiro do Norte,PROD-PAY,VendeFácil Pay,2025-07-05 02:24:05,Boleto Bancário,1916.25,Caixa 02,Aprovada
SLS-10498,CUST210,Lojas Cunha Eireli,STR-046,Filial Zona Sul Niterói,RJ,Niterói,PROD-PAY,VendeFácil Pay,2025-02-24 00:34:00,Cartão de Débito,837.95,Caixa 03,Aprovada
SLS-10499,CUST108,Lojas Abreu Ltda,STR-010,Matriz São Paulo,SP,São Paulo,PROD-ANALYTICS,VendeFácil Analytics,2025-09-15 18:39:33,Cartão de Débito,861.89,Caixa 02,Cancelada
SLS-10500,CUST065,Centro de da Rocha Ltda,STR-037,Express Rio Verde,GO,Rio Verde,PROD-ANALYTICS,VendeFácil Analytics,2025-10-28 19:12:45,Dinheiro,793.49,Caixa 06,Cancelada
SLS-10501,CUST008,Auto Peças Central,STR-004,Matriz Ribeirão Preto,SP,Ribeirão Preto,PROD-LOJA,VendeFácil Loja,2025-09-04 21:04:21,Cartão de Crédito,1319.64,Caixa 02,Aprovada
SLS-10502,CUST1629,Mundo da Vieira Comercial,STR-029,Matriz Águas Claras,DF,Águas Claras,PROD-ESTOQUE,VendeFácil Estoque,2025-05-10 13:43:13,Cartão de Crédito,544.28,Caixa 01,Estornada
SLS-10503,CUST717,Rede da Mota S.A.,STR-039,Filial Shopping Cariacica,ES,Cariacica,PROD-ANALYTICS,VendeFácil Analytics,2025-12-30 09:11:53,Cartão de Crédito,437.46,Caixa 01,Cancelada
SLS-10504,CUST1907,Mundo da Pimenta Comercial,STR-042,Filial Shopping Niterói,RJ,Niterói,PROD-PAY,VendeFácil Pay,2025-08-19 05:55:29,Dinheiro,821.69,Caixa 01,Aprovada
SLS-10505,CUST409,Rede da Cruz Eireli,STR-008,Matriz Fortaleza,CE,Fortaleza,PROD-PAY,VendeFácil Pay,2025-09-13 01:05:43,Boleto Bancário,2861.45,Caixa 01,Cancelada
SLS-10506,CUST024,Casa do Sá Ltda,STR-014,Filial Shopping Rio Verde,GO,Rio Verde,PROD-PAY,VendeFácil Pay,2025-09-21 01:47:51,Dinheiro,1780.0,Caixa 01,Aprovada
SLS-10507,CUST108,Lojas Abreu Ltda,STR-010,Matriz São Paulo,SP,São Paulo,PROD-PDV,VendeFácil PDV,2025-03-01 00:32:33,Cartão de Crédito,474.21,Caixa 01,Aprovada
SLS-10508,CUST1875,Empório da Cunha Eireli,STR-005,Filial Shopping Rio de Janeiro,RJ,Rio de Janeiro,PROD-PAY,VendeFácil Pay,2025-07-17 16:47:44,Boleto Bancário,1250.62,Caixa 01,Aprovada
SLS-10509,CUST1398,Centro de Andrade Ltda,STR-033,Filial Zona Sul Curitiba,PR,Curitiba,PROD-PAY,VendeFácil Pay,2025-12-10 20:19:12,Boleto Bancário,2250.3,Caixa 01,Aprovada
SLS-10510,CUST1637,Atacado Mendonça S.A.,STR-036,Matriz Contagem,MG,Contagem,PROD-LOJA,VendeFácil Loja,2025-04-07 13:34:06,Boleto Bancário,1274.51,Caixa 03,Aprovada
SLS-10511,CUST1427,Lojas Vieira Comercial,STR-047,Matriz Vitória da Conquista,BA,Vitória da Conquista,PROD-PAY,VendeFácil Pay,2025-05-29 11:37:34,Cartão de Crédito,2030.64,Caixa 01,Cancelada
SLS-10512,CUST1398,Centro de Andrade Ltda,STR-033,Filial Zona Sul Curitiba,PR,Curitiba,PROD-PDV,VendeFácil PDV,2026-02-07 17:34:13,Cartão de Débito,577.42,Caixa 03,Estornada
SLS-10513,CUST1610,Comércio de da Rocha Ltda,STR-009,Express Jaboatão dos Guararapes,PE,Jaboatão dos Guararapes,PROD-LOJA,VendeFácil Loja,2025-06-08 14:52:44,Dinheiro,741.2,Caixa 01,Aprovada
SLS-10514,CUST001,Supermercado Boa Compra,STR-001,Filial Matriz - Centro BH,MG,Belo Horizonte,PROD-PDV,VendeFácil PDV,2025-08-23 14:43:09,Cartão de Crédito,351.89,Caixa 05,Aprovada
SLS-10515,CUST1220,Atacado Gonçalves Eireli,STR-048,Matriz Caucaia,CE,Caucaia,PROD-ANALYTICS,VendeFácil Analytics,2025-08-13 02:42:49,Cartão de Débito,263.68,Caixa 06,Aprovada
SLS-10516,CUST1612,Comércio de Garcia Me,STR-028,Filial Centro Uberaba,MG,Uberaba,PROD-ANALYTICS,VendeFácil Analytics,2025-08-05 09:46:55,PIX,301.68,Caixa 04,Aprovada
SLS-10517,CUST1887,Mercado Aparecida Ltda,STR-020,Filial Bairro Serra,ES,Serra,PROD-PDV,VendeFácil PDV,2025-12-29 03:17:15,Cartão de Crédito,882.86,Caixa 01,Aprovada
SLS-10518,CUST1162,Empório Monteiro Eireli,STR-035,Filial Zona Sul Juazeiro do Norte,CE,Juazeiro do Norte,PROD-PDV,VendeFácil PDV,2025-07-24 22:21:33,Dinheiro,495.19,Caixa 04,Aprovada
SLS-10519,CUST1689,Comércio de Ribeiro Comercial,STR-034,Filial Zona Sul Caucaia,CE,Caucaia,PROD-PDV,VendeFácil PDV,2025-07-08 20:27:02,Cartão de Crédito,582.14,Caixa 01,Aprovada
SLS-10520,CUST1637,Atacado Mendonça S.A.,STR-036,Matriz Contagem,MG,Contagem,PROD-ANALYTICS,VendeFácil Analytics,2025-10-01 20:39:39,Dinheiro,685.28,Caixa 02,Aprovada
SLS-10521,CUST717,Rede da Mota S.A.,STR-039,Filial Shopping Cariacica,ES,Cariacica,PROD-PDV,VendeFácil PDV,2025-09-28 08:31:21,Dinheiro,584.06,Caixa 01,Aprovada
SLS-10522,CUST1689,Comércio de Ribeiro Comercial,STR-034,Filial Zona Sul Caucaia,CE,Caucaia,PROD-ANALYTICS,VendeFácil Analytics,2026-02-05 22:22:06,PIX,504.86,Caixa 02,Cancelada
SLS-10523,CUST1612,Comércio de Garcia Me,STR-028,Filial Centro Uberaba,MG,Uberaba,PROD-LOJA,VendeFácil Loja,2025-08-21 02:49:22,Dinheiro,894.46,Caixa 04,Aprovada
SLS-10524,CUST1490,Mundo da da Mota Me,STR-045,Filial Shopping Vila Velha,ES,Vila Velha,PROD-ESTOQUE,VendeFácil Estoque,2025-03-06 00:48:39,PIX,687.72,Caixa 02,Aprovada
SLS-10525,CUST1015,Distribuidora Montenegro Me,STR-041,Filial Centro Rio de Janeiro,RJ,Rio de Janeiro,PROD-PAY,VendeFácil Pay,2025-10-14 06:48:00,Boleto Bancário,163.78,Caixa 02,Cancelada
SLS-10526,CUST001,Supermercado Boa Compra,STR-001,Filial Matriz - Centro BH,MG,Belo Horizonte,PROD-PAY,VendeFácil Pay,2025-07-08 05:04:05,PIX,2456.22,Caixa 06,Aprovada
SLS-10527,CUST1398,Centro de Andrade Ltda,STR-033,Filial Zona Sul Curitiba,PR,Curitiba,PROD-PDV,VendeFácil PDV,2025-08-24 17:43:07,Boleto Bancário,507.03,Caixa 01,Estornada
SLS-10528,CUST1220,Atacado Gonçalves Eireli,STR-048,Matriz Caucaia,CE,Caucaia,PROD-ANALYTICS,VendeFácil Analytics,2025-06-01 14:01:15,Dinheiro,379.41,Caixa 01,Aprovada
SLS-10529,CUST1162,Empório Monteiro Eireli,STR-035,Filial Zona Sul Juazeiro do Norte,CE,Juazeiro do Norte,PROD-PAY,VendeFácil Pay,2025-03-16 10:12:23,PIX,1933.48,Caixa 04,Aprovada
SLS-10530,CUST1612,Comércio de Garcia Me,STR-028,Filial Centro Uberaba,MG,Uberaba,PROD-ESTOQUE,VendeFácil Estoque,2025-03-25 05:07:49,Dinheiro,1895.11,Caixa 03,Cancelada
SLS-10531,CUST009,Empório Gourmet Mineiro,STR-038,Express Ouro Preto,MG,Ouro Preto,PROD-ANALYTICS,VendeFácil Analytics,2025-01-28 09:37:26,Cartão de Débito,436.48,Caixa 01,Aprovada
SLS-10532,CUST1637,Atacado Mendonça S.A.,STR-036,Matriz Contagem,MG,Contagem,PROD-LOJA,VendeFácil Loja,2025-07-10 17:41:54,PIX,744.05,Caixa 05,Aprovada
SLS-10533,CUST001,Supermercado Boa Compra,STR-001,Filial Matriz - Centro BH,MG,Belo Horizonte,PROD-PAY,VendeFácil Pay,2025-03-14 04:35:58,Cartão de Débito,1600.9,Caixa 01,Estornada
SLS-10534,CUST065,Centro de da Rocha Ltda,STR-037,Express Rio Verde,GO,Rio Verde,PROD-PDV,VendeFácil PDV,2025-02-02 23:00:53,Boleto Bancário,468.56,Caixa 06,Aprovada
SLS-10535,CUST1410,Empório Campos Ltda,STR-027,Filial Centro Porto Alegre,RS,Porto Alegre,PROD-PDV,VendeFácil PDV,2025-08-24 06:15:02,Cartão de Crédito,796.73,Caixa 02,Aprovada
SLS-10536,CUST1903,Comércio de Ferreira Ltda,STR-012,Filial Shopping Caucaia,CE,Caucaia,PROD-ESTOQUE,VendeFácil Estoque,2025-10-14 22:14:48,Cartão de Débito,1812.26,Caixa 03,Aprovada
SLS-10537,CUST008,Auto Peças Central,STR-004,Matriz Ribeirão Preto,SP,Ribeirão Preto,PROD-ANALYTICS,VendeFácil Analytics,2025-09-24 23:44:12,Dinheiro,377.94,Caixa 05,Estornada
SLS-10538,CUST1629,Mundo da Vieira Comercial,STR-029,Matriz Águas Claras,DF,Águas Claras,PROD-PDV,VendeFácil PDV,2025-03-11 15:16:48,PIX,560.32,Caixa 05,Aprovada
SLS-10539,CUST001,Supermercado Boa Compra,STR-001,Filial Matriz - Centro BH,MG,Belo Horizonte,PROD-PDV,VendeFácil PDV,2025-01-31 12:47:42,Dinheiro,696.4,Caixa 01,Aprovada
SLS-10540,CUST409,Rede da Cruz Eireli,STR-008,Matriz Fortaleza,CE,Fortaleza,PROD-LOJA,VendeFácil Loja,2025-01-01 22:13:28,Cartão de Crédito,1326.66,Caixa 01,Estornada
SLS-10541,CUST1867,Lojas Teixeira Ltda,STR-006,Matriz Caxias do Sul,RS,Caxias do Sul,PROD-ESTOQUE,VendeFácil Estoque,2025-08-07 02:56:39,PIX,1598.36,Caixa 02,Aprovada
SLS-10542,CUST008,Auto Peças Central,STR-004,Matriz Ribeirão Preto,SP,Ribeirão Preto,PROD-PAY,VendeFácil Pay,2025-03-11 07:16:03,PIX,217.83,Caixa 02,Aprovada
SLS-10543,CUST009,Empório Gourmet Mineiro,STR-038,Express Ouro Preto,MG,Ouro Preto,PROD-PDV,VendeFácil PDV,2025-01-03 17:37:01,Cartão de Débito,839.27,Caixa 01,Cancelada
SLS-10544,CUST065,Centro de da Rocha Ltda,STR-037,Express Rio Verde,GO,Rio Verde,PROD-LOJA,VendeFácil Loja,2025-10-15 11:54:50,Cartão de Débito,641.97,Caixa 06,Aprovada
SLS-10545,CUST065,Centro de da Rocha Ltda,STR-037,Express Rio Verde,GO,Rio Verde,PROD-ANALYTICS,VendeFácil Analytics,2025-07-31 21:35:38,Dinheiro,651.16,Caixa 04,Aprovada
SLS-10546,CUST1610,Comércio de da Rocha Ltda,STR-009,Express Jaboatão dos Guararapes,PE,Jaboatão dos Guararapes,PROD-LOJA,VendeFácil Loja,2025-05-23 17:11:34,PIX,848.9,Caixa 01,Cancelada
SLS-10547,CUST1427,Lojas Vieira Comercial,STR-047,Matriz Vitória da Conquista,BA,Vitória da Conquista,PROD-ESTOQUE,VendeFácil Estoque,2025-08-31 07:21:40,Cartão de Débito,1698.3,Caixa 01,Aprovada
SLS-10548,CUST401,Comércio de Costela Eireli,STR-050,Express Contagem,MG,Contagem,PROD-PDV,VendeFácil PDV,2025-01-19 09:23:12,Cartão de Débito,374.52,Caixa 02,Cancelada
SLS-10549,CUST224,Empório Moraes Ltda,STR-043,Filial Bairro Rio Verde,GO,Rio Verde,PROD-ANALYTICS,VendeFácil Analytics,2025-04-24 06:40:09,PIX,577.79,Caixa 03,Aprovada
SLS-10550,CUST1427,Lojas Vieira Comercial,STR-047,Matriz Vitória da Conquista,BA,Vitória da Conquista,PROD-ANALYTICS,VendeFácil Analytics,2025-05-12 19:04:44,Cartão de Crédito,486.18,Caixa 01,Aprovada
SLS-10551,CUST1689,Comércio de Ribeiro Comercial,STR-034,Filial Zona Sul Caucaia,CE,Caucaia,PROD-ANALYTICS,VendeFácil Analytics,2025-05-20 19:52:02,Boleto Bancário,277.24,Caixa 02,Aprovada
SLS-10552,CUST102,Rede Cardoso Me,STR-013,Filial Centro Uberlândia,MG,Uberlândia,PROD-PAY,VendeFácil Pay,2025-04-23 09:09:07,Cartão de Débito,2894.23,Caixa 01,Cancelada
SLS-10553,CUST1887,Mercado Aparecida Ltda,STR-020,Filial Bairro Serra,ES,Serra,PROD-ESTOQUE,VendeFácil Estoque,2025-06-12 08:17:44,Boleto Bancário,1862.49,Caixa 03,Aprovada
SLS-10554,CUST034,Rede Pires Comercial,STR-026,Filial Shopping Caruaru,PE,Caruaru,PROD-ESTOQUE,VendeFácil Estoque,2025-10-04 01:43:37,Cartão de Débito,987.65,Caixa 01,Aprovada
SLS-10555,CUST714,Rede Borges Ltda,STR-018,Filial Zona Sul Porto Alegre,RS,Porto Alegre,PROD-PDV,VendeFácil PDV,2025-07-21 13:06:39,Boleto Bancário,684.73,Caixa 01,Aprovada
SLS-10556,CUST1499,Distribuidora Costa Me,STR-024,Filial Centro Sorocaba,SP,Sorocaba,PROD-ANALYTICS,VendeFácil Analytics,2025-03-23 07:29:59,Dinheiro,377.94,Caixa 01,Cancelada
SLS-10557,CUST005,Materiais de Construção Silva,STR-003,Matriz Juiz de Fora,MG,Juiz de Fora,PROD-LOJA,VendeFácil Loja,2026-01-28 11:48:59,PIX,437.18,Caixa 06,Estornada
SLS-10558,CUST1887,Mercado Aparecida Ltda,STR-020,Filial Bairro Serra,ES,Serra,PROD-PDV,VendeFácil PDV,2025-12-08 21:50:54,PIX,830.32,Caixa 01,Aprovada
SLS-10559,CUST1037,Casa do Sampaio S.A.,STR-007,Express Cascavel,PR,Cascavel,PROD-PAY,VendeFácil Pay,2025-07-18 03:26:59,Dinheiro,3059.12,Caixa 01,Aprovada
SLS-10560,CUST552,Distribuidora Cavalcante Eireli,STR-022,Filial Bairro Jaboatão dos Guararapes,PE,Jaboatão dos Guararapes,PROD-LOJA,VendeFácil Loja,2025-12-27 16:12:31,Boleto Bancário,449.92,Caixa 01,Aprovada
SLS-10561,CUST1015,Distribuidora Montenegro Me,STR-041,Filial Centro Rio de Janeiro,RJ,Rio de Janeiro,PROD-ANALYTICS,VendeFácil Analytics,2026-01-03 22:36:33,Cartão de Débito,893.56,Caixa 06,Aprovada
SLS-10562,CUST1490,Mundo da da Mota Me,STR-045,Filial Shopping Vila Velha,ES,Vila Velha,PROD-PDV,VendeFácil PDV,2025-12-16 06:26:56,PIX,832.2,Caixa 01,Aprovada
SLS-10563,CUST1629,Mundo da Vieira Comercial,STR-029,Matriz Águas Claras,DF,Águas Claras,PROD-LOJA,VendeFácil Loja,2026-02-06 20:36:12,Cartão de Débito,1357.83,Caixa 01,Aprovada
SLS-10564,CUST1247,Centro de Aparecida Eireli,STR-011,Filial Shopping Brasília,DF,Brasília,PROD-ANALYTICS,VendeFácil Analytics,2026-01-24 01:50:55,PIX,473.66,Caixa 02,Aprovada
SLS-10565,CUST1427,Lojas Vieira Comercial,STR-047,Matriz Vitória da Conquista,BA,Vitória da Conquista,PROD-ESTOQUE,VendeFácil Estoque,2025-06-27 23:50:09,Dinheiro,876.85,Caixa 03,Cancelada
SLS-10566,CUST552,Distribuidora Cavalcante Eireli,STR-022,Filial Bairro Jaboatão dos Guararapes,PE,Jaboatão dos Guararapes,PROD-ANALYTICS,VendeFácil Analytics,2025-05-25 01:35:44,Boleto Bancário,319.93,Caixa 02,Estornada
SLS-10567,CUST102,Rede Cardoso Me,STR-013,Filial Centro Uberlândia,MG,Uberlândia,PROD-ESTOQUE,VendeFácil Estoque,2025-08-26 21:39:42,Dinheiro,563.78,Caixa 01,Estornada
SLS-10568,CUST1220,Atacado Gonçalves Eireli,STR-048,Matriz Caucaia,CE,Caucaia,PROD-LOJA,VendeFácil Loja,2025-11-26 01:01:16,Cartão de Crédito,1129.73,Caixa 07,Aprovada
SLS-10569,CUST008,Auto Peças Central,STR-004,Matriz Ribeirão Preto,SP,Ribeirão Preto,PROD-ANALYTICS,VendeFácil Analytics,2025-05-28 22:38:52,Cartão de Crédito,928.88,Caixa 01,Aprovada
SLS-10570,CUST1490,Mundo da da Mota Me,STR-045,Filial Shopping Vila Velha,ES,Vila Velha,PROD-PAY,VendeFácil Pay,2025-03-02 00:06:33,Cartão de Débito,1157.67,Caixa 01,Aprovada
SLS-10571,CUST1612,Comércio de Garcia Me,STR-028,Filial Centro Uberaba,MG,Uberaba,PROD-PAY,VendeFácil Pay,2025-11-10 10:20:52,PIX,334.59,Caixa 03,Estornada
SLS-10572,CUST934,Lojas Campos Ltda,STR-040,Express Brasília,DF,Brasília,PROD-PDV,VendeFácil PDV,2025-04-24 23:48:33,Cartão de Débito,825.47,Caixa 03,Aprovada
SLS-10573,CUST1162,Empório Monteiro Eireli,STR-035,Filial Zona Sul Juazeiro do Norte,CE,Juazeiro do Norte,PROD-LOJA,VendeFácil Loja,2026-01-25 08:52:13,Cartão de Débito,1151.49,Caixa 03,Aprovada
SLS-10574,CUST005,Materiais de Construção Silva,STR-003,Matriz Juiz de Fora,MG,Juiz de Fora,PROD-ANALYTICS,VendeFácil Analytics,2025-02-06 01:12:39,PIX,535.29,Caixa 04,Cancelada
SLS-10575,CUST065,Centro de da Rocha Ltda,STR-037,Express Rio Verde,GO,Rio Verde,PROD-PDV,VendeFácil PDV,2025-07-23 20:47:47,Boleto Bancário,859.17,Caixa 05,Aprovada
SLS-10576,CUST1875,Empório da Cunha Eireli,STR-005,Filial Shopping Rio de Janeiro,RJ,Rio de Janeiro,PROD-ANALYTICS,VendeFácil Analytics,2026-01-03 15:59:31,Boleto Bancário,433.94,Caixa 03,Aprovada
SLS-10577,CUST1187,Mercado Almeida S.A.,STR-031,Filial Centro Vila Velha,ES,Vila Velha,PROD-LOJA,VendeFácil Loja,2025-12-22 04:33:44,Cartão de Crédito,1125.06,Caixa 02,Aprovada
SLS-10578,CUST009,Empório Gourmet Mineiro,STR-038,Express Ouro Preto,MG,Ouro Preto,PROD-LOJA,VendeFácil Loja,2025-04-26 00:44:48,PIX,825.82,Caixa 01,Aprovada
SLS-10579,CUST556,Lojas Cunha S.A.,STR-049,Filial Bairro Santa Maria,RS,Santa Maria,PROD-ESTOQUE,VendeFácil Estoque,2025-06-21 11:56:43,PIX,814.77,Caixa 03,Aprovada
SLS-10580,CUST001,Supermercado Boa Compra,STR-001,Filial Matriz - Centro BH,MG,Belo Horizonte,PROD-ANALYTICS,VendeFácil Analytics,2025-04-19 13:48:59,Cartão de Débito,428.57,Caixa 07,Aprovada
SLS-10581,CUST475,Centro de Aragão Ltda,STR-019,Matriz Serra,ES,Serra,PROD-ANALYTICS,VendeFácil Analytics,2025-10-03 09:16:33,Cartão de Crédito,657.48,Caixa 01,Estornada
SLS-10582,CUST065,Centro de da Rocha Ltda,STR-037,Express Rio Verde,GO,Rio Verde,PROD-ESTOQUE,VendeFácil Estoque,2025-04-23 08:03:29,Cartão de Débito,983.23,Caixa 01,Aprovada
SLS-10583,CUST001,Supermercado Boa Compra,STR-001,Filial Matriz - Centro BH,MG,Belo Horizonte,PROD-PDV,VendeFácil PDV,2025-10-20 01:27:01,Boleto Bancário,803.02,Caixa 01,Aprovada
SLS-10584,CUST1271,Mundo da da Cruz Ltda,STR-016,Filial Zona Sul Olinda,PE,Olinda,PROD-PAY,VendeFácil Pay,2025-10-12 15:04:24,Dinheiro,874.77,Caixa 01,Aprovada
SLS-10585,CUST409,Rede da Cruz Eireli,STR-008,Matriz Fortaleza,CE,Fortaleza,PROD-ANALYTICS,VendeFácil Analytics,2025-07-21 16:10:05,Cartão de Crédito,806.2,Caixa 03,Aprovada
SLS-10586,CUST475,Centro de Aragão Ltda,STR-019,Matriz Serra,ES,Serra,PROD-LOJA,VendeFácil Loja,2025-08-22 12:09:48,Dinheiro,1007.7,Caixa 01,Aprovada
SLS-10587,CUST065,Centro de da Rocha Ltda,STR-037,Express Rio Verde,GO,Rio Verde,PROD-ESTOQUE,VendeFácil Estoque,2025-02-14 06:13:32,Dinheiro,1588.05,Caixa 04,Aprovada
SLS-10588,CUST1247,Centro de Aparecida Eireli,STR-011,Filial Shopping Brasília,DF,Brasília,PROD-PDV,VendeFácil PDV,2025-04-29 08:44:52,Boleto Bancário,712.36,Caixa 01,Aprovada
SLS-10589,CUST1490,Mundo da da Mota Me,STR-045,Filial Shopping Vila Velha,ES,Vila Velha,PROD-ANALYTICS,VendeFácil Analytics,2025-07-09 12:52:43,Dinheiro,380.58,Caixa 02,Aprovada
SLS-10590,CUST365,Rede Casa Grande Comercial,STR-030,Filial Shopping Aparecida de Goiânia,GO,Aparecida de Goiânia,PROD-PDV,VendeFácil PDV,2025-12-22 21:41:37,Cartão de Crédito,350.59,Caixa 04,Aprovada
SLS-10591,CUST1867,Lojas Teixeira Ltda,STR-006,Matriz Caxias do Sul,RS,Caxias do Sul,PROD-LOJA,VendeFácil Loja,2025-03-24 08:12:56,Dinheiro,396.79,Caixa 02,Aprovada
SLS-10592,CUST1490,Mundo da da Mota Me,STR-045,Filial Shopping Vila Velha,ES,Vila Velha,PROD-ESTOQUE,VendeFácil Estoque,2025-02-20 23:33:28,Dinheiro,1571.08,Caixa 01,Aprovada
SLS-10593,CUST833,Lojas Azevedo Comercial,STR-023,Filial Centro Taguatinga,DF,Taguatinga,PROD-PAY,VendeFácil Pay,2026-02-07 04:31:57,Dinheiro,1827.1,Caixa 08,Estornada
SLS-10594,CUST001,Supermercado Boa Compra,STR-001,Filial Matriz - Centro BH,MG,Belo Horizonte,PROD-LOJA,VendeFácil Loja,2025-10-17 03:26:21,Boleto Bancário,508.12,Caixa 02,Cancelada
SLS-10595,CUST1612,Comércio de Garcia Me,STR-028,Filial Centro Uberaba,MG,Uberaba,PROD-PAY,VendeFácil Pay,2025-07-10 12:05:57,Dinheiro,1760.79,Caixa 03,Cancelada
SLS-10596,CUST1220,Atacado Gonçalves Eireli,STR-048,Matriz Caucaia,CE,Caucaia,PROD-ANALYTICS,VendeFácil Analytics,2025-03-27 03:25:46,Boleto Bancário,639.21,Caixa 01,Estornada
SLS-10597,CUST008,Auto Peças Central,STR-004,Matriz Ribeirão Preto,SP,Ribeirão Preto,PROD-LOJA,VendeFácil Loja,2025-05-02 17:25:50,Dinheiro,1239.8,Caixa 010,Aprovada
SLS-10598,CUST1875,Empório da Cunha Eireli,STR-005,Filial Shopping Rio de Janeiro,RJ,Rio de Janeiro,PROD-ANALYTICS,VendeFácil Analytics,2025-11-08 05:37:40,Dinheiro,886.03,Caixa 02,Aprovada
SLS-10599,CUST1398,Centro de Andrade Ltda,STR-033,Filial Zona Sul Curitiba,PR,Curitiba,PROD-LOJA,VendeFácil Loja,2025-06-09 01:56:41,PIX,1494.93,Caixa 01,Aprovada
SLS-10600,CUST1427,Lojas Vieira Comercial,STR-047,Matriz Vitória da Conquista,BA,Vitória da Conquista,PROD-ANALYTICS,VendeFácil Analytics,2025-03-25 00:02:39,PIX,374.34,Caixa 01,Cancelada
SLS-10601,CUST475,Centro de Aragão Ltda,STR-019,Matriz Serra,ES,Serra,PROD-ESTOQUE,VendeFácil Estoque,2025-11-17 08:19:28,Cartão de Crédito,1477.1,Caixa 01,Aprovada
SLS-10602,CUST835,Empório Marques Me,STR-017,Filial Centro Santos,SP,Santos,PROD-LOJA,VendeFácil Loja,2025-05-23 17:44:28,Cartão de Débito,1116.87,Caixa 06,Aprovada
SLS-10603,CUST1220,Atacado Gonçalves Eireli,STR-048,Matriz Caucaia,CE,Caucaia,PROD-PAY,VendeFácil Pay,2026-01-18 03:59:39,PIX,1375.95,Caixa 03,Cancelada
SLS-10604,CUST717,Rede da Mota S.A.,STR-039,Filial Shopping Cariacica,ES,Cariacica,PROD-ESTOQUE,VendeFácil Estoque,2025-12-25 00:22:17,Cartão de Crédito,1586.22,Caixa 01,Aprovada
SLS-10605,CUST005,Materiais de Construção Silva,STR-003,Matriz Juiz de Fora,MG,Juiz de Fora,PROD-ESTOQUE,VendeFácil Estoque,2025-01-26 10:05:06,Cartão de Crédito,816.34,Caixa 02,Aprovada
SLS-10606,CUST210,Lojas Cunha Eireli,STR-046,Filial Zona Sul Niterói,RJ,Niterói,PROD-ANALYTICS,VendeFácil Analytics,2025-07-03 04:37:51,PIX,420.59,Caixa 03,Aprovada
SLS-10607,CUST005,Materiais de Construção Silva,STR-003,Matriz Juiz de Fora,MG,Juiz de Fora,PROD-ESTOQUE,VendeFácil Estoque,2025-09-15 03:24:20,Boleto Bancário,989.84,Caixa 01,Aprovada
SLS-10608,CUST835,Empório Marques Me,STR-017,Filial Centro Santos,SP,Santos,PROD-ESTOQUE,VendeFácil Estoque,2025-01-02 02:05:28,Cartão de Débito,1555.72,Caixa 05,Aprovada
SLS-10609,CUST1629,Mundo da Vieira Comercial,STR-029,Matriz Águas Claras,DF,Águas Claras,PROD-ANALYTICS,VendeFácil Analytics,2025-07-02 14:29:11,Dinheiro,317.17,Caixa 05,Aprovada
SLS-10610,CUST1610,Comércio de da Rocha Ltda,STR-009,Express Jaboatão dos Guararapes,PE,Jaboatão dos Guararapes,PROD-PDV,VendeFácil PDV,2025-12-17 00:50:03,Cartão de Crédito,884.96,Caixa 01,Aprovada
SLS-10611,CUST1611,Comércio de Fogaça S.A.,STR-044,Filial Zona Sul Caucaia,CE,Caucaia,PROD-PDV,VendeFácil PDV,2025-08-29 10:52:09,Boleto Bancário,817.2,Caixa 01,Aprovada
SLS-10612,CUST009,Empório Gourmet Mineiro,STR-038,Express Ouro Preto,MG,Ouro Preto,PROD-PAY,VendeFácil Pay,2025-04-22 04:20:41,PIX,905.74,Caixa 01,Aprovada
SLS-10613,CUST934,Lojas Campos Ltda,STR-040,Express Brasília,DF,Brasília,PROD-ANALYTICS,VendeFácil Analytics,2025-03-25 05:29:30,Dinheiro,306.81,Caixa 01,Aprovada
SLS-10614,CUST1410,Empório Campos Ltda,STR-027,Filial Centro Porto Alegre,RS,Porto Alegre,PROD-PDV,VendeFácil PDV,2025-09-14 02:02:03,Cartão de Débito,569.17,Caixa 02,Aprovada
SLS-10615,CUST034,Rede Pires Comercial,STR-026,Filial Shopping Caruaru,PE,Caruaru,PROD-PDV,VendeFácil PDV,2025-07-16 08:30:53,Boleto Bancário,852.13,Caixa 01,Cancelada
SLS-10616,CUST1398,Centro de Andrade Ltda,STR-033,Filial Zona Sul Curitiba,PR,Curitiba,PROD-ANALYTICS,VendeFácil Analytics,2025-07-05 13:10:04,PIX,462.24,Caixa 02,Aprovada
SLS-10617,CUST1887,Mercado Aparecida Ltda,STR-020,Filial Bairro Serra,ES,Serra,PROD-PDV,VendeFácil PDV,2025-08-14 15:42:35,Boleto Bancário,879.04,Caixa 03,Aprovada
SLS-10618,CUST717,Rede da Mota S.A.,STR-039,Filial Shopping Cariacica,ES,Cariacica,PROD-ESTOQUE,VendeFácil Estoque,2026-01-03 08:10:54,Dinheiro,1111.08,Caixa 01,Aprovada
SLS-10619,CUST1907,Mundo da Pimenta Comercial,STR-042,Filial Shopping Niterói,RJ,Niterói,PROD-ANALYTICS,VendeFácil Analytics,2025-03-27 16:30:56,Cartão de Crédito,340.63,Caixa 01,Aprovada
SLS-10620,CUST1610,Comércio de da Rocha Ltda,STR-009,Express Jaboatão dos Guararapes,PE,Jaboatão dos Guararapes,PROD-PDV,VendeFácil PDV,2025-02-15 10:45:34,Cartão de Crédito,488.09,Caixa 01,Estornada
SLS-10621,CUST1610,Comércio de da Rocha Ltda,STR-009,Express Jaboatão dos Guararapes,PE,Jaboatão dos Guararapes,PROD-LOJA,VendeFácil Loja,2025-12-02 20:11:59,Cartão de Débito,685.88,Caixa 01,Aprovada
SLS-10622,CUST1611,Comércio de Fogaça S.A.,STR-044,Filial Zona Sul Caucaia,CE,Caucaia,PROD-PAY,VendeFácil Pay,2025-11-22 01:25:49,Dinheiro,2310.16,Caixa 01,Estornada
SLS-10623,CUST934,Lojas Campos Ltda,STR-040,Express Brasília,DF,Brasília,PROD-ANALYTICS,VendeFácil Analytics,2025-03-17 23:16:56,Cartão de Crédito,757.05,Caixa 03,Aprovada
SLS-10624,CUST224,Empório Moraes Ltda,STR-043,Filial Bairro Rio Verde,GO,Rio Verde,PROD-PAY,VendeFácil Pay,2025-12-16 13:50:42,Cartão de Débito,777.4,Caixa 05,Aprovada
SLS-10625,CUST1271,Mundo da da Cruz Ltda,STR-016,Filial Zona Sul Olinda,PE,Olinda,PROD-ESTOQUE,VendeFácil Estoque,2026-01-04 10:15:27,Boleto Bancário,1941.42,Caixa 02,Aprovada
SLS-10626,CUST224,Empório Moraes Ltda,STR-043,Filial Bairro Rio Verde,GO,Rio Verde,PROD-LOJA,VendeFácil Loja,2025-09-30 08:35:13,Cartão de Crédito,662.53,Caixa 02,Aprovada
SLS-10627,CUST1490,Mundo da da Mota Me,STR-045,Filial Shopping Vila Velha,ES,Vila Velha,PROD-PDV,VendeFácil PDV,2025-02-10 13:19:11,Dinheiro,619.73,Caixa 01,Aprovada
SLS-10628,CUST1427,Lojas Vieira Comercial,STR-047,Matriz Vitória da Conquista,BA,Vitória da Conquista,PROD-LOJA,VendeFácil Loja,2025-08-28 14:12:51,Dinheiro,1139.4,Caixa 02,Aprovada
SLS-10629,CUST365,Rede Casa Grande Comercial,STR-030,Filial Shopping Aparecida de Goiânia,GO,Aparecida de Goiânia,PROD-PAY,VendeFácil Pay,2025-12-31 09:46:00,Cartão de Débito,2942.03,Caixa 03,Aprovada
SLS-10630,CUST1612,Comércio de Garcia Me,STR-028,Filial Centro Uberaba,MG,Uberaba,PROD-PAY,VendeFácil Pay,2025-08-30 09:51:41,Boleto Bancário,1272.24,Caixa 04,Aprovada
SLS-10631,CUST1612,Comércio de Garcia Me,STR-028,Filial Centro Uberaba,MG,Uberaba,PROD-LOJA,VendeFácil Loja,2025-03-06 02:52:44,Cartão de Crédito,771.02,Caixa 03,Aprovada
SLS-10632,CUST1162,Empório Monteiro Eireli,STR-035,Filial Zona Sul Juazeiro do Norte,CE,Juazeiro do Norte,PROD-PDV,VendeFácil PDV,2025-10-21 12:05:21,Dinheiro,845.22,Caixa 03,Cancelada
SLS-10633,CUST1867,Lojas Teixeira Ltda,STR-006,Matriz Caxias do Sul,RS,Caxias do Sul,PROD-LOJA,VendeFácil Loja,2025-04-05 14:31:50,Dinheiro,548.28,Caixa 03,Cancelada
SLS-10634,CUST625,Comércio de Macedo Eireli,STR-025,Matriz Chapecó,SC,Chapecó,PROD-LOJA,VendeFácil Loja,2025-08-17 06:36:58,PIX,1337.33,Caixa 01,Aprovada
SLS-10635,CUST365,Rede Casa Grande Comercial,STR-030,Filial Shopping Aparecida de Goiânia,GO,Aparecida de Goiânia,PROD-LOJA,VendeFácil Loja,2025-03-11 08:43:24,Cartão de Débito,1252.38,Caixa 01,Aprovada
SLS-10636,CUST1903,Comércio de Ferreira Ltda,STR-012,Filial Shopping Caucaia,CE,Caucaia,PROD-PDV,VendeFácil PDV,2025-05-27 01:54:59,Cartão de Débito,701.36,Caixa 02,Aprovada
SLS-10637,CUST1247,Centro de Aparecida Eireli,STR-011,Filial Shopping Brasília,DF,Brasília,PROD-ANALYTICS,VendeFácil Analytics,2025-03-01 10:57:32,Cartão de Débito,870.29,Caixa 01,Estornada
SLS-10638,CUST008,Auto Peças Central,STR-004,Matriz Ribeirão Preto,SP,Ribeirão Preto,PROD-PAY,VendeFácil Pay,2025-07-31 08:00:37,Boleto Bancário,793.5,Caixa 01,Aprovada
SLS-10639,CUST1162,Empório Monteiro Eireli,STR-035,Filial Zona Sul Juazeiro do Norte,CE,Juazeiro do Norte,PROD-PDV,VendeFácil PDV,2025-09-11 19:19:36,Cartão de Débito,846.67,Caixa 02,Aprovada
SLS-10640,CUST1867,Lojas Teixeira Ltda,STR-006,Matriz Caxias do Sul,RS,Caxias do Sul,PROD-PAY,VendeFácil Pay,2025-08-17 03:21:48,Dinheiro,956.94,Caixa 02,Aprovada
SLS-10641,CUST1499,Distribuidora Costa Me,STR-024,Filial Centro Sorocaba,SP,Sorocaba,PROD-LOJA,VendeFácil Loja,2026-01-14 06:24:57,Boleto Bancário,1376.99,Caixa 09,Aprovada
SLS-10642,CUST835,Empório Marques Me,STR-017,Filial Centro Santos,SP,Santos,PROD-ANALYTICS,VendeFácil Analytics,2025-01-25 04:05:36,Boleto Bancário,385.8,Caixa 02,Estornada
SLS-10643,CUST1611,Comércio de Fogaça S.A.,STR-044,Filial Zona Sul Caucaia,CE,Caucaia,PROD-PAY,VendeFácil Pay,2025-07-30 12:25:52,Cartão de Crédito,783.24,Caixa 04,Aprovada
SLS-10644,CUST1629,Mundo da Vieira Comercial,STR-029,Matriz Águas Claras,DF,Águas Claras,PROD-PAY,VendeFácil Pay,2025-08-09 14:34:28,Cartão de Débito,1332.08,Caixa 02,Aprovada
SLS-10645,CUST001,Supermercado Boa Compra,STR-001,Filial Matriz - Centro BH,MG,Belo Horizonte,PROD-LOJA,VendeFácil Loja,2025-02-01 23:30:33,PIX,1416.75,Caixa 06,Aprovada
SLS-10646,CUST1629,Mundo da Vieira Comercial,STR-029,Matriz Águas Claras,DF,Águas Claras,PROD-PAY,VendeFácil Pay,2025-02-02 00:53:42,Cartão de Débito,1089.94,Caixa 05,Estornada
SLS-10647,CUST005,Materiais de Construção Silva,STR-003,Matriz Juiz de Fora,MG,Juiz de Fora,PROD-PDV,VendeFácil PDV,2025-03-19 17:36:58,Cartão de Crédito,743.92,Caixa 01,Aprovada
SLS-10648,CUST1903,Comércio de Ferreira Ltda,STR-012,Filial Shopping Caucaia,CE,Caucaia,PROD-ANALYTICS,VendeFácil Analytics,2025-12-06 07:05:41,PIX,547.8,Caixa 03,Aprovada
SLS-10649,CUST065,Centro de da Rocha Ltda,STR-037,Express Rio Verde,GO,Rio Verde,PROD-PDV,VendeFácil PDV,2026-01-29 07:55:23,Boleto Bancário,635.71,Caixa 06,Estornada
SLS-10650,CUST1867,Lojas Teixeira Ltda,STR-006,Matriz Caxias do Sul,RS,Caxias do Sul,PROD-ESTOQUE,VendeFácil Estoque,2025-01-18 07:13:32,PIX,785.19,Caixa 03,Aprovada
SLS-10651,CUST210,Lojas Cunha Eireli,STR-046,Filial Zona Sul Niterói,RJ,Niterói,PROD-PAY,VendeFácil Pay,2026-02-02 14:13:38,Cartão de Crédito,2821.32,Caixa 01,Cancelada
SLS-10652,CUST1907,Mundo da Pimenta Comercial,STR-042,Filial Shopping Niterói,RJ,Niterói,PROD-PAY,VendeFácil Pay,2026-01-07 22:58:48,Boleto Bancário,2456.6,Caixa 02,Aprovada
SLS-10653,CUST1427,Lojas Vieira Comercial,STR-047,Matriz Vitória da Conquista,BA,Vitória da Conquista,PROD-PAY,VendeFácil Pay,2025-06-30 07:45:45,Cartão de Crédito,562.11,Caixa 01,Estornada
SLS-10654,CUST1490,Mundo da da Mota Me,STR-045,Filial Shopping Vila Velha,ES,Vila Velha,PROD-ANALYTICS,VendeFácil Analytics,2025-04-27 22:25:33,Cartão de Crédito,875.54,Caixa 01,Aprovada
SLS-10655,CUST475,Centro de Aragão Ltda,STR-019,Matriz Serra,ES,Serra,PROD-ANALYTICS,VendeFácil Analytics,2025-12-20 08:05:05,Cartão de Débito,407.85,Caixa 01,Aprovada
SLS-10656,CUST1612,Comércio de Garcia Me,STR-028,Filial Centro Uberaba,MG,Uberaba,PROD-PAY,VendeFácil Pay,2025-06-29 01:15:55,Boleto Bancário,1303.35,Caixa 01,Cancelada
SLS-10657,CUST365,Rede Casa Grande Comercial,STR-030,Filial Shopping Aparecida de Goiânia,GO,Aparecida de Goiânia,PROD-PAY,VendeFácil Pay,2025-04-06 14:09:58,Dinheiro,1603.55,Caixa 01,Cancelada
SLS-10658,CUST1247,Centro de Aparecida Eireli,STR-011,Filial Shopping Brasília,DF,Brasília,PROD-ESTOQUE,VendeFácil Estoque,2025-07-15 01:24:16,PIX,511.1,Caixa 01,Aprovada
SLS-10659,CUST034,Rede Pires Comercial,STR-026,Filial Shopping Caruaru,PE,Caruaru,PROD-LOJA,VendeFácil Loja,2025-11-27 20:09:24,Cartão de Crédito,1381.17,Caixa 01,Estornada
SLS-10660,CUST1867,Lojas Teixeira Ltda,STR-006,Matriz Caxias do Sul,RS,Caxias do Sul,PROD-ANALYTICS,VendeFácil Analytics,2025-12-08 22:56:50,Boleto Bancário,896.13,Caixa 03,Cancelada
SLS-10661,CUST835,Empório Marques Me,STR-017,Filial Centro Santos,SP,Santos,PROD-ANALYTICS,VendeFácil Analytics,2025-09-02 07:17:34,Cartão de Débito,559.83,Caixa 03,Aprovada
SLS-10662,CUST108,Lojas Abreu Ltda,STR-010,Matriz São Paulo,SP,São Paulo,PROD-ESTOQUE,VendeFácil Estoque,2025-12-20 05:33:43,Cartão de Crédito,1908.9,Caixa 01,Estornada
SLS-10663,CUST1037,Casa do Sampaio S.A.,STR-007,Express Cascavel,PR,Cascavel,PROD-PAY,VendeFácil Pay,2025-05-30 09:14:20,Cartão de Crédito,1151.4,Caixa 03,Estornada
SLS-10664,CUST224,Empório Moraes Ltda,STR-043,Filial Bairro Rio Verde,GO,Rio Verde,PROD-ESTOQUE,VendeFácil Estoque,2025-04-02 12:52:45,Boleto Bancário,575.17,Caixa 02,Cancelada
SLS-10665,CUST552,Distribuidora Cavalcante Eireli,STR-022,Filial Bairro Jaboatão dos Guararapes,PE,Jaboatão dos Guararapes,PROD-LOJA,VendeFácil Loja,2025-12-02 01:47:43,Boleto Bancário,658.89,Caixa 02,Aprovada
SLS-10666,CUST1875,Empório da Cunha Eireli,STR-005,Filial Shopping Rio de Janeiro,RJ,Rio de Janeiro,PROD-PDV,VendeFácil PDV,2025-09-30 02:01:04,Cartão de Débito,564.28,Caixa 02,Aprovada
SLS-10667,CUST1037,Casa do Sampaio S.A.,STR-007,Express Cascavel,PR,Cascavel,PROD-ESTOQUE,VendeFácil Estoque,2025-01-04 17:40:44,Cartão de Débito,831.38,Caixa 05,Aprovada
SLS-10668,CUST1907,Mundo da Pimenta Comercial,STR-042,Filial Shopping Niterói,RJ,Niterói,PROD-LOJA,VendeFácil Loja,2025-03-18 00:29:36,PIX,633.92,Caixa 02,Aprovada
SLS-10669,CUST034,Rede Pires Comercial,STR-026,Filial Shopping Caruaru,PE,Caruaru,PROD-PDV,VendeFácil PDV,2025-09-18 10:26:34,Boleto Bancário,473.79,Caixa 01,Estornada
SLS-10670,CUST1499,Distribuidora Costa Me,STR-024,Filial Centro Sorocaba,SP,Sorocaba,PROD-PDV,VendeFácil PDV,2025-06-10 10:04:47,Boleto Bancário,374.32,Caixa 06,Aprovada
SLS-10671,CUST065,Centro de da Rocha Ltda,STR-037,Express Rio Verde,GO,Rio Verde,PROD-ESTOQUE,VendeFácil Estoque,2025-11-17 02:27:00,Cartão de Débito,618.85,Caixa 06,Aprovada
SLS-10672,CUST1875,Empório da Cunha Eireli,STR-005,Filial Shopping Rio de Janeiro,RJ,Rio de Janeiro,PROD-PAY,VendeFácil Pay,2026-01-28 12:27:35,Cartão de Débito,1396.23,Caixa 01,Cancelada
SLS-10673,CUST224,Empório Moraes Ltda,STR-043,Filial Bairro Rio Verde,GO,Rio Verde,PROD-PAY,VendeFácil Pay,2026-01-05 13:41:19,Dinheiro,3054.6,Caixa 05,Aprovada
SLS-10674,CUST1629,Mundo da Vieira Comercial,STR-029,Matriz Águas Claras,DF,Águas Claras,PROD-ANALYTICS,VendeFácil Analytics,2025-07-03 06:43:50,PIX,584.01,Caixa 01,Aprovada
SLS-10675,CUST001,Supermercado Boa Compra,STR-002,Filial Savassi,MG,Belo Horizonte,PROD-ESTOQUE,VendeFácil Estoque,2025-08-11 05:45:48,PIX,595.97,Caixa 04,Aprovada
SLS-10676,CUST1610,Comércio de da Rocha Ltda,STR-009,Express Jaboatão dos Guararapes,PE,Jaboatão dos Guararapes,PROD-PDV,VendeFácil PDV,2025-03-18 11:11:42,PIX,858.03,Caixa 01,Estornada
SLS-10677,CUST1612,Comércio de Garcia Me,STR-028,Filial Centro Uberaba,MG,Uberaba,PROD-PAY,VendeFácil Pay,2025-07-26 16:50:54,Dinheiro,1808.26,Caixa 04,Aprovada
SLS-10678,CUST005,Materiais de Construção Silva,STR-003,Matriz Juiz de Fora,MG,Juiz de Fora,PROD-PAY,VendeFácil Pay,2025-08-31 07:51:01,PIX,611.62,Caixa 04,Aprovada
SLS-10679,CUST391,Distribuidora Oliveira Eireli,STR-015,Filial Bairro Anápolis,GO,Anápolis,PROD-PAY,VendeFácil Pay,2026-01-30 06:44:57,Cartão de Crédito,1424.79,Caixa 01,Estornada
SLS-10680,CUST556,Lojas Cunha S.A.,STR-049,Filial Bairro Santa Maria,RS,Santa Maria,PROD-ANALYTICS,VendeFácil Analytics,2025-06-23 20:59:59,Dinheiro,624.34,Caixa 02,Estornada
SLS-10681,CUST1162,Empório Monteiro Eireli,STR-035,Filial Zona Sul Juazeiro do Norte,CE,Juazeiro do Norte,PROD-LOJA,VendeFácil Loja,2025-05-02 23:12:25,Cartão de Crédito,1434.18,Caixa 03,Aprovada
SLS-10682,CUST409,Rede da Cruz Eireli,STR-008,Matriz Fortaleza,CE,Fortaleza,PROD-PDV,VendeFácil PDV,2025-11-19 13:54:59,Cartão de Débito,516.73,Caixa 01,Cancelada
SLS-10683,CUST1611,Comércio de Fogaça S.A.,STR-044,Filial Zona Sul Caucaia,CE,Caucaia,PROD-PAY,VendeFácil Pay,2025-11-23 12:11:32,Cartão de Crédito,814.86,Caixa 02,Aprovada
SLS-10684,CUST1247,Centro de Aparecida Eireli,STR-011,Filial Shopping Brasília,DF,Brasília,PROD-PAY,VendeFácil Pay,2025-02-05 12:48:53,PIX,2428.3,Caixa 02,Aprovada
SLS-10685,CUST714,Rede Borges Ltda,STR-018,Filial Zona Sul Porto Alegre,RS,Porto Alegre,PROD-PAY,VendeFácil Pay,2025-11-24 16:36:21,Cartão de Débito,1550.22,Caixa 01,Aprovada
SLS-10686,CUST1610,Comércio de da Rocha Ltda,STR-009,Express Jaboatão dos Guararapes,PE,Jaboatão dos Guararapes,PROD-PAY,VendeFácil Pay,2025-08-26 14:24:17,Cartão de Débito,1041.38,Caixa 01,Aprovada
SLS-10687,CUST034,Rede Pires Comercial,STR-026,Filial Shopping Caruaru,PE,Caruaru,PROD-PAY,VendeFácil Pay,2025-08-18 21:35:36,Boleto Bancário,2871.6,Caixa 01,Aprovada
SLS-10688,CUST102,Rede Cardoso Me,STR-013,Filial Centro Uberlândia,MG,Uberlândia,PROD-LOJA,VendeFácil Loja,2025-08-07 01:13:46,Cartão de Débito,1342.27,Caixa 01,Aprovada
SLS-10689,CUST1410,Empório Campos Ltda,STR-027,Filial Centro Porto Alegre,RS,Porto Alegre,PROD-LOJA,VendeFácil Loja,2025-06-11 08:01:53,Boleto Bancário,611.09,Caixa 03,Estornada
SLS-10690,CUST625,Comércio de Macedo Eireli,STR-025,Matriz Chapecó,SC,Chapecó,PROD-LOJA,VendeFácil Loja,2025-10-17 15:31:58,Dinheiro,596.98,Caixa 01,Aprovada
SLS-10691,CUST1867,Lojas Teixeira Ltda,STR-006,Matriz Caxias do Sul,RS,Caxias do Sul,PROD-PAY,VendeFácil Pay,2025-11-29 13:02:16,Cartão de Crédito,1816.54,Caixa 04,Aprovada
SLS-10692,CUST140,Atacado da Rocha Ltda,STR-021,Express Salvador,BA,Salvador,PROD-PDV,VendeFácil PDV,2025-12-22 13:30:22,Dinheiro,601.61,Caixa 01,Aprovada
SLS-10693,CUST1499,Distribuidora Costa Me,STR-024,Filial Centro Sorocaba,SP,Sorocaba,PROD-PDV,VendeFácil PDV,2025-03-24 19:15:39,Cartão de Crédito,599.84,Caixa 04,Aprovada
SLS-10694,CUST1887,Mercado Aparecida Ltda,STR-020,Filial Bairro Serra,ES,Serra,PROD-PDV,VendeFácil PDV,2025-06-10 22:21:28,Cartão de Débito,844.73,Caixa 03,Cancelada
SLS-10695,CUST065,Centro de da Rocha Ltda,STR-037,Express Rio Verde,GO,Rio Verde,PROD-LOJA,VendeFácil Loja,2025-11-10 14:19:33,Cartão de Débito,1414.09,Caixa 04,Estornada
SLS-10696,CUST1612,Comércio de Garcia Me,STR-028,Filial Centro Uberaba,MG,Uberaba,PROD-LOJA,VendeFácil Loja,2025-06-19 09:31:44,Cartão de Débito,1217.32,Caixa 03,Estornada
SLS-10697,CUST835,Empório Marques Me,STR-017,Filial Centro Santos,SP,Santos,PROD-PDV,VendeFácil PDV,2026-02-10 11:07:03,Dinheiro,415.51,Caixa 05,Cancelada
SLS-10698,CUST009,Empório Gourmet Mineiro,STR-038,Express Ouro Preto,MG,Ouro Preto,PROD-PAY,VendeFácil Pay,2025-05-05 09:24:39,Cartão de Débito,1843.39,Caixa 01,Aprovada
SLS-10699,CUST065,Centro de da Rocha Ltda,STR-037,Express Rio Verde,GO,Rio Verde,PROD-LOJA,VendeFácil Loja,2025-07-29 09:36:16,PIX,973.67,Caixa 06,Estornada
SLS-10700,CUST1490,Mundo da da Mota Me,STR-045,Filial Shopping Vila Velha,ES,Vila Velha,PROD-ESTOQUE,VendeFácil Estoque,2025-03-16 08:10:29,PIX,1374.05,Caixa 02,Aprovada
SLS-10701,CUST717,Rede da Mota S.A.,STR-039,Filial Shopping Cariacica,ES,Cariacica,PROD-ANALYTICS,VendeFácil Analytics,2026-01-06 07:57:22,Dinheiro,718.31,Caixa 01,Aprovada
SLS-10702,CUST1271,Mundo da da Cruz Ltda,STR-016,Filial Zona Sul Olinda,PE,Olinda,PROD-PDV,VendeFácil PDV,2025-01-05 20:47:23,Boleto Bancário,419.71,Caixa 02,Aprovada
SLS-10703,CUST1187,Mercado Almeida S.A.,STR-031,Filial Centro Vila Velha,ES,Vila Velha,PROD-PDV,VendeFácil PDV,2025-09-03 11:53:57,Cartão de Débito,835.59,Caixa 02,Aprovada
SLS-10704,CUST475,Centro de Aragão Ltda,STR-019,Matriz Serra,ES,Serra,PROD-ANALYTICS,VendeFácil Analytics,2025-07-09 12:15:29,Boleto Bancário,810.25,Caixa 01,Aprovada
SLS-10705,CUST005,Materiais de Construção Silva,STR-003,Matriz Juiz de Fora,MG,Juiz de Fora,PROD-PDV,VendeFácil PDV,2025-01-22 10:59:13,Cartão de Débito,656.01,Caixa 03,Aprovada
SLS-10706,CUST1875,Empório da Cunha Eireli,STR-005,Filial Shopping Rio de Janeiro,RJ,Rio de Janeiro,PROD-PAY,VendeFácil Pay,2025-04-25 20:37:41,PIX,2572.42,Caixa 01,Estornada
SLS-10707,CUST833,Lojas Azevedo Comercial,STR-023,Filial Centro Taguatinga,DF,Taguatinga,PROD-ESTOQUE,VendeFácil Estoque,2026-02-03 04:10:46,Cartão de Crédito,1583.42,Caixa 08,Aprovada
SLS-10708,CUST034,Rede Pires Comercial,STR-026,Filial Shopping Caruaru,PE,Caruaru,PROD-LOJA,VendeFácil Loja,2025-09-28 21:39:35,Boleto Bancário,601.25,Caixa 01,Estornada
SLS-10709,CUST1611,Comércio de Fogaça S.A.,STR-044,Filial Zona Sul Caucaia,CE,Caucaia,PROD-ANALYTICS,VendeFácil Analytics,2025-01-02 20:13:14,Boleto Bancário,929.6,Caixa 01,Cancelada
SLS-10710,CUST934,Lojas Campos Ltda,STR-040,Express Brasília,DF,Brasília,PROD-PDV,VendeFácil PDV,2025-05-14 13:07:30,Dinheiro,511.11,Caixa 02,Estornada
SLS-10711,CUST140,Atacado da Rocha Ltda,STR-021,Express Salvador,BA,Salvador,PROD-ANALYTICS,VendeFácil Analytics,2025-04-24 03:04:54,PIX,405.98,Caixa 09,Cancelada
SLS-10712,CUST1499,Distribuidora Costa Me,STR-024,Filial Centro Sorocaba,SP,Sorocaba,PROD-ESTOQUE,VendeFácil Estoque,2025-06-01 06:41:00,Cartão de Crédito,1724.93,Caixa 03,Estornada
SLS-10713,CUST1220,Atacado Gonçalves Eireli,STR-048,Matriz Caucaia,CE,Caucaia,PROD-PDV,VendeFácil PDV,2025-05-08 07:05:46,Cartão de Débito,597.06,Caixa 02,Aprovada
SLS-10714,CUST1410,Empório Campos Ltda,STR-027,Filial Centro Porto Alegre,RS,Porto Alegre,PROD-PDV,VendeFácil PDV,2025-01-10 10:58:06,Cartão de Crédito,708.17,Caixa 03,Cancelada
SLS-10715,CUST1410,Empório Campos Ltda,STR-027,Filial Centro Porto Alegre,RS,Porto Alegre,PROD-ANALYTICS,VendeFácil Analytics,2026-02-05 19:40:14,PIX,272.87,Caixa 03,Aprovada
SLS-10716,CUST210,Lojas Cunha Eireli,STR-046,Filial Zona Sul Niterói,RJ,Niterói,PROD-ESTOQUE,VendeFácil Estoque,2025-10-19 10:12:56,Boleto Bancário,1612.36,Caixa 01,Aprovada
SLS-10717,CUST1907,Mundo da Pimenta Comercial,STR-042,Filial Shopping Niterói,RJ,Niterói,PROD-ANALYTICS,VendeFácil Analytics,2025-08-13 10:24:52,PIX,576.07,Caixa 01,Aprovada
SLS-10718,CUST1887,Mercado Aparecida Ltda,STR-020,Filial Bairro Serra,ES,Serra,PROD-LOJA,VendeFácil Loja,2025-01-30 05:38:57,Cartão de Crédito,985.58,Caixa 02,Aprovada
SLS-10719,CUST1247,Centro de Aparecida Eireli,STR-011,Filial Shopping Brasília,DF,Brasília,PROD-PAY,VendeFácil Pay,2025-11-09 10:12:23,Boleto Bancário,1284.71,Caixa 01,Aprovada
SLS-10720,CUST556,Lojas Cunha S.A.,STR-049,Filial Bairro Santa Maria,RS,Santa Maria,PROD-ESTOQUE,VendeFácil Estoque,2025-04-12 07:19:10,Cartão de Crédito,1265.27,Caixa 01,Cancelada
SLS-10721,CUST391,Distribuidora Oliveira Eireli,STR-015,Filial Bairro Anápolis,GO,Anápolis,PROD-ESTOQUE,VendeFácil Estoque,2025-01-09 04:53:41,Cartão de Débito,1087.9,Caixa 01,Aprovada
SLS-10722,CUST024,Casa do Sá Ltda,STR-014,Filial Shopping Rio Verde,GO,Rio Verde,PROD-PDV,VendeFácil PDV,2025-04-28 00:47:59,Cartão de Crédito,456.53,Caixa 01,Aprovada
SLS-10723,CUST1629,Mundo da Vieira Comercial,STR-029,Matriz Águas Claras,DF,Águas Claras,PROD-PDV,VendeFácil PDV,2025-12-10 15:34:29,Boleto Bancário,547.21,Caixa 01,Aprovada
SLS-10724,CUST1612,Comércio de Garcia Me,STR-028,Filial Centro Uberaba,MG,Uberaba,PROD-ANALYTICS,VendeFácil Analytics,2025-11-09 22:12:28,Cartão de Débito,775.63,Caixa 03,Aprovada
SLS-10725,CUST1220,Atacado Gonçalves Eireli,STR-048,Matriz Caucaia,CE,Caucaia,PROD-ESTOQUE,VendeFácil Estoque,2025-05-23 23:21:56,Cartão de Débito,803.81,Caixa 01,Aprovada
SLS-10726,CUST391,Distribuidora Oliveira Eireli,STR-015,Filial Bairro Anápolis,GO,Anápolis,PROD-PAY,VendeFácil Pay,2025-10-12 09:24:17,Boleto Bancário,628.47,Caixa 01,Aprovada
SLS-10727,CUST714,Rede Borges Ltda,STR-018,Filial Zona Sul Porto Alegre,RS,Porto Alegre,PROD-ESTOQUE,VendeFácil Estoque,2025-01-24 04:37:33,Dinheiro,931.05,Caixa 01,Cancelada
SLS-10728,CUST1220,Atacado Gonçalves Eireli,STR-048,Matriz Caucaia,CE,Caucaia,PROD-PDV,VendeFácil PDV,2025-02-16 16:32:15,Cartão de Crédito,867.11,Caixa 06,Aprovada
SLS-10729,CUST475,Centro de Aragão Ltda,STR-019,Matriz Serra,ES,Serra,PROD-LOJA,VendeFácil Loja,2025-01-30 15:59:46,Boleto Bancário,1407.08,Caixa 01,Estornada
SLS-10730,CUST1162,Empório Monteiro Eireli,STR-035,Filial Zona Sul Juazeiro do Norte,CE,Juazeiro do Norte,PROD-PDV,VendeFácil PDV,2025-09-01 23:22:53,Boleto Bancário,523.4,Caixa 03,Aprovada
SLS-10731,CUST1037,Casa do Sampaio S.A.,STR-007,Express Cascavel,PR,Cascavel,PROD-PAY,VendeFácil Pay,2025-04-04 09:36:04,PIX,1271.23,Caixa 04,Cancelada
SLS-10732,CUST1629,Mundo da Vieira Comercial,STR-029,Matriz Águas Claras,DF,Águas Claras,PROD-ANALYTICS,VendeFácil Analytics,2025-11-19 05:24:02,Cartão de Débito,604.05,Caixa 01,Aprovada
SLS-10733,CUST108,Lojas Abreu Ltda,STR-010,Matriz São Paulo,SP,São Paulo,PROD-PAY,VendeFácil Pay,2025-01-21 21:17:48,Cartão de Débito,1268.13,Caixa 02,Estornada
SLS-10734,CUST835,Empório Marques Me,STR-017,Filial Centro Santos,SP,Santos,PROD-PAY,VendeFácil Pay,2026-01-07 05:22:04,Cartão de Crédito,1566.69,Caixa 06,Aprovada
SLS-10735,CUST1629,Mundo da Vieira Comercial,STR-029,Matriz Águas Claras,DF,Águas Claras,PROD-PDV,VendeFácil PDV,2026-02-11 06:46:59,PIX,420.19,Caixa 01,Aprovada
SLS-10736,CUST409,Rede da Cruz Eireli,STR-008,Matriz Fortaleza,CE,Fortaleza,PROD-ANALYTICS,VendeFácil Analytics,2025-09-20 01:31:40,Cartão de Crédito,737.82,Caixa 03,Cancelada
SLS-10737,CUST1410,Empório Campos Ltda,STR-027,Filial Centro Porto Alegre,RS,Porto Alegre,PROD-PAY,VendeFácil Pay,2025-01-26 02:41:30,Boleto Bancário,2668.07,Caixa 02,Aprovada
SLS-10738,CUST1490,Mundo da da Mota Me,STR-045,Filial Shopping Vila Velha,ES,Vila Velha,PROD-ESTOQUE,VendeFácil Estoque,2025-11-03 05:29:58,Cartão de Débito,644.32,Caixa 02,Estornada
SLS-10739,CUST833,Lojas Azevedo Comercial,STR-023,Filial Centro Taguatinga,DF,Taguatinga,PROD-PAY,VendeFácil Pay,2025-06-12 03:58:58,Boleto Bancário,424.03,Caixa 03,Aprovada
SLS-10740,CUST1139,Empório Freitas Me,STR-032,Filial Bairro Juiz de Fora,MG,Juiz de Fora,PROD-ANALYTICS,VendeFácil Analytics,2026-01-19 09:16:01,Cartão de Crédito,404.22,Caixa 08,Aprovada
SLS-10741,CUST1247,Centro de Aparecida Eireli,STR-011,Filial Shopping Brasília,DF,Brasília,PROD-LOJA,VendeFácil Loja,2025-05-29 05:26:55,Cartão de Crédito,515.42,Caixa 01,Aprovada
SLS-10742,CUST1611,Comércio de Fogaça S.A.,STR-044,Filial Zona Sul Caucaia,CE,Caucaia,PROD-LOJA,VendeFácil Loja,2025-10-30 23:31:18,Boleto Bancário,1333.5,Caixa 02,Aprovada
SLS-10743,CUST1220,Atacado Gonçalves Eireli,STR-048,Matriz Caucaia,CE,Caucaia,PROD-PDV,VendeFácil PDV,2025-12-21 19:38:43,Cartão de Crédito,459.27,Caixa 03,Aprovada
SLS-10744,CUST1887,Mercado Aparecida Ltda,STR-020,Filial Bairro Serra,ES,Serra,PROD-PDV,VendeFácil PDV,2025-06-06 18:17:04,Dinheiro,619.51,Caixa 03,Cancelada
SLS-10745,CUST552,Distribuidora Cavalcante Eireli,STR-022,Filial Bairro Jaboatão dos Guararapes,PE,Jaboatão dos Guararapes,PROD-LOJA,VendeFácil Loja,2025-08-26 00:45:27,Cartão de Crédito,401.46,Caixa 02,Cancelada
SLS-10746,CUST1611,Comércio de Fogaça S.A.,STR-044,Filial Zona Sul Caucaia,CE,Caucaia,PROD-PAY,VendeFácil Pay,2025-12-17 12:43:11,PIX,1943.99,Caixa 03,Aprovada
SLS-10747,CUST1611,Comércio de Fogaça S.A.,STR-044,Filial Zona Sul Caucaia,CE,Caucaia,PROD-ANALYTICS,VendeFácil Analytics,2025-05-12 22:42:57,Cartão de Crédito,528.08,Caixa 02,Aprovada
SLS-10748,CUST717,Rede da Mota S.A.,STR-039,Filial Shopping Cariacica,ES,Cariacica,PROD-LOJA,VendeFácil Loja,2025-08-01 08:29:22,Cartão de Débito,595.34,Caixa 01,Aprovada
SLS-10749,CUST140,Atacado da Rocha Ltda,STR-021,Express Salvador,BA,Salvador,PROD-ESTOQUE,VendeFácil Estoque,2025-03-23 13:03:34,Dinheiro,718.88,Caixa 07,Aprovada
SLS-10750,CUST034,Rede Pires Comercial,STR-026,Filial Shopping Caruaru,PE,Caruaru,PROD-PAY,VendeFácil Pay,2025-02-12 05:09:40,Dinheiro,518.79,Caixa 01,Cancelada
SLS-10751,CUST1427,Lojas Vieira Comercial,STR-047,Matriz Vitória da Conquista,BA,Vitória da Conquista,PROD-ESTOQUE,VendeFácil Estoque,2025-03-19 21:34:23,Cartão de Débito,664.37,Caixa 02,Aprovada
SLS-10752,CUST024,Casa do Sá Ltda,STR-014,Filial Shopping Rio Verde,GO,Rio Verde,PROD-ESTOQUE,VendeFácil Estoque,2025-10-30 11:34:07,Cartão de Débito,1618.6,Caixa 01,Aprovada
SLS-10753,CUST1612,Comércio de Garcia Me,STR-028,Filial Centro Uberaba,MG,Uberaba,PROD-ANALYTICS,VendeFácil Analytics,2025-12-09 05:36:47,Boleto Bancário,370.65,Caixa 03,Estornada
SLS-10754,CUST556,Lojas Cunha S.A.,STR-049,Filial Bairro Santa Maria,RS,Santa Maria,PROD-ESTOQUE,VendeFácil Estoque,2025-01-22 15:42:32,Boleto Bancário,603.24,Caixa 03,Aprovada
SLS-10755,CUST934,Lojas Campos Ltda,STR-040,Express Brasília,DF,Brasília,PROD-PDV,VendeFácil PDV,2025-11-27 20:04:10,Cartão de Débito,402.43,Caixa 01,Estornada
SLS-10756,CUST1037,Casa do Sampaio S.A.,STR-007,Express Cascavel,PR,Cascavel,PROD-PAY,VendeFácil Pay,2026-01-25 01:28:21,PIX,932.38,Caixa 04,Estornada
SLS-10757,CUST1247,Centro de Aparecida Eireli,STR-011,Filial Shopping Brasília,DF,Brasília,PROD-PDV,VendeFácil PDV,2025-04-01 05:31:41,PIX,862.87,Caixa 01,Aprovada
SLS-10758,CUST1499,Distribuidora Costa Me,STR-024,Filial Centro Sorocaba,SP,Sorocaba,PROD-LOJA,VendeFácil Loja,2025-09-19 04:06:05,Cartão de Débito,987.54,Caixa 07,Cancelada
SLS-10759,CUST1410,Empório Campos Ltda,STR-027,Filial Centro Porto Alegre,RS,Porto Alegre,PROD-ANALYTICS,VendeFácil Analytics,2025-07-25 10:50:53,PIX,322.79,Caixa 03,Aprovada
SLS-10760,CUST1689,Comércio de Ribeiro Comercial,STR-034,Filial Zona Sul Caucaia,CE,Caucaia,PROD-LOJA,VendeFácil Loja,2025-10-12 19:33:36,PIX,822.3,Caixa 02,Aprovada
SLS-10761,CUST1611,Comércio de Fogaça S.A.,STR-044,Filial Zona Sul Caucaia,CE,Caucaia,PROD-PDV,VendeFácil PDV,2026-02-11 14:08:10,Cartão de Crédito,657.81,Caixa 04,Aprovada
SLS-10762,CUST1015,Distribuidora Montenegro Me,STR-041,Filial Centro Rio de Janeiro,RJ,Rio de Janeiro,PROD-ANALYTICS,VendeFácil Analytics,2025-05-06 11:25:14,Dinheiro,479.1,Caixa 07,Estornada
SLS-10763,CUST034,Rede Pires Comercial,STR-026,Filial Shopping Caruaru,PE,Caruaru,PROD-ANALYTICS,VendeFácil Analytics,2026-01-19 11:18:56,PIX,667.06,Caixa 01,Aprovada
SLS-10764,CUST475,Centro de Aragão Ltda,STR-019,Matriz Serra,ES,Serra,PROD-ESTOQUE,VendeFácil Estoque,2025-02-27 22:13:41,Cartão de Crédito,1555.14,Caixa 01,Aprovada
SLS-10765,CUST1903,Comércio de Ferreira Ltda,STR-012,Filial Shopping Caucaia,CE,Caucaia,PROD-ESTOQUE,VendeFácil Estoque,2025-04-04 00:37:22,Cartão de Débito,1518.36,Caixa 01,Aprovada
SLS-10766,CUST1247,Centro de Aparecida Eireli,STR-011,Filial Shopping Brasília,DF,Brasília,PROD-LOJA,VendeFácil Loja,2025-09-30 07:53:57,PIX,702.36,Caixa 02,Cancelada
SLS-10767,CUST065,Centro de da Rocha Ltda,STR-037,Express Rio Verde,GO,Rio Verde,PROD-PDV,VendeFácil PDV,2025-02-16 17:09:02,Dinheiro,591.12,Caixa 04,Cancelada
SLS-10768,CUST934,Lojas Campos Ltda,STR-040,Express Brasília,DF,Brasília,PROD-PAY,VendeFácil Pay,2025-05-23 20:56:54,Dinheiro,407.67,Caixa 01,Cancelada
SLS-10769,CUST1490,Mundo da da Mota Me,STR-045,Filial Shopping Vila Velha,ES,Vila Velha,PROD-PDV,VendeFácil PDV,2026-01-12 20:00:30,PIX,380.79,Caixa 02,Aprovada
SLS-10770,CUST1410,Empório Campos Ltda,STR-027,Filial Centro Porto Alegre,RS,Porto Alegre,PROD-ESTOQUE,VendeFácil Estoque,2025-12-28 00:04:39,PIX,498.02,Caixa 01,Estornada
SLS-10771,CUST1247,Centro de Aparecida Eireli,STR-011,Filial Shopping Brasília,DF,Brasília,PROD-LOJA,VendeFácil Loja,2025-04-10 19:48:19,Boleto Bancário,599.29,Caixa 01,Aprovada
SLS-10772,CUST140,Atacado da Rocha Ltda,STR-021,Express Salvador,BA,Salvador,PROD-PDV,VendeFácil PDV,2025-06-17 06:32:02,Cartão de Débito,481.91,Caixa 09,Aprovada
SLS-10773,CUST1637,Atacado Mendonça S.A.,STR-036,Matriz Contagem,MG,Contagem,PROD-PDV,VendeFácil PDV,2025-07-01 20:08:22,Cartão de Crédito,849.45,Caixa 05,Aprovada
SLS-10774,CUST224,Empório Moraes Ltda,STR-043,Filial Bairro Rio Verde,GO,Rio Verde,PROD-PAY,VendeFácil Pay,2026-01-28 22:15:45,PIX,297.73,Caixa 04,Cancelada
SLS-10775,CUST1490,Mundo da da Mota Me,STR-045,Filial Shopping Vila Velha,ES,Vila Velha,PROD-ESTOQUE,VendeFácil Estoque,2025-08-23 15:52:46,Cartão de Crédito,1768.11,Caixa 01,Cancelada
SLS-10776,CUST024,Casa do Sá Ltda,STR-014,Filial Shopping Rio Verde,GO,Rio Verde,PROD-PAY,VendeFácil Pay,2025-11-09 14:01:50,Cartão de Crédito,759.18,Caixa 01,Aprovada
SLS-10777,CUST1220,Atacado Gonçalves Eireli,STR-048,Matriz Caucaia,CE,Caucaia,PROD-PAY,VendeFácil Pay,2025-06-22 23:07:10,PIX,2752.15,Caixa 05,Aprovada
SLS-10778,CUST1903,Comércio de Ferreira Ltda,STR-012,Filial Shopping Caucaia,CE,Caucaia,PROD-ANALYTICS,VendeFácil Analytics,2025-02-23 09:01:23,Boleto Bancário,636.5,Caixa 01,Aprovada
SLS-10779,CUST1875,Empório da Cunha Eireli,STR-005,Filial Shopping Rio de Janeiro,RJ,Rio de Janeiro,PROD-ESTOQUE,VendeFácil Estoque,2025-12-06 18:25:01,Cartão de Crédito,789.68,Caixa 01,Estornada
SLS-10780,CUST717,Rede da Mota S.A.,STR-039,Filial Shopping Cariacica,ES,Cariacica,PROD-PDV,VendeFácil PDV,2025-12-11 19:40:52,Dinheiro,744.79,Caixa 01,Aprovada
SLS-10781,CUST1903,Comércio de Ferreira Ltda,STR-012,Filial Shopping Caucaia,CE,Caucaia,PROD-PAY,VendeFácil Pay,2026-01-08 02:18:16,Dinheiro,1541.07,Caixa 01,Aprovada
SLS-10782,CUST1187,Mercado Almeida S.A.,STR-031,Filial Centro Vila Velha,ES,Vila Velha,PROD-ANALYTICS,VendeFácil Analytics,2025-02-18 23:41:21,PIX,545.74,Caixa 02,Cancelada
SLS-10783,CUST1247,Centro de Aparecida Eireli,STR-011,Filial Shopping Brasília,DF,Brasília,PROD-PAY,VendeFácil Pay,2025-09-25 03:39:26,Cartão de Débito,857.14,Caixa 01,Cancelada
SLS-10784,CUST1610,Comércio de da Rocha Ltda,STR-009,Express Jaboatão dos Guararapes,PE,Jaboatão dos Guararapes,PROD-PAY,VendeFácil Pay,2025-08-16 14:55:06,PIX,1492.72,Caixa 01,Aprovada
SLS-10785,CUST009,Empório Gourmet Mineiro,STR-038,Express Ouro Preto,MG,Ouro Preto,PROD-PAY,VendeFácil Pay,2025-10-01 23:25:12,Cartão de Crédito,1732.23,Caixa 01,Aprovada
SLS-10786,CUST224,Empório Moraes Ltda,STR-043,Filial Bairro Rio Verde,GO,Rio Verde,PROD-ESTOQUE,VendeFácil Estoque,2026-01-12 00:36:20,Cartão de Crédito,1535.23,Caixa 04,Aprovada
SLS-10787,CUST1490,Mundo da da Mota Me,STR-045,Filial Shopping Vila Velha,ES,Vila Velha,PROD-ANALYTICS,VendeFácil Analytics,2025-10-01 13:59:53,Cartão de Crédito,678.14,Caixa 02,Cancelada
SLS-10788,CUST1037,Casa do Sampaio S.A.,STR-007,Express Cascavel,PR,Cascavel,PROD-LOJA,VendeFácil Loja,2025-08-18 07:25:57,Cartão de Débito,1074.58,Caixa 03,Aprovada
SLS-10789,CUST140,Atacado da Rocha Ltda,STR-021,Express Salvador,BA,Salvador,PROD-PAY,VendeFácil Pay,2025-05-20 15:50:36,PIX,2396.71,Caixa 012,Aprovada
SLS-10790,CUST1610,Comércio de da Rocha Ltda,STR-009,Express Jaboatão dos Guararapes,PE,Jaboatão dos Guararapes,PROD-PAY,VendeFácil Pay,2025-01-12 16:12:13,Cartão de Débito,1989.66,Caixa 01,Cancelada
SLS-10791,CUST1410,Empório Campos Ltda,STR-027,Filial Centro Porto Alegre,RS,Porto Alegre,PROD-PAY,VendeFácil Pay,2025-06-05 02:17:28,Boleto Bancário,1830.8,Caixa 02,Aprovada
SLS-10792,CUST001,Supermercado Boa Compra,STR-002,Filial Savassi,MG,Belo Horizonte,PROD-PDV,VendeFácil PDV,2025-10-11 21:40:25,Boleto Bancário,515.78,Caixa 04,Aprovada
SLS-10793,CUST1637,Atacado Mendonça S.A.,STR-036,Matriz Contagem,MG,Contagem,PROD-PAY,VendeFácil Pay,2025-10-20 10:20:54,Boleto Bancário,941.88,Caixa 05,Aprovada
SLS-10794,CUST717,Rede da Mota S.A.,STR-039,Filial Shopping Cariacica,ES,Cariacica,PROD-PAY,VendeFácil Pay,2025-06-04 04:05:51,Boleto Bancário,1496.89,Caixa 01,Aprovada
SLS-10795,CUST1689,Comércio de Ribeiro Comercial,STR-034,Filial Zona Sul Caucaia,CE,Caucaia,PROD-LOJA,VendeFácil Loja,2025-04-16 14:30:54,Dinheiro,985.44,Caixa 01,Aprovada
SLS-10796,CUST475,Centro de Aragão Ltda,STR-019,Matriz Serra,ES,Serra,PROD-PAY,VendeFácil Pay,2025-10-01 01:01:04,Cartão de Débito,984.25,Caixa 01,Cancelada
SLS-10797,CUST1247,Centro de Aparecida Eireli,STR-011,Filial Shopping Brasília,DF,Brasília,PROD-PAY,VendeFácil Pay,2026-02-17 14:21:47,PIX,1093.47,Caixa 01,Aprovada
SLS-10798,CUST005,Materiais de Construção Silva,STR-003,Matriz Juiz de Fora,MG,Juiz de Fora,PROD-ANALYTICS,VendeFácil Analytics,2025-03-13 16:42:00,PIX,527.7,Caixa 03,Cancelada
SLS-10799,CUST717,Rede da Mota S.A.,STR-039,Filial Shopping Cariacica,ES,Cariacica,PROD-PDV,VendeFácil PDV,2025-01-10 19:49:10,Cartão de Crédito,496.1,Caixa 01,Aprovada
SLS-10800,CUST1689,Comércio de Ribeiro Comercial,STR-034,Filial Zona Sul Caucaia,CE,Caucaia,PROD-ESTOQUE,VendeFácil Estoque,2025-01-01 20:15:12,Dinheiro,1343.97,Caixa 01,Estornada
SLS-10801,CUST005,Materiais de Construção Silva,STR-003,Matriz Juiz de Fora,MG,Juiz de Fora,PROD-ANALYTICS,VendeFácil Analytics,2025-06-06 19:41:31,Dinheiro,415.87,Caixa 05,Estornada
SLS-10802,CUST1187,Mercado Almeida S.A.,STR-031,Filial Centro Vila Velha,ES,Vila Velha,PROD-PDV,VendeFácil PDV,2025-10-11 12:39:24,Boleto Bancário,881.49,Caixa 01,Aprovada
SLS-10803,CUST108,Lojas Abreu Ltda,STR-010,Matriz São Paulo,SP,São Paulo,PROD-ANALYTICS,VendeFácil Analytics,2026-02-08 13:29:29,PIX,283.07,Caixa 01,Aprovada
SLS-10804,CUST1611,Comércio de Fogaça S.A.,STR-044,Filial Zona Sul Caucaia,CE,Caucaia,PROD-ANALYTICS,VendeFácil Analytics,2026-01-25 14:41:00,PIX,664.52,Caixa 03,Estornada
SLS-10805,CUST024,Casa do Sá Ltda,STR-014,Filial Shopping Rio Verde,GO,Rio Verde,PROD-LOJA,VendeFácil Loja,2025-07-18 10:39:35,PIX,1009.33,Caixa 01,Aprovada
SLS-10806,CUST1162,Empório Monteiro Eireli,STR-035,Filial Zona Sul Juazeiro do Norte,CE,Juazeiro do Norte,PROD-LOJA,VendeFácil Loja,2025-08-10 16:20:28,Dinheiro,447.48,Caixa 04,Estornada
SLS-10807,CUST001,Supermercado Boa Compra,STR-002,Filial Savassi,MG,Belo Horizonte,PROD-PDV,VendeFácil PDV,2025-09-29 17:11:19,Cartão de Crédito,573.8,Caixa 01,Aprovada
SLS-10808,CUST409,Rede da Cruz Eireli,STR-008,Matriz Fortaleza,CE,Fortaleza,PROD-ESTOQUE,VendeFácil Estoque,2025-08-07 13:33:26,PIX,560.93,Caixa 02,Aprovada
SLS-10809,CUST1887,Mercado Aparecida Ltda,STR-020,Filial Bairro Serra,ES,Serra,PROD-LOJA,VendeFácil Loja,2025-03-09 21:53:53,Dinheiro,1431.34,Caixa 02,Aprovada
SLS-10810,CUST714,Rede Borges Ltda,STR-018,Filial Zona Sul Porto Alegre,RS,Porto Alegre,PROD-LOJA,VendeFácil Loja,2025-08-05 20:20:20,Boleto Bancário,1298.54,Caixa 01,Aprovada
SLS-10811,CUST1887,Mercado Aparecida Ltda,STR-020,Filial Bairro Serra,ES,Serra,PROD-PDV,VendeFácil PDV,2025-07-13 05:09:41,Cartão de Crédito,413.09,Caixa 02,Cancelada
SLS-10812,CUST717,Rede da Mota S.A.,STR-039,Filial Shopping Cariacica,ES,Cariacica,PROD-ANALYTICS,VendeFácil Analytics,2025-03-12 11:29:03,Boleto Bancário,787.68,Caixa 01,Aprovada
SLS-10813,CUST409,Rede da Cruz Eireli,STR-008,Matriz Fortaleza,CE,Fortaleza,PROD-PDV,VendeFácil PDV,2025-06-19 08:35:21,Cartão de Crédito,853.21,Caixa 03,Estornada
SLS-10814,CUST475,Centro de Aragão Ltda,STR-019,Matriz Serra,ES,Serra,PROD-PDV,VendeFácil PDV,2025-05-13 18:09:52,Cartão de Débito,609.42,Caixa 01,Aprovada
SLS-10815,CUST1162,Empório Monteiro Eireli,STR-035,Filial Zona Sul Juazeiro do Norte,CE,Juazeiro do Norte,PROD-LOJA,VendeFácil Loja,2025-07-10 21:44:47,Cartão de Crédito,1056.87,Caixa 03,Aprovada
SLS-10816,CUST1037,Casa do Sampaio S.A.,STR-007,Express Cascavel,PR,Cascavel,PROD-ESTOQUE,VendeFácil Estoque,2025-10-01 08:12:00,Cartão de Débito,499.1,Caixa 02,Aprovada
SLS-10817,CUST475,Centro de Aragão Ltda,STR-019,Matriz Serra,ES,Serra,PROD-LOJA,VendeFácil Loja,2025-04-22 03:42:00,Cartão de Crédito,1168.68,Caixa 01,Aprovada
SLS-10818,CUST1220,Atacado Gonçalves Eireli,STR-048,Matriz Caucaia,CE,Caucaia,PROD-ANALYTICS,VendeFácil Analytics,2025-03-07 23:58:19,Cartão de Crédito,912.55,Caixa 07,Aprovada
SLS-10819,CUST210,Lojas Cunha Eireli,STR-046,Filial Zona Sul Niterói,RJ,Niterói,PROD-ANALYTICS,VendeFácil Analytics,2025-05-02 23:18:18,Cartão de Crédito,693.32,Caixa 02,Aprovada
SLS-10820,CUST1247,Centro de Aparecida Eireli,STR-011,Filial Shopping Brasília,DF,Brasília,PROD-LOJA,VendeFácil Loja,2025-10-02 23:23:38,Dinheiro,1201.97,Caixa 03,Aprovada
SLS-10821,CUST1637,Atacado Mendonça S.A.,STR-036,Matriz Contagem,MG,Contagem,PROD-LOJA,VendeFácil Loja,2025-10-11 11:49:22,Cartão de Crédito,590.85,Caixa 06,Aprovada
SLS-10822,CUST1247,Centro de Aparecida Eireli,STR-011,Filial Shopping Brasília,DF,Brasília,PROD-LOJA,VendeFácil Loja,2025-03-13 11:22:56,PIX,840.75,Caixa 03,Aprovada
SLS-10823,CUST1139,Empório Freitas Me,STR-032,Filial Bairro Juiz de Fora,MG,Juiz de Fora,PROD-PAY,VendeFácil Pay,2025-02-13 16:20:02,PIX,283.12,Caixa 01,Cancelada
SLS-10824,CUST1015,Distribuidora Montenegro Me,STR-041,Filial Centro Rio de Janeiro,RJ,Rio de Janeiro,PROD-LOJA,VendeFácil Loja,2025-06-07 21:49:09,PIX,676.74,Caixa 08,Aprovada
SLS-10825,CUST714,Rede Borges Ltda,STR-018,Filial Zona Sul Porto Alegre,RS,Porto Alegre,PROD-ESTOQUE,VendeFácil Estoque,2026-01-27 13:19:48,Cartão de Crédito,1021.37,Caixa 01,Aprovada
SLS-10826,CUST1629,Mundo da Vieira Comercial,STR-029,Matriz Águas Claras,DF,Águas Claras,PROD-PAY,VendeFácil Pay,2026-01-10 10:46:10,PIX,2603.14,Caixa 04,Aprovada
SLS-10827,CUST833,Lojas Azevedo Comercial,STR-023,Filial Centro Taguatinga,DF,Taguatinga,PROD-LOJA,VendeFácil Loja,2025-12-26 20:47:32,Boleto Bancário,611.38,Caixa 05,Cancelada
SLS-10828,CUST024,Casa do Sá Ltda,STR-014,Filial Shopping Rio Verde,GO,Rio Verde,PROD-LOJA,VendeFácil Loja,2025-04-29 17:46:46,Dinheiro,983.09,Caixa 01,Aprovada
SLS-10829,CUST409,Rede da Cruz Eireli,STR-008,Matriz Fortaleza,CE,Fortaleza,PROD-ESTOQUE,VendeFácil Estoque,2025-08-04 03:01:38,PIX,1515.69,Caixa 01,Estornada
SLS-10830,CUST1689,Comércio de Ribeiro Comercial,STR-034,Filial Zona Sul Caucaia,CE,Caucaia,PROD-PAY,VendeFácil Pay,2025-04-04 15:33:03,PIX,1648.68,Caixa 01,Cancelada
SLS-10831,CUST1875,Empório da Cunha Eireli,STR-005,Filial Shopping Rio de Janeiro,RJ,Rio de Janeiro,PROD-ESTOQUE,VendeFácil Estoque,2025-09-03 19:46:52,Boleto Bancário,782.49,Caixa 02,Cancelada
SLS-10832,CUST1612,Comércio de Garcia Me,STR-028,Filial Centro Uberaba,MG,Uberaba,PROD-LOJA,VendeFácil Loja,2025-12-17 02:16:44,Cartão de Débito,591.51,Caixa 04,Estornada
SLS-10833,CUST1887,Mercado Aparecida Ltda,STR-020,Filial Bairro Serra,ES,Serra,PROD-LOJA,VendeFácil Loja,2025-12-05 07:44:39,Cartão de Débito,1199.12,Caixa 02,Cancelada
SLS-10834,CUST008,Auto Peças Central,STR-004,Matriz Ribeirão Preto,SP,Ribeirão Preto,PROD-PAY,VendeFácil Pay,2025-10-17 03:54:34,Cartão de Débito,1386.07,Caixa 08,Aprovada
SLS-10835,CUST475,Centro de Aragão Ltda,STR-019,Matriz Serra,ES,Serra,PROD-ANALYTICS,VendeFácil Analytics,2025-09-12 03:11:24,Boleto Bancário,559.89,Caixa 01,Aprovada
SLS-10836,CUST009,Empório Gourmet Mineiro,STR-038,Express Ouro Preto,MG,Ouro Preto,PROD-ANALYTICS,VendeFácil Analytics,2025-10-29 02:22:39,Cartão de Débito,407.14,Caixa 01,Aprovada
SLS-10837,CUST009,Empório Gourmet Mineiro,STR-038,Express Ouro Preto,MG,Ouro Preto,PROD-PAY,VendeFácil Pay,2025-05-12 13:41:32,Boleto Bancário,900.74,Caixa 01,Aprovada
SLS-10838,CUST934,Lojas Campos Ltda,STR-040,Express Brasília,DF,Brasília,PROD-PAY,VendeFácil Pay,2025-10-27 01:03:20,PIX,454.25,Caixa 03,Cancelada
SLS-10839,CUST1637,Atacado Mendonça S.A.,STR-036,Matriz Contagem,MG,Contagem,PROD-ANALYTICS,VendeFácil Analytics,2025-04-27 21:01:26,PIX,621.9,Caixa 02,Estornada
SLS-10840,CUST210,Lojas Cunha Eireli,STR-046,Filial Zona Sul Niterói,RJ,Niterói,PROD-ESTOQUE,VendeFácil Estoque,2025-02-18 03:05:39,Dinheiro,1375.73,Caixa 03,Cancelada
SLS-10841,CUST475,Centro de Aragão Ltda,STR-019,Matriz Serra,ES,Serra,PROD-LOJA,VendeFácil Loja,2025-03-29 23:41:09,Cartão de Débito,822.75,Caixa 01,Cancelada
SLS-10842,CUST556,Lojas Cunha S.A.,STR-049,Filial Bairro Santa Maria,RS,Santa Maria,PROD-PAY,VendeFácil Pay,2026-01-06 16:40:07,Dinheiro,1224.72,Caixa 01,Cancelada
SLS-10843,CUST1499,Distribuidora Costa Me,STR-024,Filial Centro Sorocaba,SP,Sorocaba,PROD-ANALYTICS,VendeFácil Analytics,2025-06-18 23:07:25,Dinheiro,493.97,Caixa 09,Aprovada
SLS-10844,CUST1689,Comércio de Ribeiro Comercial,STR-034,Filial Zona Sul Caucaia,CE,Caucaia,PROD-PDV,VendeFácil PDV,2025-10-31 01:52:09,Cartão de Crédito,427.47,Caixa 02,Estornada
SLS-10845,CUST009,Empório Gourmet Mineiro,STR-038,Express Ouro Preto,MG,Ouro Preto,PROD-PAY,VendeFácil Pay,2025-11-08 22:58:52,PIX,2563.61,Caixa 01,Cancelada
SLS-10846,CUST1162,Empório Monteiro Eireli,STR-035,Filial Zona Sul Juazeiro do Norte,CE,Juazeiro do Norte,PROD-PAY,VendeFácil Pay,2025-08-20 02:59:01,Boleto Bancário,162.88,Caixa 03,Cancelada
SLS-10847,CUST1689,Comércio de Ribeiro Comercial,STR-034,Filial Zona Sul Caucaia,CE,Caucaia,PROD-LOJA,VendeFácil Loja,2025-06-18 03:36:00,Cartão de Débito,1272.23,Caixa 01,Aprovada
SLS-10848,CUST1139,Empório Freitas Me,STR-032,Filial Bairro Juiz de Fora,MG,Juiz de Fora,PROD-ESTOQUE,VendeFácil Estoque,2025-09-25 14:14:37,Dinheiro,646.17,Caixa 03,Estornada
SLS-10849,CUST024,Casa do Sá Ltda,STR-014,Filial Shopping Rio Verde,GO,Rio Verde,PROD-PDV,VendeFácil PDV,2025-04-18 19:13:47,Dinheiro,534.53,Caixa 01,Cancelada
SLS-10850,CUST409,Rede da Cruz Eireli,STR-008,Matriz Fortaleza,CE,Fortaleza,PROD-PDV,VendeFácil PDV,2025-10-23 08:56:52,Dinheiro,882.48,Caixa 02,Cancelada
SLS-10851,CUST1867,Lojas Teixeira Ltda,STR-006,Matriz Caxias do Sul,RS,Caxias do Sul,PROD-LOJA,VendeFácil Loja,2025-10-23 00:24:48,PIX,1209.06,Caixa 02,Aprovada
SLS-10852,CUST1629,Mundo da Vieira Comercial,STR-029,Matriz Águas Claras,DF,Águas Claras,PROD-PAY,VendeFácil Pay,2025-01-25 13:29:09,Cartão de Débito,560.46,Caixa 04,Aprovada
SLS-10853,CUST009,Empório Gourmet Mineiro,STR-038,Express Ouro Preto,MG,Ouro Preto,PROD-ESTOQUE,VendeFácil Estoque,2026-02-09 13:36:17,PIX,1425.73,Caixa 01,Estornada
SLS-10854,CUST1398,Centro de Andrade Ltda,STR-033,Filial Zona Sul Curitiba,PR,Curitiba,PROD-PDV,VendeFácil PDV,2026-01-22 16:55:06,PIX,765.15,Caixa 03,Aprovada
SLS-10855,CUST102,Rede Cardoso Me,STR-013,Filial Centro Uberlândia,MG,Uberlândia,PROD-ANALYTICS,VendeFácil Analytics,2025-01-11 04:25:30,PIX,652.97,Caixa 01,Aprovada
SLS-10856,CUST1271,Mundo da da Cruz Ltda,STR-016,Filial Zona Sul Olinda,PE,Olinda,PROD-PAY,VendeFácil Pay,2025-03-06 20:52:50,Boleto Bancário,1035.97,Caixa 03,Aprovada
SLS-10857,CUST409,Rede da Cruz Eireli,STR-008,Matriz Fortaleza,CE,Fortaleza,PROD-ANALYTICS,VendeFácil Analytics,2025-01-22 20:53:51,PIX,733.06,Caixa 02,Cancelada
SLS-10858,CUST1037,Casa do Sampaio S.A.,STR-007,Express Cascavel,PR,Cascavel,PROD-PAY,VendeFácil Pay,2026-01-03 04:28:44,PIX,964.55,Caixa 01,Aprovada
SLS-10859,CUST1887,Mercado Aparecida Ltda,STR-020,Filial Bairro Serra,ES,Serra,PROD-ANALYTICS,VendeFácil Analytics,2025-04-16 14:34:49,PIX,884.04,Caixa 03,Cancelada
SLS-10860,CUST1139,Empório Freitas Me,STR-032,Filial Bairro Juiz de Fora,MG,Juiz de Fora,PROD-ANALYTICS,VendeFácil Analytics,2026-01-23 14:38:18,Cartão de Crédito,890.51,Caixa 02,Aprovada
SLS-10861,CUST1490,Mundo da da Mota Me,STR-045,Filial Shopping Vila Velha,ES,Vila Velha,PROD-PAY,VendeFácil Pay,2026-01-04 21:49:48,Boleto Bancário,1813.68,Caixa 01,Aprovada
SLS-10862,CUST1271,Mundo da da Cruz Ltda,STR-016,Filial Zona Sul Olinda,PE,Olinda,PROD-PAY,VendeFácil Pay,2025-01-31 00:15:32,Cartão de Débito,1742.77,Caixa 04,Aprovada
SLS-10863,CUST1499,Distribuidora Costa Me,STR-024,Filial Centro Sorocaba,SP,Sorocaba,PROD-LOJA,VendeFácil Loja,2025-08-19 08:58:04,PIX,1112.23,Caixa 07,Aprovada
SLS-10864,CUST1271,Mundo da da Cruz Ltda,STR-016,Filial Zona Sul Olinda,PE,Olinda,PROD-ANALYTICS,VendeFácil Analytics,2025-10-18 06:46:11,Cartão de Débito,492.7,Caixa 01,Aprovada
SLS-10865,CUST625,Comércio de Macedo Eireli,STR-025,Matriz Chapecó,SC,Chapecó,PROD-ESTOQUE,VendeFácil Estoque,2025-07-21 22:20:05,PIX,1473.44,Caixa 01,Aprovada
SLS-10866,CUST1139,Empório Freitas Me,STR-032,Filial Bairro Juiz de Fora,MG,Juiz de Fora,PROD-ANALYTICS,VendeFácil Analytics,2025-01-15 05:46:02,Dinheiro,666.15,Caixa 07,Aprovada
SLS-10867,CUST001,Supermercado Boa Compra,STR-001,Filial Matriz - Centro BH,MG,Belo Horizonte,PROD-ESTOQUE,VendeFácil Estoque,2025-06-01 06:26:51,Dinheiro,612.49,Caixa 05,Aprovada
SLS-10868,CUST1875,Empório da Cunha Eireli,STR-005,Filial Shopping Rio de Janeiro,RJ,Rio de Janeiro,PROD-ANALYTICS,VendeFácil Analytics,2025-02-09 01:16:22,PIX,686.42,Caixa 03,Aprovada
SLS-10869,CUST140,Atacado da Rocha Ltda,STR-021,Express Salvador,BA,Salvador,PROD-ESTOQUE,VendeFácil Estoque,2025-06-21 19:29:37,Cartão de Débito,1100.3,Caixa 05,Aprovada
SLS-10870,CUST1499,Distribuidora Costa Me,STR-024,Filial Centro Sorocaba,SP,Sorocaba,PROD-PDV,VendeFácil PDV,2025-01-20 06:52:40,Dinheiro,645.31,Caixa 03,Aprovada
SLS-10871,CUST024,Casa do Sá Ltda,STR-014,Filial Shopping Rio Verde,GO,Rio Verde,PROD-LOJA,VendeFácil Loja,2025-03-15 17:43:00,Boleto Bancário,621.47,Caixa 01,Cancelada
SLS-10872,CUST1037,Casa do Sampaio S.A.,STR-007,Express Cascavel,PR,Cascavel,PROD-LOJA,VendeFácil Loja,2025-12-13 09:51:06,Boleto Bancário,518.83,Caixa 04,Cancelada
SLS-10873,CUST140,Atacado da Rocha Ltda,STR-021,Express Salvador,BA,Salvador,PROD-ESTOQUE,VendeFácil Estoque,2025-01-12 20:56:51,Boleto Bancário,1346.95,Caixa 01,Aprovada
SLS-10874,CUST1139,Empório Freitas Me,STR-032,Filial Bairro Juiz de Fora,MG,Juiz de Fora,PROD-LOJA,VendeFácil Loja,2025-12-22 22:05:36,PIX,1022.33,Caixa 03,Cancelada
SLS-10875,CUST1162,Empório Monteiro Eireli,STR-035,Filial Zona Sul Juazeiro do Norte,CE,Juazeiro do Norte,PROD-LOJA,VendeFácil Loja,2025-11-11 18:32:14,Boleto Bancário,1239.44,Caixa 03,Aprovada
SLS-10876,CUST409,Rede da Cruz Eireli,STR-008,Matriz Fortaleza,CE,Fortaleza,PROD-ESTOQUE,VendeFácil Estoque,2026-01-28 11:57:56,Dinheiro,1605.44,Caixa 02,Aprovada
SLS-10877,CUST1139,Empório Freitas Me,STR-032,Filial Bairro Juiz de Fora,MG,Juiz de Fora,PROD-ANALYTICS,VendeFácil Analytics,2025-05-17 07:09:21,PIX,699.26,Caixa 07,Cancelada
SLS-10878,CUST1637,Atacado Mendonça S.A.,STR-036,Matriz Contagem,MG,Contagem,PROD-PDV,VendeFácil PDV,2026-01-23 13:58:18,Cartão de Débito,768.86,Caixa 01,Aprovada
SLS-10879,CUST1887,Mercado Aparecida Ltda,STR-020,Filial Bairro Serra,ES,Serra,PROD-ESTOQUE,VendeFácil Estoque,2025-10-30 18:20:44,Dinheiro,1832.71,Caixa 03,Aprovada
SLS-10880,CUST024,Casa do Sá Ltda,STR-014,Filial Shopping Rio Verde,GO,Rio Verde,PROD-ANALYTICS,VendeFácil Analytics,2025-08-15 23:44:05,Cartão de Débito,923.26,Caixa 01,Estornada
SLS-10881,CUST391,Distribuidora Oliveira Eireli,STR-015,Filial Bairro Anápolis,GO,Anápolis,PROD-ANALYTICS,VendeFácil Analytics,2025-05-26 17:17:25,Boleto Bancário,259.75,Caixa 01,Aprovada
SLS-10882,CUST391,Distribuidora Oliveira Eireli,STR-015,Filial Bairro Anápolis,GO,Anápolis,PROD-PDV,VendeFácil PDV,2025-11-06 00:27:12,Dinheiro,843.1,Caixa 01,Aprovada
SLS-10883,CUST1398,Centro de Andrade Ltda,STR-033,Filial Zona Sul Curitiba,PR,Curitiba,PROD-ANALYTICS,VendeFácil Analytics,2025-01-12 06:46:57,Dinheiro,339.4,Caixa 01,Aprovada
SLS-10884,CUST835,Empório Marques Me,STR-017,Filial Centro Santos,SP,Santos,PROD-ESTOQUE,VendeFácil Estoque,2025-01-21 09:32:16,PIX,1466.26,Caixa 02,Aprovada
SLS-10885,CUST1867,Lojas Teixeira Ltda,STR-006,Matriz Caxias do Sul,RS,Caxias do Sul,PROD-PDV,VendeFácil PDV,2026-01-06 23:45:07,Cartão de Débito,593.11,Caixa 02,Aprovada
SLS-10886,CUST714,Rede Borges Ltda,STR-018,Filial Zona Sul Porto Alegre,RS,Porto Alegre,PROD-LOJA,VendeFácil Loja,2025-02-03 00:42:59,PIX,1175.08,Caixa 01,Estornada
SLS-10887,CUST009,Empório Gourmet Mineiro,STR-038,Express Ouro Preto,MG,Ouro Preto,PROD-LOJA,VendeFácil Loja,2025-02-21 20:34:19,Cartão de Crédito,567.11,Caixa 01,Aprovada
SLS-10888,CUST1637,Atacado Mendonça S.A.,STR-036,Matriz Contagem,MG,Contagem,PROD-PDV,VendeFácil PDV,2025-01-31 22:37:26,Boleto Bancário,735.88,Caixa 03,Aprovada
SLS-10889,CUST1015,Distribuidora Montenegro Me,STR-041,Filial Centro Rio de Janeiro,RJ,Rio de Janeiro,PROD-ESTOQUE,VendeFácil Estoque,2025-03-15 10:05:13,Dinheiro,1908.66,Caixa 01,Cancelada
SLS-10890,CUST1427,Lojas Vieira Comercial,STR-047,Matriz Vitória da Conquista,BA,Vitória da Conquista,PROD-PAY,VendeFácil Pay,2025-09-01 05:29:54,Boleto Bancário,3049.23,Caixa 03,Aprovada
SLS-10891,CUST024,Casa do Sá Ltda,STR-014,Filial Shopping Rio Verde,GO,Rio Verde,PROD-ESTOQUE,VendeFácil Estoque,2025-07-11 02:50:40,Boleto Bancário,1744.55,Caixa 01,Aprovada
SLS-10892,CUST475,Centro de Aragão Ltda,STR-019,Matriz Serra,ES,Serra,PROD-LOJA,VendeFácil Loja,2025-12-22 23:30:31,Cartão de Crédito,581.35,Caixa 01,Aprovada
SLS-10893,CUST1162,Empório Monteiro Eireli,STR-035,Filial Zona Sul Juazeiro do Norte,CE,Juazeiro do Norte,PROD-PAY,VendeFácil Pay,2025-01-27 01:17:25,Cartão de Crédito,1030.33,Caixa 04,Aprovada
SLS-10894,CUST1490,Mundo da da Mota Me,STR-045,Filial Shopping Vila Velha,ES,Vila Velha,PROD-ESTOQUE,VendeFácil Estoque,2025-01-26 17:17:24,PIX,712.47,Caixa 02,Aprovada
SLS-10895,CUST1490,Mundo da da Mota Me,STR-045,Filial Shopping Vila Velha,ES,Vila Velha,PROD-ESTOQUE,VendeFácil Estoque,2025-01-29 05:30:50,PIX,537.38,Caixa 02,Aprovada
SLS-10896,CUST034,Rede Pires Comercial,STR-026,Filial Shopping Caruaru,PE,Caruaru,PROD-ANALYTICS,VendeFácil Analytics,2026-01-05 04:56:05,PIX,649.87,Caixa 01,Aprovada
SLS-10897,CUST1162,Empório Monteiro Eireli,STR-035,Filial Zona Sul Juazeiro do Norte,CE,Juazeiro do Norte,PROD-PDV,VendeFácil PDV,2025-01-06 12:20:28,Boleto Bancário,606.93,Caixa 03,Aprovada
SLS-10898,CUST008,Auto Peças Central,STR-004,Matriz Ribeirão Preto,SP,Ribeirão Preto,PROD-ANALYTICS,VendeFácil Analytics,2025-05-05 04:58:19,Cartão de Débito,918.72,Caixa 010,Aprovada
SLS-10899,CUST001,Supermercado Boa Compra,STR-002,Filial Savassi,MG,Belo Horizonte,PROD-ANALYTICS,VendeFácil Analytics,2025-04-21 22:24:13,Boleto Bancário,312.63,Caixa 01,Estornada
SLS-10900,CUST1629,Mundo da Vieira Comercial,STR-029,Matriz Águas Claras,DF,Águas Claras,PROD-ESTOQUE,VendeFácil Estoque,2025-02-17 03:58:27,Cartão de Crédito,1295.4,Caixa 04,Cancelada
SLS-10901,CUST005,Materiais de Construção Silva,STR-003,Matriz Juiz de Fora,MG,Juiz de Fora,PROD-PAY,VendeFácil Pay,2025-08-30 02:45:05,Boleto Bancário,1596.93,Caixa 02,Aprovada
SLS-10902,CUST001,Supermercado Boa Compra,STR-002,Filial Savassi,MG,Belo Horizonte,PROD-LOJA,VendeFácil Loja,2025-06-11 10:10:12,Boleto Bancário,1269.51,Caixa 04,Aprovada
SLS-10903,CUST065,Centro de da Rocha Ltda,STR-037,Express Rio Verde,GO,Rio Verde,PROD-PAY,VendeFácil Pay,2026-02-18 02:29:25,Boleto Bancário,2606.02,Caixa 04,Aprovada
SLS-10904,CUST1887,Mercado Aparecida Ltda,STR-020,Filial Bairro Serra,ES,Serra,PROD-ANALYTICS,VendeFácil Analytics,2025-01-28 05:16:06,Cartão de Crédito,781.7,Caixa 02,Aprovada
SLS-10905,CUST1903,Comércio de Ferreira Ltda,STR-012,Filial Shopping Caucaia,CE,Caucaia,PROD-ESTOQUE,VendeFácil Estoque,2025-02-17 23:35:27,Boleto Bancário,512.94,Caixa 03,Aprovada
SLS-10906,CUST024,Casa do Sá Ltda,STR-014,Filial Shopping Rio Verde,GO,Rio Verde,PROD-PAY,VendeFácil Pay,2025-05-19 02:59:44,Cartão de Crédito,2963.96,Caixa 01,Cancelada
SLS-10907,CUST714,Rede Borges Ltda,STR-018,Filial Zona Sul Porto Alegre,RS,Porto Alegre,PROD-ANALYTICS,VendeFácil Analytics,2026-02-13 17:16:28,Cartão de Crédito,513.08,Caixa 01,Aprovada
SLS-10908,CUST1611,Comércio de Fogaça S.A.,STR-044,Filial Zona Sul Caucaia,CE,Caucaia,PROD-ANALYTICS,VendeFácil Analytics,2025-11-25 22:46:26,Cartão de Débito,471.06,Caixa 02,Aprovada
SLS-10909,CUST1187,Mercado Almeida S.A.,STR-031,Filial Centro Vila Velha,ES,Vila Velha,PROD-PDV,VendeFácil PDV,2025-11-30 16:57:09,Dinheiro,791.9,Caixa 01,Estornada
SLS-10910,CUST1610,Comércio de da Rocha Ltda,STR-009,Express Jaboatão dos Guararapes,PE,Jaboatão dos Guararapes,PROD-LOJA,VendeFácil Loja,2025-12-21 13:04:26,Dinheiro,989.46,Caixa 01,Aprovada
SLS-10911,CUST005,Materiais de Construção Silva,STR-003,Matriz Juiz de Fora,MG,Juiz de Fora,PROD-PDV,VendeFácil PDV,2025-02-24 20:56:02,PIX,522.62,Caixa 05,Cancelada
SLS-10912,CUST1867,Lojas Teixeira Ltda,STR-006,Matriz Caxias do Sul,RS,Caxias do Sul,PROD-ANALYTICS,VendeFácil Analytics,2025-10-04 14:43:52,Cartão de Débito,762.75,Caixa 04,Aprovada
SLS-10913,CUST1187,Mercado Almeida S.A.,STR-031,Filial Centro Vila Velha,ES,Vila Velha,PROD-ANALYTICS,VendeFácil Analytics,2026-02-10 18:42:11,Boleto Bancário,338.83,Caixa 02,Aprovada
SLS-10914,CUST008,Auto Peças Central,STR-004,Matriz Ribeirão Preto,SP,Ribeirão Preto,PROD-PDV,VendeFácil PDV,2025-09-14 19:08:00,Cartão de Débito,518.46,Caixa 05,Aprovada
SLS-10915,CUST1398,Centro de Andrade Ltda,STR-033,Filial Zona Sul Curitiba,PR,Curitiba,PROD-ESTOQUE,VendeFácil Estoque,2025-08-13 23:56:00,Dinheiro,1944.87,Caixa 03,Aprovada
SLS-10916,CUST065,Centro de da Rocha Ltda,STR-037,Express Rio Verde,GO,Rio Verde,PROD-ANALYTICS,VendeFácil Analytics,2025-05-30 22:33:46,Dinheiro,341.44,Caixa 04,Aprovada
SLS-10917,CUST005,Materiais de Construção Silva,STR-003,Matriz Juiz de Fora,MG,Juiz de Fora,PROD-ANALYTICS,VendeFácil Analytics,2025-10-20 19:15:48,Cartão de Crédito,525.13,Caixa 06,Estornada
SLS-10918,CUST1610,Comércio de da Rocha Ltda,STR-009,Express Jaboatão dos Guararapes,PE,Jaboatão dos Guararapes,PROD-ESTOQUE,VendeFácil Estoque,2026-02-07 11:52:14,Cartão de Crédito,905.12,Caixa 01,Cancelada
SLS-10919,CUST1612,Comércio de Garcia Me,STR-028,Filial Centro Uberaba,MG,Uberaba,PROD-ANALYTICS,VendeFácil Analytics,2025-01-21 18:21:22,Cartão de Crédito,332.09,Caixa 04,Aprovada
SLS-10920,CUST714,Rede Borges Ltda,STR-018,Filial Zona Sul Porto Alegre,RS,Porto Alegre,PROD-ESTOQUE,VendeFácil Estoque,2025-03-17 00:21:15,Cartão de Crédito,588.22,Caixa 01,Aprovada
SLS-10921,CUST1220,Atacado Gonçalves Eireli,STR-048,Matriz Caucaia,CE,Caucaia,PROD-ANALYTICS,VendeFácil Analytics,2025-12-18 05:24:09,PIX,501.5,Caixa 03,Aprovada
SLS-10922,CUST024,Casa do Sá Ltda,STR-014,Filial Shopping Rio Verde,GO,Rio Verde,PROD-ESTOQUE,VendeFácil Estoque,2025-01-02 02:13:10,PIX,517.08,Caixa 01,Aprovada
SLS-10923,CUST475,Centro de Aragão Ltda,STR-019,Matriz Serra,ES,Serra,PROD-ANALYTICS,VendeFácil Analytics,2025-08-21 08:42:41,Dinheiro,327.86,Caixa 01,Aprovada
SLS-10924,CUST1689,Comércio de Ribeiro Comercial,STR-034,Filial Zona Sul Caucaia,CE,Caucaia,PROD-PAY,VendeFácil Pay,2026-01-29 20:41:05,PIX,481.53,Caixa 01,Aprovada
SLS-10925,CUST001,Supermercado Boa Compra,STR-001,Filial Matriz - Centro BH,MG,Belo Horizonte,PROD-PAY,VendeFácil Pay,2025-02-17 13:59:54,Dinheiro,2363.85,Caixa 03,Aprovada
SLS-10926,CUST1610,Comércio de da Rocha Ltda,STR-009,Express Jaboatão dos Guararapes,PE,Jaboatão dos Guararapes,PROD-ANALYTICS,VendeFácil Analytics,2025-04-14 16:37:46,Dinheiro,721.28,Caixa 01,Estornada
SLS-10927,CUST210,Lojas Cunha Eireli,STR-046,Filial Zona Sul Niterói,RJ,Niterói,PROD-PDV,VendeFácil PDV,2025-07-18 00:19:27,Dinheiro,779.38,Caixa 02,Aprovada
SLS-10928,CUST1162,Empório Monteiro Eireli,STR-035,Filial Zona Sul Juazeiro do Norte,CE,Juazeiro do Norte,PROD-PDV,VendeFácil PDV,2025-10-08 15:28:59,Boleto Bancário,889.99,Caixa 04,Aprovada
SLS-10929,CUST005,Materiais de Construção Silva,STR-003,Matriz Juiz de Fora,MG,Juiz de Fora,PROD-PDV,VendeFácil PDV,2025-11-02 21:27:45,Dinheiro,499.76,Caixa 02,Aprovada
SLS-10930,CUST1612,Comércio de Garcia Me,STR-028,Filial Centro Uberaba,MG,Uberaba,PROD-PDV,VendeFácil PDV,2026-01-06 08:53:43,Boleto Bancário,394.54,Caixa 01,Cancelada
SLS-10931,CUST1867,Lojas Teixeira Ltda,STR-006,Matriz Caxias do Sul,RS,Caxias do Sul,PROD-PDV,VendeFácil PDV,2025-12-06 21:59:44,Dinheiro,698.71,Caixa 03,Aprovada
SLS-10932,CUST1398,Centro de Andrade Ltda,STR-033,Filial Zona Sul Curitiba,PR,Curitiba,PROD-PAY,VendeFácil Pay,2026-02-17 11:15:07,Cartão de Crédito,3018.88,Caixa 01,Estornada
SLS-10933,CUST835,Empório Marques Me,STR-017,Filial Centro Santos,SP,Santos,PROD-PDV,VendeFácil PDV,2025-02-05 13:13:01,Cartão de Crédito,524.93,Caixa 02,Aprovada
SLS-10934,CUST1410,Empório Campos Ltda,STR-027,Filial Centro Porto Alegre,RS,Porto Alegre,PROD-PDV,VendeFácil PDV,2025-08-17 11:42:39,Boleto Bancário,859.46,Caixa 03,Cancelada
SLS-10935,CUST835,Empório Marques Me,STR-017,Filial Centro Santos,SP,Santos,PROD-PAY,VendeFácil Pay,2025-12-27 09:57:06,Boleto Bancário,1407.19,Caixa 02,Estornada
SLS-10936,CUST008,Auto Peças Central,STR-004,Matriz Ribeirão Preto,SP,Ribeirão Preto,PROD-PDV,VendeFácil PDV,2025-10-09 05:01:21,Cartão de Débito,825.87,Caixa 01,Aprovada
SLS-10937,CUST210,Lojas Cunha Eireli,STR-046,Filial Zona Sul Niterói,RJ,Niterói,PROD-PAY,VendeFácil Pay,2025-02-16 18:27:32,Cartão de Crédito,2863.54,Caixa 03,Aprovada
SLS-10938,CUST1398,Centro de Andrade Ltda,STR-033,Filial Zona Sul Curitiba,PR,Curitiba,PROD-PAY,VendeFácil Pay,2026-01-28 10:31:17,PIX,564.89,Caixa 02,Aprovada
SLS-10939,CUST005,Materiais de Construção Silva,STR-003,Matriz Juiz de Fora,MG,Juiz de Fora,PROD-LOJA,VendeFácil Loja,2025-09-14 02:32:58,Boleto Bancário,680.91,Caixa 03,Aprovada
SLS-10940,CUST365,Rede Casa Grande Comercial,STR-030,Filial Shopping Aparecida de Goiânia,GO,Aparecida de Goiânia,PROD-LOJA,VendeFácil Loja,2025-11-23 07:00:51,Boleto Bancário,735.85,Caixa 02,Aprovada
SLS-10941,CUST365,Rede Casa Grande Comercial,STR-030,Filial Shopping Aparecida de Goiânia,GO,Aparecida de Goiânia,PROD-PDV,VendeFácil PDV,2025-05-31 03:10:28,Cartão de Crédito,684.67,Caixa 02,Cancelada
SLS-10942,CUST1490,Mundo da da Mota Me,STR-045,Filial Shopping Vila Velha,ES,Vila Velha,PROD-PDV,VendeFácil PDV,2025-10-09 04:13:49,Boleto Bancário,856.66,Caixa 01,Estornada
SLS-10943,CUST140,Atacado da Rocha Ltda,STR-021,Express Salvador,BA,Salvador,PROD-PAY,VendeFácil Pay,2025-01-10 10:26:39,Boleto Bancário,460.98,Caixa 01,Aprovada
SLS-10944,CUST365,Rede Casa Grande Comercial,STR-030,Filial Shopping Aparecida de Goiânia,GO,Aparecida de Goiânia,PROD-ESTOQUE,VendeFácil Estoque,2025-04-23 02:00:58,Cartão de Débito,1125.44,Caixa 01,Aprovada
SLS-10945,CUST1867,Lojas Teixeira Ltda,STR-006,Matriz Caxias do Sul,RS,Caxias do Sul,PROD-PAY,VendeFácil Pay,2025-05-05 19:01:08,Cartão de Crédito,1485.68,Caixa 01,Aprovada
SLS-10946,CUST1427,Lojas Vieira Comercial,STR-047,Matriz Vitória da Conquista,BA,Vitória da Conquista,PROD-ESTOQUE,VendeFácil Estoque,2025-04-13 04:37:46,Dinheiro,1585.16,Caixa 03,Aprovada
SLS-10947,CUST1875,Empório da Cunha Eireli,STR-005,Filial Shopping Rio de Janeiro,RJ,Rio de Janeiro,PROD-PDV,VendeFácil PDV,2025-03-06 01:04:08,Cartão de Débito,861.11,Caixa 03,Aprovada
SLS-10948,CUST001,Supermercado Boa Compra,STR-001,Filial Matriz - Centro BH,MG,Belo Horizonte,PROD-ANALYTICS,VendeFácil Analytics,2025-08-11 11:50:11,Cartão de Crédito,919.0,Caixa 05,Aprovada
SLS-10949,CUST625,Comércio de Macedo Eireli,STR-025,Matriz Chapecó,SC,Chapecó,PROD-PDV,VendeFácil PDV,2025-06-06 23:51:04,Cartão de Crédito,832.67,Caixa 01,Aprovada
SLS-10950,CUST391,Distribuidora Oliveira Eireli,STR-015,Filial Bairro Anápolis,GO,Anápolis,PROD-LOJA,VendeFácil Loja,2025-07-16 00:54:56,PIX,1080.46,Caixa 01,Aprovada
SLS-10951,CUST001,Supermercado Boa Compra,STR-001,Filial Matriz - Centro BH,MG,Belo Horizonte,PROD-ANALYTICS,VendeFácil Analytics,2026-01-04 22:47:20,Cartão de Crédito,924.83,Caixa 05,Aprovada
SLS-10952,CUST108,Lojas Abreu Ltda,STR-010,Matriz São Paulo,SP,São Paulo,PROD-ESTOQUE,VendeFácil Estoque,2025-06-29 20:19:41,Boleto Bancário,613.78,Caixa 02,Cancelada
SLS-10953,CUST1247,Centro de Aparecida Eireli,STR-011,Filial Shopping Brasília,DF,Brasília,PROD-LOJA,VendeFácil Loja,2026-01-23 03:41:51,Cartão de Crédito,1306.92,Caixa 03,Aprovada
SLS-10954,CUST034,Rede Pires Comercial,STR-026,Filial Shopping Caruaru,PE,Caruaru,PROD-PDV,VendeFácil PDV,2025-09-18 14:16:18,Boleto Bancário,729.94,Caixa 01,Aprovada
SLS-10955,CUST1490,Mundo da da Mota Me,STR-045,Filial Shopping Vila Velha,ES,Vila Velha,PROD-ANALYTICS,VendeFácil Analytics,2025-03-20 04:44:02,Cartão de Débito,938.5,Caixa 02,Aprovada
SLS-10956,CUST1162,Empório Monteiro Eireli,STR-035,Filial Zona Sul Juazeiro do Norte,CE,Juazeiro do Norte,PROD-PAY,VendeFácil Pay,2025-05-19 22:42:09,Cartão de Débito,1530.45,Caixa 01,Estornada
SLS-10957,CUST1247,Centro de Aparecida Eireli,STR-011,Filial Shopping Brasília,DF,Brasília,PROD-PDV,VendeFácil PDV,2025-11-24 07:33:42,Cartão de Débito,358.12,Caixa 02,Aprovada
SLS-10958,CUST1398,Centro de Andrade Ltda,STR-033,Filial Zona Sul Curitiba,PR,Curitiba,PROD-PAY,VendeFácil Pay,2025-10-17 17:35:56,Cartão de Débito,3021.19,Caixa 01,Aprovada
SLS-10959,CUST140,Atacado da Rocha Ltda,STR-021,Express Salvador,BA,Salvador,PROD-LOJA,VendeFácil Loja,2026-02-20 07:37:36,Cartão de Débito,449.55,Caixa 012,Aprovada
SLS-10960,CUST1220,Atacado Gonçalves Eireli,STR-048,Matriz Caucaia,CE,Caucaia,PROD-ANALYTICS,VendeFácil Analytics,2025-10-08 05:32:50,PIX,355.57,Caixa 03,Estornada
SLS-10961,CUST1612,Comércio de Garcia Me,STR-028,Filial Centro Uberaba,MG,Uberaba,PROD-LOJA,VendeFácil Loja,2025-11-06 12:58:18,Cartão de Crédito,786.18,Caixa 02,Aprovada
SLS-10962,CUST034,Rede Pires Comercial,STR-026,Filial Shopping Caruaru,PE,Caruaru,PROD-LOJA,VendeFácil Loja,2026-02-15 10:18:20,PIX,1240.72,Caixa 01,Estornada
SLS-10963,CUST210,Lojas Cunha Eireli,STR-046,Filial Zona Sul Niterói,RJ,Niterói,PROD-ANALYTICS,VendeFácil Analytics,2026-02-01 07:07:13,Dinheiro,635.3,Caixa 03,Aprovada
SLS-10964,CUST365,Rede Casa Grande Comercial,STR-030,Filial Shopping Aparecida de Goiânia,GO,Aparecida de Goiânia,PROD-PDV,VendeFácil PDV,2025-12-09 15:37:14,Cartão de Crédito,515.63,Caixa 03,Estornada
SLS-10965,CUST009,Empório Gourmet Mineiro,STR-038,Express Ouro Preto,MG,Ouro Preto,PROD-LOJA,VendeFácil Loja,2025-09-14 18:18:08,Cartão de Crédito,1193.66,Caixa 01,Cancelada
SLS-10966,CUST1410,Empório Campos Ltda,STR-027,Filial Centro Porto Alegre,RS,Porto Alegre,PROD-PDV,VendeFácil PDV,2025-07-27 14:45:04,Cartão de Débito,817.73,Caixa 01,Aprovada
SLS-10967,CUST1037,Casa do Sampaio S.A.,STR-007,Express Cascavel,PR,Cascavel,PROD-PDV,VendeFácil PDV,2025-01-23 06:37:01,PIX,436.94,Caixa 06,Aprovada
SLS-10968,CUST102,Rede Cardoso Me,STR-013,Filial Centro Uberlândia,MG,Uberlândia,PROD-LOJA,VendeFácil Loja,2025-02-12 06:47:23,Cartão de Crédito,1348.14,Caixa 01,Estornada
SLS-10969,CUST034,Rede Pires Comercial,STR-026,Filial Shopping Caruaru,PE,Caruaru,PROD-LOJA,VendeFácil Loja,2025-11-09 19:13:11,Boleto Bancário,394.65,Caixa 01,Aprovada
SLS-10970,CUST108,Lojas Abreu Ltda,STR-010,Matriz São Paulo,SP,São Paulo,PROD-PAY,VendeFácil Pay,2025-07-17 01:55:29,PIX,723.85,Caixa 01,Estornada
SLS-10971,CUST102,Rede Cardoso Me,STR-013,Filial Centro Uberlândia,MG,Uberlândia,PROD-PAY,VendeFácil Pay,2025-08-17 20:03:09,Dinheiro,1976.23,Caixa 01,Aprovada
SLS-10972,CUST1867,Lojas Teixeira Ltda,STR-006,Matriz Caxias do Sul,RS,Caxias do Sul,PROD-LOJA,VendeFácil Loja,2025-01-17 00:28:50,Cartão de Crédito,720.57,Caixa 04,Aprovada
SLS-10973,CUST1271,Mundo da da Cruz Ltda,STR-016,Filial Zona Sul Olinda,PE,Olinda,PROD-ANALYTICS,VendeFácil Analytics,2026-01-18 03:36:03,Dinheiro,825.84,Caixa 04,Aprovada
SLS-10974,CUST401,Comércio de Costela Eireli,STR-050,Express Contagem,MG,Contagem,PROD-PDV,VendeFácil PDV,2025-11-19 14:07:29,Cartão de Crédito,760.7,Caixa 02,Estornada
SLS-10975,CUST210,Lojas Cunha Eireli,STR-046,Filial Zona Sul Niterói,RJ,Niterói,PROD-PDV,VendeFácil PDV,2026-01-05 18:28:16,Cartão de Débito,403.2,Caixa 03,Aprovada
SLS-10976,CUST1015,Distribuidora Montenegro Me,STR-041,Filial Centro Rio de Janeiro,RJ,Rio de Janeiro,PROD-PAY,VendeFácil Pay,2025-06-18 13:16:36,PIX,1993.49,Caixa 02,Aprovada
SLS-10977,CUST1629,Mundo da Vieira Comercial,STR-029,Matriz Águas Claras,DF,Águas Claras,PROD-ESTOQUE,VendeFácil Estoque,2025-06-22 19:18:02,Cartão de Crédito,1542.19,Caixa 01,Aprovada
SLS-10978,CUST1247,Centro de Aparecida Eireli,STR-011,Filial Shopping Brasília,DF,Brasília,PROD-PAY,VendeFácil Pay,2025-12-13 16:09:08,Dinheiro,2339.14,Caixa 02,Aprovada
SLS-10979,CUST401,Comércio de Costela Eireli,STR-050,Express Contagem,MG,Contagem,PROD-PAY,VendeFácil Pay,2026-01-25 02:02:51,Cartão de Crédito,1514.49,Caixa 02,Aprovada
SLS-10980,CUST1612,Comércio de Garcia Me,STR-028,Filial Centro Uberaba,MG,Uberaba,PROD-PAY,VendeFácil Pay,2025-12-20 18:38:26,PIX,2442.01,Caixa 04,Aprovada
SLS-10981,CUST1610,Comércio de da Rocha Ltda,STR-009,Express Jaboatão dos Guararapes,PE,Jaboatão dos Guararapes,PROD-ESTOQUE,VendeFácil Estoque,2025-12-13 21:41:22,Dinheiro,1434.28,Caixa 01,Aprovada
SLS-10982,CUST1187,Mercado Almeida S.A.,STR-031,Filial Centro Vila Velha,ES,Vila Velha,PROD-PDV,VendeFácil PDV,2025-10-02 07:12:27,Boleto Bancário,532.98,Caixa 01,Aprovada
SLS-10983,CUST1629,Mundo da Vieira Comercial,STR-029,Matriz Águas Claras,DF,Águas Claras,PROD-ANALYTICS,VendeFácil Analytics,2025-10-14 03:51:39,PIX,377.44,Caixa 03,Cancelada
SLS-10984,CUST001,Supermercado Boa Compra,STR-001,Filial Matriz - Centro BH,MG,Belo Horizonte,PROD-PAY,VendeFácil Pay,2025-07-07 12:48:43,Boleto Bancário,2704.05,Caixa 01,Aprovada
SLS-10985,CUST1247,Centro de Aparecida Eireli,STR-011,Filial Shopping Brasília,DF,Brasília,PROD-LOJA,VendeFácil Loja,2025-12-09 10:40:25,Cartão de Crédito,1276.23,Caixa 01,Aprovada
SLS-10986,CUST034,Rede Pires Comercial,STR-026,Filial Shopping Caruaru,PE,Caruaru,PROD-ESTOQUE,VendeFácil Estoque,2025-03-25 04:25:30,Boleto Bancário,1361.77,Caixa 01,Cancelada
SLS-10987,CUST224,Empório Moraes Ltda,STR-043,Filial Bairro Rio Verde,GO,Rio Verde,PROD-ANALYTICS,VendeFácil Analytics,2025-10-10 12:49:51,Boleto Bancário,431.71,Caixa 06,Aprovada
SLS-10988,CUST001,Supermercado Boa Compra,STR-002,Filial Savassi,MG,Belo Horizonte,PROD-ANALYTICS,VendeFácil Analytics,2025-12-16 12:58:48,PIX,555.85,Caixa 01,Aprovada
SLS-10989,CUST065,Centro de da Rocha Ltda,STR-037,Express Rio Verde,GO,Rio Verde,PROD-LOJA,VendeFácil Loja,2025-12-23 05:10:17,PIX,747.26,Caixa 06,Aprovada
SLS-10990,CUST1410,Empório Campos Ltda,STR-027,Filial Centro Porto Alegre,RS,Porto Alegre,PROD-LOJA,VendeFácil Loja,2025-03-16 14:08:27,PIX,394.9,Caixa 01,Aprovada
SLS-10991,CUST102,Rede Cardoso Me,STR-013,Filial Centro Uberlândia,MG,Uberlândia,PROD-PDV,VendeFácil PDV,2025-11-29 19:01:48,Cartão de Débito,832.11,Caixa 01,Aprovada
SLS-10992,CUST024,Casa do Sá Ltda,STR-014,Filial Shopping Rio Verde,GO,Rio Verde,PROD-PDV,VendeFácil PDV,2025-11-14 19:35:42,Cartão de Crédito,662.06,Caixa 01,Cancelada
SLS-10993,CUST475,Centro de Aragão Ltda,STR-019,Matriz Serra,ES,Serra,PROD-PDV,VendeFácil PDV,2025-04-23 00:51:31,PIX,512.77,Caixa 01,Estornada
SLS-10994,CUST1612,Comércio de Garcia Me,STR-028,Filial Centro Uberaba,MG,Uberaba,PROD-PDV,VendeFácil PDV,2025-01-08 11:31:10,Cartão de Crédito,375.3,Caixa 01,Aprovada
SLS-10995,CUST1875,Empório da Cunha Eireli,STR-005,Filial Shopping Rio de Janeiro,RJ,Rio de Janeiro,PROD-ANALYTICS,VendeFácil Analytics,2026-01-04 13:16:45,Dinheiro,942.41,Caixa 03,Aprovada
SLS-10996,CUST034,Rede Pires Comercial,STR-026,Filial Shopping Caruaru,PE,Caruaru,PROD-ESTOQUE,VendeFácil Estoque,2025-04-29 22:22:19,Cartão de Débito,836.68,Caixa 01,Aprovada
SLS-10997,CUST001,Supermercado Boa Compra,STR-001,Filial Matriz - Centro BH,MG,Belo Horizonte,PROD-PDV,VendeFácil PDV,2025-03-02 10:03:13,Boleto Bancário,577.13,Caixa 03,Aprovada
SLS-10998,CUST1398,Centro de Andrade Ltda,STR-033,Filial Zona Sul Curitiba,PR,Curitiba,PROD-PAY,VendeFácil Pay,2026-02-08 15:27:18,PIX,1073.77,Caixa 01,Cancelada
SLS-10999,CUST552,Distribuidora Cavalcante Eireli,STR-022,Filial Bairro Jaboatão dos Guararapes,PE,Jaboatão dos Guararapes,PROD-PDV,VendeFácil PDV,2025-03-12 19:52:46,PIX,839.15,Caixa 02,Aprovada
SLS-11000,CUST1037,Casa do Sampaio S.A.,STR-007,Express Cascavel,PR,Cascavel,PROD-ESTOQUE,VendeFácil Estoque,2025-10-31 13:32:53,Dinheiro,1231.65,Caixa 02,Aprovada
SLS-11001,CUST1499,Distribuidora Costa Me,STR-024,Filial Centro Sorocaba,SP,Sorocaba,PROD-ESTOQUE,VendeFácil Estoque,2025-07-12 23:16:59,PIX,1626.02,Caixa 08,Aprovada
SLS-11002,CUST391,Distribuidora Oliveira Eireli,STR-015,Filial Bairro Anápolis,GO,Anápolis,PROD-ANALYTICS,VendeFácil Analytics,2025-01-10 05:35:20,Cartão de Débito,800.74,Caixa 01,Estornada
SLS-11003,CUST1499,Distribuidora Costa Me,STR-024,Filial Centro Sorocaba,SP,Sorocaba,PROD-LOJA,VendeFácil Loja,2025-08-05 16:50:30,Boleto Bancário,546.89,Caixa 06,Aprovada
SLS-11004,CUST1629,Mundo da Vieira Comercial,STR-029,Matriz Águas Claras,DF,Águas Claras,PROD-PDV,VendeFácil PDV,2025-08-24 07:24:42,PIX,796.53,Caixa 04,Aprovada
SLS-11005,CUST1499,Distribuidora Costa Me,STR-024,Filial Centro Sorocaba,SP,Sorocaba,PROD-LOJA,VendeFácil Loja,2026-01-22 23:45:03,Boleto Bancário,980.03,Caixa 04,Aprovada
SLS-11006,CUST224,Empório Moraes Ltda,STR-043,Filial Bairro Rio Verde,GO,Rio Verde,PROD-PDV,VendeFácil PDV,2025-04-21 03:33:26,Boleto Bancário,521.75,Caixa 02,Cancelada
SLS-11007,CUST001,Supermercado Boa Compra,STR-002,Filial Savassi,MG,Belo Horizonte,PROD-ESTOQUE,VendeFácil Estoque,2025-08-15 10:47:43,PIX,1742.4,Caixa 05,Aprovada
SLS-11008,CUST210,Lojas Cunha Eireli,STR-046,Filial Zona Sul Niterói,RJ,Niterói,PROD-ESTOQUE,VendeFácil Estoque,2025-07-16 01:48:48,Cartão de Crédito,1328.31,Caixa 02,Aprovada
SLS-11009,CUST401,Comércio de Costela Eireli,STR-050,Express Contagem,MG,Contagem,PROD-ANALYTICS,VendeFácil Analytics,2025-12-17 19:13:36,Boleto Bancário,936.89,Caixa 02,Aprovada
SLS-11010,CUST1637,Atacado Mendonça S.A.,STR-036,Matriz Contagem,MG,Contagem,PROD-LOJA,VendeFácil Loja,2025-01-24 16:20:11,Boleto Bancário,865.76,Caixa 02,Aprovada
SLS-11011,CUST1629,Mundo da Vieira Comercial,STR-029,Matriz Águas Claras,DF,Águas Claras,PROD-ANALYTICS,VendeFácil Analytics,2025-12-16 07:31:55,Cartão de Crédito,584.76,Caixa 01,Estornada
SLS-11012,CUST024,Casa do Sá Ltda,STR-014,Filial Shopping Rio Verde,GO,Rio Verde,PROD-LOJA,VendeFácil Loja,2025-04-17 19:58:11,Boleto Bancário,918.24,Caixa 01,Aprovada
SLS-11013,CUST717,Rede da Mota S.A.,STR-039,Filial Shopping Cariacica,ES,Cariacica,PROD-ESTOQUE,VendeFácil Estoque,2025-09-28 15:42:03,Dinheiro,1735.48,Caixa 01,Aprovada
SLS-11014,CUST224,Empório Moraes Ltda,STR-043,Filial Bairro Rio Verde,GO,Rio Verde,PROD-PDV,VendeFácil PDV,2026-02-13 09:35:04,Dinheiro,846.0,Caixa 05,Aprovada
SLS-11015,CUST009,Empório Gourmet Mineiro,STR-038,Express Ouro Preto,MG,Ouro Preto,PROD-ESTOQUE,VendeFácil Estoque,2025-04-01 02:05:41,Cartão de Débito,1652.46,Caixa 01,Aprovada
SLS-11016,CUST001,Supermercado Boa Compra,STR-001,Filial Matriz - Centro BH,MG,Belo Horizonte,PROD-PDV,VendeFácil PDV,2025-12-18 19:06:30,Dinheiro,766.88,Caixa 08,Aprovada
SLS-11017,CUST065,Centro de da Rocha Ltda,STR-037,Express Rio Verde,GO,Rio Verde,PROD-PDV,VendeFácil PDV,2025-06-17 21:42:22,Boleto Bancário,581.69,Caixa 03,Aprovada
SLS-11018,CUST140,Atacado da Rocha Ltda,STR-021,Express Salvador,BA,Salvador,PROD-LOJA,VendeFácil Loja,2025-07-30 16:23:32,PIX,1207.79,Caixa 09,Cancelada
SLS-11019,CUST365,Rede Casa Grande Comercial,STR-030,Filial Shopping Aparecida de Goiânia,GO,Aparecida de Goiânia,PROD-LOJA,VendeFácil Loja,2025-06-26 09:16:22,Cartão de Crédito,874.33,Caixa 01,Cancelada
SLS-11020,CUST210,Lojas Cunha Eireli,STR-046,Filial Zona Sul Niterói,RJ,Niterói,PROD-PDV,VendeFácil PDV,2025-05-04 19:11:10,Cartão de Débito,429.47,Caixa 01,Aprovada
SLS-11021,CUST024,Casa do Sá Ltda,STR-014,Filial Shopping Rio Verde,GO,Rio Verde,PROD-ANALYTICS,VendeFácil Analytics,2026-01-19 04:44:30,Boleto Bancário,760.05,Caixa 01,Aprovada
SLS-11022,CUST210,Lojas Cunha Eireli,STR-046,Filial Zona Sul Niterói,RJ,Niterói,PROD-ESTOQUE,VendeFácil Estoque,2025-11-26 05:21:37,Boleto Bancário,643.9,Caixa 01,Aprovada
SLS-11023,CUST1499,Distribuidora Costa Me,STR-024,Filial Centro Sorocaba,SP,Sorocaba,PROD-ANALYTICS,VendeFácil Analytics,2025-08-07 22:05:27,PIX,928.1,Caixa 02,Aprovada
SLS-11024,CUST1247,Centro de Aparecida Eireli,STR-011,Filial Shopping Brasília,DF,Brasília,PROD-LOJA,VendeFácil Loja,2025-03-22 22:27:23,Dinheiro,802.86,Caixa 02,Aprovada
SLS-11025,CUST1637,Atacado Mendonça S.A.,STR-036,Matriz Contagem,MG,Contagem,PROD-PAY,VendeFácil Pay,2025-10-11 08:28:19,PIX,1236.89,Caixa 01,Aprovada
SLS-11026,CUST009,Empório Gourmet Mineiro,STR-038,Express Ouro Preto,MG,Ouro Preto,PROD-ESTOQUE,VendeFácil Estoque,2025-10-27 06:31:24,Cartão de Crédito,534.09,Caixa 01,Estornada
SLS-11027,CUST1410,Empório Campos Ltda,STR-027,Filial Centro Porto Alegre,RS,Porto Alegre,PROD-PAY,VendeFácil Pay,2026-02-11 20:00:36,PIX,405.05,Caixa 02,Aprovada
SLS-11028,CUST1611,Comércio de Fogaça S.A.,STR-044,Filial Zona Sul Caucaia,CE,Caucaia,PROD-LOJA,VendeFácil Loja,2025-09-11 02:49:09,PIX,858.76,Caixa 01,Aprovada
SLS-11029,CUST1629,Mundo da Vieira Comercial,STR-029,Matriz Águas Claras,DF,Águas Claras,PROD-PDV,VendeFácil PDV,2025-04-21 02:55:36,Boleto Bancário,848.88,Caixa 04,Aprovada
SLS-11030,CUST552,Distribuidora Cavalcante Eireli,STR-022,Filial Bairro Jaboatão dos Guararapes,PE,Jaboatão dos Guararapes,PROD-PDV,VendeFácil PDV,2025-01-17 10:36:08,Dinheiro,457.07,Caixa 01,Aprovada
SLS-11031,CUST365,Rede Casa Grande Comercial,STR-030,Filial Shopping Aparecida de Goiânia,GO,Aparecida de Goiânia,PROD-LOJA,VendeFácil Loja,2025-05-24 13:42:59,Dinheiro,638.5,Caixa 01,Aprovada
SLS-11032,CUST1247,Centro de Aparecida Eireli,STR-011,Filial Shopping Brasília,DF,Brasília,PROD-LOJA,VendeFácil Loja,2026-02-05 16:09:03,Boleto Bancário,1476.57,Caixa 03,Aprovada
SLS-11033,CUST1162,Empório Monteiro Eireli,STR-035,Filial Zona Sul Juazeiro do Norte,CE,Juazeiro do Norte,PROD-PAY,VendeFácil Pay,2025-01-17 14:28:47,Cartão de Débito,895.13,Caixa 02,Aprovada
SLS-11034,CUST934,Lojas Campos Ltda,STR-040,Express Brasília,DF,Brasília,PROD-PAY,VendeFácil Pay,2025-10-09 11:50:04,PIX,2202.66,Caixa 01,Estornada
SLS-11035,CUST717,Rede da Mota S.A.,STR-039,Filial Shopping Cariacica,ES,Cariacica,PROD-ESTOQUE,VendeFácil Estoque,2025-08-25 05:45:09,Boleto Bancário,758.47,Caixa 01,Aprovada
SLS-11036,CUST065,Centro de da Rocha Ltda,STR-037,Express Rio Verde,GO,Rio Verde,PROD-ANALYTICS,VendeFácil Analytics,2025-04-24 12:40:21,PIX,458.93,Caixa 05,Aprovada
SLS-11037,CUST008,Auto Peças Central,STR-004,Matriz Ribeirão Preto,SP,Ribeirão Preto,PROD-ANALYTICS,VendeFácil Analytics,2026-01-03 15:17:01,Boleto Bancário,526.59,Caixa 06,Aprovada
SLS-11038,CUST365,Rede Casa Grande Comercial,STR-030,Filial Shopping Aparecida de Goiânia,GO,Aparecida de Goiânia,PROD-ESTOQUE,VendeFácil Estoque,2025-10-11 23:27:58,Cartão de Débito,1020.29,Caixa 02,Cancelada
SLS-11039,CUST1139,Empório Freitas Me,STR-032,Filial Bairro Juiz de Fora,MG,Juiz de Fora,PROD-PAY,VendeFácil Pay,2026-01-19 22:48:49,Dinheiro,1233.43,Caixa 08,Estornada
SLS-11040,CUST001,Supermercado Boa Compra,STR-001,Filial Matriz - Centro BH,MG,Belo Horizonte,PROD-PAY,VendeFácil Pay,2025-08-11 10:58:18,PIX,1367.71,Caixa 08,Aprovada
SLS-11041,CUST556,Lojas Cunha S.A.,STR-049,Filial Bairro Santa Maria,RS,Santa Maria,PROD-PDV,VendeFácil PDV,2025-03-28 01:37:25,Dinheiro,355.52,Caixa 03,Aprovada
SLS-11042,CUST065,Centro de da Rocha Ltda,STR-037,Express Rio Verde,GO,Rio Verde,PROD-ESTOQUE,VendeFácil Estoque,2025-11-01 01:41:29,Cartão de Crédito,767.39,Caixa 01,Aprovada
SLS-11043,CUST401,Comércio de Costela Eireli,STR-050,Express Contagem,MG,Contagem,PROD-LOJA,VendeFácil Loja,2025-05-02 22:33:44,PIX,700.24,Caixa 01,Cancelada
SLS-11044,CUST391,Distribuidora Oliveira Eireli,STR-015,Filial Bairro Anápolis,GO,Anápolis,PROD-ESTOQUE,VendeFácil Estoque,2025-06-28 07:00:21,Cartão de Crédito,797.37,Caixa 01,Aprovada
SLS-11045,CUST1271,Mundo da da Cruz Ltda,STR-016,Filial Zona Sul Olinda,PE,Olinda,PROD-PDV,VendeFácil PDV,2025-01-21 05:36:20,Cartão de Débito,839.17,Caixa 03,Aprovada
SLS-11046,CUST008,Auto Peças Central,STR-004,Matriz Ribeirão Preto,SP,Ribeirão Preto,PROD-PAY,VendeFácil Pay,2026-01-09 08:14:14,Cartão de Débito,965.37,Caixa 01,Aprovada
SLS-11047,CUST034,Rede Pires Comercial,STR-026,Filial Shopping Caruaru,PE,Caruaru,PROD-PAY,VendeFácil Pay,2025-10-11 20:23:54,Cartão de Débito,2191.52,Caixa 01,Cancelada
SLS-11048,CUST102,Rede Cardoso Me,STR-013,Filial Centro Uberlândia,MG,Uberlândia,PROD-ESTOQUE,VendeFácil Estoque,2025-04-09 05:54:20,Cartão de Débito,1756.2,Caixa 01,Aprovada
SLS-11049,CUST009,Empório Gourmet Mineiro,STR-038,Express Ouro Preto,MG,Ouro Preto,PROD-ESTOQUE,VendeFácil Estoque,2025-01-04 19:33:58,PIX,1006.76,Caixa 01,Aprovada
SLS-11050,CUST1610,Comércio de da Rocha Ltda,STR-009,Express Jaboatão dos Guararapes,PE,Jaboatão dos Guararapes,PROD-LOJA,VendeFácil Loja,2026-01-21 09:50:18,PIX,569.48,Caixa 01,Aprovada
SLS-11051,CUST401,Comércio de Costela Eireli,STR-050,Express Contagem,MG,Contagem,PROD-PAY,VendeFácil Pay,2025-07-21 11:23:52,Dinheiro,1911.41,Caixa 01,Aprovada
SLS-11052,CUST409,Rede da Cruz Eireli,STR-008,Matriz Fortaleza,CE,Fortaleza,PROD-ESTOQUE,VendeFácil Estoque,2025-09-12 14:37:03,Cartão de Crédito,602.13,Caixa 02,Aprovada
SLS-11053,CUST009,Empório Gourmet Mineiro,STR-038,Express Ouro Preto,MG,Ouro Preto,PROD-LOJA,VendeFácil Loja,2025-03-23 02:23:13,PIX,816.16,Caixa 01,Estornada
SLS-11054,CUST1867,Lojas Teixeira Ltda,STR-006,Matriz Caxias do Sul,RS,Caxias do Sul,PROD-ESTOQUE,VendeFácil Estoque,2025-08-18 12:26:53,Dinheiro,1959.12,Caixa 01,Cancelada
SLS-11055,CUST1610,Comércio de da Rocha Ltda,STR-009,Express Jaboatão dos Guararapes,PE,Jaboatão dos Guararapes,PROD-ANALYTICS,VendeFácil Analytics,2025-08-17 02:46:03,Cartão de Crédito,319.91,Caixa 01,Aprovada
SLS-11056,CUST1427,Lojas Vieira Comercial,STR-047,Matriz Vitória da Conquista,BA,Vitória da Conquista,PROD-ESTOQUE,VendeFácil Estoque,2025-08-05 09:58:42,Boleto Bancário,964.57,Caixa 03,Cancelada
SLS-11057,CUST1015,Distribuidora Montenegro Me,STR-041,Filial Centro Rio de Janeiro,RJ,Rio de Janeiro,PROD-ANALYTICS,VendeFácil Analytics,2025-05-09 13:56:53,PIX,878.11,Caixa 03,Estornada
SLS-11058,CUST001,Supermercado Boa Compra,STR-002,Filial Savassi,MG,Belo Horizonte,PROD-PAY,VendeFácil Pay,2025-08-06 04:23:09,Boleto Bancário,2529.78,Caixa 02,Aprovada
SLS-11059,CUST001,Supermercado Boa Compra,STR-001,Filial Matriz - Centro BH,MG,Belo Horizonte,PROD-PAY,VendeFácil Pay,2025-03-23 19:24:27,Cartão de Débito,1059.91,Caixa 03,Aprovada
SLS-11060,CUST008,Auto Peças Central,STR-004,Matriz Ribeirão Preto,SP,Ribeirão Preto,PROD-ESTOQUE,VendeFácil Estoque,2025-12-28 03:51:19,PIX,1017.21,Caixa 04,Aprovada
SLS-11061,CUST833,Lojas Azevedo Comercial,STR-023,Filial Centro Taguatinga,DF,Taguatinga,PROD-LOJA,VendeFácil Loja,2025-02-18 09:51:48,Cartão de Crédito,1188.97,Caixa 03,Aprovada
SLS-11062,CUST009,Empório Gourmet Mineiro,STR-038,Express Ouro Preto,MG,Ouro Preto,PROD-PDV,VendeFácil PDV,2025-06-03 08:39:24,PIX,629.41,Caixa 01,Aprovada
SLS-11063,CUST009,Empório Gourmet Mineiro,STR-038,Express Ouro Preto,MG,Ouro Preto,PROD-ESTOQUE,VendeFácil Estoque,2025-05-14 16:58:17,Dinheiro,1941.0,Caixa 01,Estornada
SLS-11064,CUST1220,Atacado Gonçalves Eireli,STR-048,Matriz Caucaia,CE,Caucaia,PROD-ESTOQUE,VendeFácil Estoque,2025-03-20 03:24:05,Dinheiro,1302.43,Caixa 06,Aprovada
SLS-11065,CUST1015,Distribuidora Montenegro Me,STR-041,Filial Centro Rio de Janeiro,RJ,Rio de Janeiro,PROD-LOJA,VendeFácil Loja,2025-12-25 19:38:59,PIX,1045.68,Caixa 01,Aprovada
SLS-11066,CUST401,Comércio de Costela Eireli,STR-050,Express Contagem,MG,Contagem,PROD-ANALYTICS,VendeFácil Analytics,2025-09-10 01:30:32,Boleto Bancário,594.9,Caixa 02,Cancelada
SLS-11067,CUST102,Rede Cardoso Me,STR-013,Filial Centro Uberlândia,MG,Uberlândia,PROD-ESTOQUE,VendeFácil Estoque,2025-05-01 06:11:42,Dinheiro,1368.46,Caixa 01,Aprovada
SLS-11068,CUST1037,Casa do Sampaio S.A.,STR-007,Express Cascavel,PR,Cascavel,PROD-PAY,VendeFácil Pay,2025-01-30 06:02:28,Cartão de Débito,1512.46,Caixa 05,Aprovada
SLS-11069,CUST714,Rede Borges Ltda,STR-018,Filial Zona Sul Porto Alegre,RS,Porto Alegre,PROD-PAY,VendeFácil Pay,2025-06-20 23:10:32,Dinheiro,2461.12,Caixa 01,Estornada
SLS-11070,CUST1689,Comércio de Ribeiro Comercial,STR-034,Filial Zona Sul Caucaia,CE,Caucaia,PROD-ESTOQUE,VendeFácil Estoque,2026-01-14 19:42:53,Cartão de Crédito,1939.26,Caixa 02,Estornada
SLS-11071,CUST1612,Comércio de Garcia Me,STR-028,Filial Centro Uberaba,MG,Uberaba,PROD-ANALYTICS,VendeFácil Analytics,2025-03-11 14:43:42,Cartão de Crédito,262.59,Caixa 03,Aprovada
SLS-11072,CUST1187,Mercado Almeida S.A.,STR-031,Filial Centro Vila Velha,ES,Vila Velha,PROD-PAY,VendeFácil Pay,2026-02-03 06:07:37,Cartão de Débito,1029.33,Caixa 01,Estornada
SLS-11073,CUST140,Atacado da Rocha Ltda,STR-021,Express Salvador,BA,Salvador,PROD-LOJA,VendeFácil Loja,2025-02-11 21:19:16,Boleto Bancário,577.34,Caixa 03,Aprovada
SLS-11074,CUST1903,Comércio de Ferreira Ltda,STR-012,Filial Shopping Caucaia,CE,Caucaia,PROD-LOJA,VendeFácil Loja,2025-01-05 03:52:11,Dinheiro,593.52,Caixa 04,Aprovada
SLS-11075,CUST556,Lojas Cunha S.A.,STR-049,Filial Bairro Santa Maria,RS,Santa Maria,PROD-LOJA,VendeFácil Loja,2025-08-17 06:15:57,Dinheiro,846.42,Caixa 03,Aprovada
SLS-11076,CUST1903,Comércio de Ferreira Ltda,STR-012,Filial Shopping Caucaia,CE,Caucaia,PROD-PDV,VendeFácil PDV,2025-02-16 06:10:20,Cartão de Crédito,482.67,Caixa 03,Aprovada
SLS-11077,CUST475,Centro de Aragão Ltda,STR-019,Matriz Serra,ES,Serra,PROD-PAY,VendeFácil Pay,2025-03-31 21:37:39,PIX,2468.42,Caixa 01,Aprovada
SLS-11078,CUST1247,Centro de Aparecida Eireli,STR-011,Filial Shopping Brasília,DF,Brasília,PROD-ANALYTICS,VendeFácil Analytics,2025-01-21 04:53:33,Boleto Bancário,528.95,Caixa 02,Aprovada
SLS-11079,CUST008,Auto Peças Central,STR-004,Matriz Ribeirão Preto,SP,Ribeirão Preto,PROD-PAY,VendeFácil Pay,2025-07-04 15:40:01,Cartão de Crédito,671.63,Caixa 08,Aprovada
SLS-11080,CUST1907,Mundo da Pimenta Comercial,STR-042,Filial Shopping Niterói,RJ,Niterói,PROD-PDV,VendeFácil PDV,2026-01-03 08:25:56,Dinheiro,390.43,Caixa 01,Cancelada
SLS-11081,CUST391,Distribuidora Oliveira Eireli,STR-015,Filial Bairro Anápolis,GO,Anápolis,PROD-LOJA,VendeFácil Loja,2026-01-26 07:18:38,Dinheiro,1077.3,Caixa 01,Aprovada
SLS-11082,CUST1887,Mercado Aparecida Ltda,STR-020,Filial Bairro Serra,ES,Serra,PROD-ANALYTICS,VendeFácil Analytics,2025-02-17 03:09:42,Dinheiro,405.53,Caixa 01,Estornada
SLS-11083,CUST005,Materiais de Construção Silva,STR-003,Matriz Juiz de Fora,MG,Juiz de Fora,PROD-PDV,VendeFácil PDV,2025-09-28 05:13:37,Boleto Bancário,612.36,Caixa 01,Aprovada
SLS-11084,CUST034,Rede Pires Comercial,STR-026,Filial Shopping Caruaru,PE,Caruaru,PROD-ANALYTICS,VendeFácil Analytics,2025-02-26 15:13:06,PIX,581.8,Caixa 01,Aprovada
SLS-11085,CUST034,Rede Pires Comercial,STR-026,Filial Shopping Caruaru,PE,Caruaru,PROD-ESTOQUE,VendeFácil Estoque,2025-12-29 19:08:27,Cartão de Débito,505.38,Caixa 01,Aprovada
SLS-11086,CUST365,Rede Casa Grande Comercial,STR-030,Filial Shopping Aparecida de Goiânia,GO,Aparecida de Goiânia,PROD-ESTOQUE,VendeFácil Estoque,2025-05-19 15:25:29,PIX,1152.59,Caixa 04,Estornada
SLS-11087,CUST108,Lojas Abreu Ltda,STR-010,Matriz São Paulo,SP,São Paulo,PROD-ESTOQUE,VendeFácil Estoque,2025-12-11 04:03:11,Cartão de Crédito,1954.73,Caixa 01,Aprovada
SLS-11088,CUST409,Rede da Cruz Eireli,STR-008,Matriz Fortaleza,CE,Fortaleza,PROD-PAY,VendeFácil Pay,2025-05-13 10:18:28,PIX,2995.69,Caixa 02,Aprovada
SLS-11089,CUST102,Rede Cardoso Me,STR-013,Filial Centro Uberlândia,MG,Uberlândia,PROD-PDV,VendeFácil PDV,2025-07-19 12:42:19,Cartão de Débito,835.96,Caixa 01,Aprovada
SLS-11090,CUST1220,Atacado Gonçalves Eireli,STR-048,Matriz Caucaia,CE,Caucaia,PROD-ANALYTICS,VendeFácil Analytics,2025-04-02 16:53:27,Boleto Bancário,710.94,Caixa 04,Cancelada
SLS-11091,CUST1499,Distribuidora Costa Me,STR-024,Filial Centro Sorocaba,SP,Sorocaba,PROD-ANALYTICS,VendeFácil Analytics,2026-01-21 01:09:07,Boleto Bancário,851.06,Caixa 04,Aprovada
SLS-11092,CUST717,Rede da Mota S.A.,STR-039,Filial Shopping Cariacica,ES,Cariacica,PROD-ESTOQUE,VendeFácil Estoque,2025-11-16 01:38:18,Cartão de Débito,1801.2,Caixa 01,Aprovada
SLS-11093,CUST140,Atacado da Rocha Ltda,STR-021,Express Salvador,BA,Salvador,PROD-LOJA,VendeFácil Loja,2025-02-21 18:37:36,Dinheiro,879.93,Caixa 02,Aprovada
SLS-11094,CUST934,Lojas Campos Ltda,STR-040,Express Brasília,DF,Brasília,PROD-PAY,VendeFácil Pay,2025-04-07 06:16:41,Cartão de Débito,2198.05,Caixa 01,Aprovada
SLS-11095,CUST475,Centro de Aragão Ltda,STR-019,Matriz Serra,ES,Serra,PROD-ESTOQUE,VendeFácil Estoque,2025-08-16 11:12:04,Cartão de Débito,1639.53,Caixa 01,Aprovada
SLS-11096,CUST1247,Centro de Aparecida Eireli,STR-011,Filial Shopping Brasília,DF,Brasília,PROD-LOJA,VendeFácil Loja,2025-06-26 15:35:51,Cartão de Débito,1273.7,Caixa 03,Aprovada
SLS-11097,CUST065,Centro de da Rocha Ltda,STR-037,Express Rio Verde,GO,Rio Verde,PROD-ANALYTICS,VendeFácil Analytics,2025-10-19 00:23:32,Cartão de Crédito,501.25,Caixa 03,Cancelada
SLS-11098,CUST1499,Distribuidora Costa Me,STR-024,Filial Centro Sorocaba,SP,Sorocaba,PROD-ESTOQUE,VendeFácil Estoque,2025-07-13 04:58:52,Boleto Bancário,1323.52,Caixa 01,Aprovada
SLS-11099,CUST1490,Mundo da da Mota Me,STR-045,Filial Shopping Vila Velha,ES,Vila Velha,PROD-ESTOQUE,VendeFácil Estoque,2025-04-12 18:46:36,Boleto Bancário,1583.57,Caixa 02,Aprovada
SLS-11100,CUST1907,Mundo da Pimenta Comercial,STR-042,Filial Shopping Niterói,RJ,Niterói,PROD-PDV,VendeFácil PDV,2025-11-01 12:20:20,Cartão de Crédito,620.46,Caixa 02,Estornada
SLS-11101,CUST140,Atacado da Rocha Ltda,STR-021,Express Salvador,BA,Salvador,PROD-LOJA,VendeFácil Loja,2025-03-31 03:19:36,Boleto Bancário,1195.99,Caixa 04,Aprovada
SLS-11102,CUST401,Comércio de Costela Eireli,STR-050,Express Contagem,MG,Contagem,PROD-PAY,VendeFácil Pay,2025-01-09 01:11:00,Dinheiro,2447.42,Caixa 02,Cancelada
SLS-11103,CUST1875,Empório da Cunha Eireli,STR-005,Filial Shopping Rio de Janeiro,RJ,Rio de Janeiro,PROD-ANALYTICS,VendeFácil Analytics,2025-01-26 11:05:40,Boleto Bancário,842.5,Caixa 03,Aprovada
SLS-11104,CUST1220,Atacado Gonçalves Eireli,STR-048,Matriz Caucaia,CE,Caucaia,PROD-LOJA,VendeFácil Loja,2025-04-24 16:35:17,Dinheiro,1451.37,Caixa 05,Aprovada
SLS-11105,CUST714,Rede Borges Ltda,STR-018,Filial Zona Sul Porto Alegre,RS,Porto Alegre,PROD-ANALYTICS,VendeFácil Analytics,2025-01-27 14:25:28,Boleto Bancário,307.65,Caixa 01,Estornada
SLS-11106,CUST833,Lojas Azevedo Comercial,STR-023,Filial Centro Taguatinga,DF,Taguatinga,PROD-ANALYTICS,VendeFácil Analytics,2025-05-12 15:04:36,Boleto Bancário,341.96,Caixa 07,Aprovada
SLS-11107,CUST034,Rede Pires Comercial,STR-026,Filial Shopping Caruaru,PE,Caruaru,PROD-PDV,VendeFácil PDV,2025-07-08 23:59:52,Cartão de Débito,826.42,Caixa 01,Cancelada
SLS-11108,CUST1499,Distribuidora Costa Me,STR-024,Filial Centro Sorocaba,SP,Sorocaba,PROD-PAY,VendeFácil Pay,2026-01-18 22:10:13,Dinheiro,220.0,Caixa 01,Aprovada
SLS-11109,CUST1629,Mundo da Vieira Comercial,STR-029,Matriz Águas Claras,DF,Águas Claras,PROD-ESTOQUE,VendeFácil Estoque,2025-10-23 04:00:17,PIX,1647.84,Caixa 03,Aprovada
SLS-11110,CUST005,Materiais de Construção Silva,STR-003,Matriz Juiz de Fora,MG,Juiz de Fora,PROD-ANALYTICS,VendeFácil Analytics,2025-11-29 20:27:55,Boleto Bancário,264.3,Caixa 02,Aprovada
SLS-11111,CUST1410,Empório Campos Ltda,STR-027,Filial Centro Porto Alegre,RS,Porto Alegre,PROD-ANALYTICS,VendeFácil Analytics,2025-01-18 12:17:11,PIX,409.53,Caixa 01,Aprovada
SLS-11112,CUST714,Rede Borges Ltda,STR-018,Filial Zona Sul Porto Alegre,RS,Porto Alegre,PROD-ANALYTICS,VendeFácil Analytics,2025-10-31 18:32:21,Cartão de Crédito,397.89,Caixa 01,Aprovada
SLS-11113,CUST1907,Mundo da Pimenta Comercial,STR-042,Filial Shopping Niterói,RJ,Niterói,PROD-ESTOQUE,VendeFácil Estoque,2025-01-12 14:43:45,Boleto Bancário,1534.26,Caixa 01,Cancelada
SLS-11114,CUST1610,Comércio de da Rocha Ltda,STR-009,Express Jaboatão dos Guararapes,PE,Jaboatão dos Guararapes,PROD-ESTOQUE,VendeFácil Estoque,2025-08-04 14:56:20,Boleto Bancário,1847.72,Caixa 01,Aprovada
SLS-11115,CUST934,Lojas Campos Ltda,STR-040,Express Brasília,DF,Brasília,PROD-PAY,VendeFácil Pay,2025-08-20 18:29:55,Dinheiro,1404.11,Caixa 01,Cancelada
SLS-11116,CUST556,Lojas Cunha S.A.,STR-049,Filial Bairro Santa Maria,RS,Santa Maria,PROD-PAY,VendeFácil Pay,2026-02-18 01:41:59,Boleto Bancário,1522.77,Caixa 01,Cancelada
SLS-11117,CUST1410,Empório Campos Ltda,STR-027,Filial Centro Porto Alegre,RS,Porto Alegre,PROD-LOJA,VendeFácil Loja,2025-12-15 06:09:32,Dinheiro,1159.9,Caixa 03,Aprovada
SLS-11118,CUST034,Rede Pires Comercial,STR-026,Filial Shopping Caruaru,PE,Caruaru,PROD-LOJA,VendeFácil Loja,2026-02-13 23:13:02,Cartão de Débito,1331.46,Caixa 01,Cancelada
SLS-11119,CUST1610,Comércio de da Rocha Ltda,STR-009,Express Jaboatão dos Guararapes,PE,Jaboatão dos Guararapes,PROD-PDV,VendeFácil PDV,2025-12-22 16:34:51,PIX,491.68,Caixa 01,Estornada
SLS-11120,CUST556,Lojas Cunha S.A.,STR-049,Filial Bairro Santa Maria,RS,Santa Maria,PROD-PAY,VendeFácil Pay,2025-07-25 16:07:16,PIX,1333.26,Caixa 01,Aprovada
SLS-11121,CUST008,Auto Peças Central,STR-004,Matriz Ribeirão Preto,SP,Ribeirão Preto,PROD-PDV,VendeFácil PDV,2025-07-25 05:55:46,Dinheiro,852.7,Caixa 01,Aprovada
SLS-11122,CUST102,Rede Cardoso Me,STR-013,Filial Centro Uberlândia,MG,Uberlândia,PROD-PAY,VendeFácil Pay,2025-10-25 06:27:20,Dinheiro,2621.13,Caixa 01,Estornada
SLS-11123,CUST065,Centro de da Rocha Ltda,STR-037,Express Rio Verde,GO,Rio Verde,PROD-PAY,VendeFácil Pay,2025-03-23 17:51:35,PIX,1794.32,Caixa 04,Estornada
SLS-11124,CUST140,Atacado da Rocha Ltda,STR-021,Express Salvador,BA,Salvador,PROD-ESTOQUE,VendeFácil Estoque,2026-01-31 08:29:49,Boleto Bancário,624.75,Caixa 012,Aprovada
SLS-11125,CUST1162,Empório Monteiro Eireli,STR-035,Filial Zona Sul Juazeiro do Norte,CE,Juazeiro do Norte,PROD-LOJA,VendeFácil Loja,2025-11-09 09:33:15,Cartão de Crédito,839.8,Caixa 03,Aprovada
SLS-11126,CUST001,Supermercado Boa Compra,STR-002,Filial Savassi,MG,Belo Horizonte,PROD-PAY,VendeFácil Pay,2025-10-02 08:32:05,PIX,2130.22,Caixa 02,Aprovada
SLS-11127,CUST1887,Mercado Aparecida Ltda,STR-020,Filial Bairro Serra,ES,Serra,PROD-PAY,VendeFácil Pay,2025-12-21 00:42:06,PIX,961.19,Caixa 03,Cancelada
SLS-11128,CUST1410,Empório Campos Ltda,STR-027,Filial Centro Porto Alegre,RS,Porto Alegre,PROD-PDV,VendeFácil PDV,2025-07-14 21:48:07,Cartão de Crédito,384.3,Caixa 02,Cancelada
SLS-11129,CUST1629,Mundo da Vieira Comercial,STR-029,Matriz Águas Claras,DF,Águas Claras,PROD-PDV,VendeFácil PDV,2025-07-08 09:24:37,Dinheiro,636.47,Caixa 03,Aprovada
SLS-11130,CUST1637,Atacado Mendonça S.A.,STR-036,Matriz Contagem,MG,Contagem,PROD-PAY,VendeFácil Pay,2026-01-16 10:07:09,Cartão de Crédito,2538.93,Caixa 06,Aprovada
SLS-11131,CUST1490,Mundo da da Mota Me,STR-045,Filial Shopping Vila Velha,ES,Vila Velha,PROD-PDV,VendeFácil PDV,2025-08-27 19:36:58,PIX,573.71,Caixa 01,Aprovada
SLS-11132,CUST1015,Distribuidora Montenegro Me,STR-041,Filial Centro Rio de Janeiro,RJ,Rio de Janeiro,PROD-LOJA,VendeFácil Loja,2025-12-06 08:04:30,PIX,771.55,Caixa 011,Cancelada
SLS-11133,CUST009,Empório Gourmet Mineiro,STR-038,Express Ouro Preto,MG,Ouro Preto,PROD-PDV,VendeFácil PDV,2025-02-22 13:49:16,Cartão de Débito,826.54,Caixa 01,Estornada
SLS-11134,CUST1398,Centro de Andrade Ltda,STR-033,Filial Zona Sul Curitiba,PR,Curitiba,PROD-LOJA,VendeFácil Loja,2025-01-01 07:16:16,Boleto Bancário,1249.93,Caixa 01,Aprovada
SLS-11135,CUST008,Auto Peças Central,STR-004,Matriz Ribeirão Preto,SP,Ribeirão Preto,PROD-PAY,VendeFácil Pay,2025-03-21 15:00:36,Cartão de Débito,246.74,Caixa 01,Aprovada
SLS-11136,CUST001,Supermercado Boa Compra,STR-002,Filial Savassi,MG,Belo Horizonte,PROD-PAY,VendeFácil Pay,2025-01-17 18:50:40,PIX,1473.7,Caixa 04,Aprovada
SLS-11137,CUST1689,Comércio de Ribeiro Comercial,STR-034,Filial Zona Sul Caucaia,CE,Caucaia,PROD-PAY,VendeFácil Pay,2025-08-01 20:02:04,Cartão de Crédito,2060.82,Caixa 02,Aprovada
SLS-11138,CUST1689,Comércio de Ribeiro Comercial,STR-034,Filial Zona Sul Caucaia,CE,Caucaia,PROD-PDV,VendeFácil PDV,2025-12-05 00:42:01,Boleto Bancário,429.54,Caixa 02,Cancelada
SLS-11139,CUST1903,Comércio de Ferreira Ltda,STR-012,Filial Shopping Caucaia,CE,Caucaia,PROD-ANALYTICS,VendeFácil Analytics,2025-11-20 10:02:04,PIX,302.68,Caixa 01,Aprovada
SLS-11140,CUST009,Empório Gourmet Mineiro,STR-038,Express Ouro Preto,MG,Ouro Preto,PROD-PDV,VendeFácil PDV,2026-01-04 21:50:22,Boleto Bancário,813.63,Caixa 01,Aprovada
SLS-11141,CUST034,Rede Pires Comercial,STR-026,Filial Shopping Caruaru,PE,Caruaru,PROD-ESTOQUE,VendeFácil Estoque,2025-01-08 20:17:48,PIX,1280.27,Caixa 01,Aprovada
SLS-11142,CUST934,Lojas Campos Ltda,STR-040,Express Brasília,DF,Brasília,PROD-ANALYTICS,VendeFácil Analytics,2025-01-30 23:08:29,Cartão de Crédito,945.99,Caixa 02,Aprovada
SLS-11143,CUST1611,Comércio de Fogaça S.A.,STR-044,Filial Zona Sul Caucaia,CE,Caucaia,PROD-LOJA,VendeFácil Loja,2025-05-24 09:48:20,Cartão de Crédito,751.93,Caixa 04,Estornada
SLS-11144,CUST1907,Mundo da Pimenta Comercial,STR-042,Filial Shopping Niterói,RJ,Niterói,PROD-LOJA,VendeFácil Loja,2025-06-21 19:00:09,Boleto Bancário,1388.99,Caixa 01,Aprovada
SLS-11145,CUST001,Supermercado Boa Compra,STR-001,Filial Matriz - Centro BH,MG,Belo Horizonte,PROD-LOJA,VendeFácil Loja,2026-02-19 23:56:52,Cartão de Crédito,721.06,Caixa 06,Aprovada
SLS-11146,CUST1410,Empório Campos Ltda,STR-027,Filial Centro Porto Alegre,RS,Porto Alegre,PROD-PDV,VendeFácil PDV,2025-10-27 03:16:39,Cartão de Crédito,866.69,Caixa 02,Aprovada
SLS-11147,CUST1271,Mundo da da Cruz Ltda,STR-016,Filial Zona Sul Olinda,PE,Olinda,PROD-ESTOQUE,VendeFácil Estoque,2025-10-10 09:41:39,Dinheiro,1162.51,Caixa 01,Aprovada
SLS-11148,CUST934,Lojas Campos Ltda,STR-040,Express Brasília,DF,Brasília,PROD-ANALYTICS,VendeFácil Analytics,2025-01-01 04:48:03,Cartão de Débito,419.6,Caixa 02,Aprovada
SLS-11149,CUST556,Lojas Cunha S.A.,STR-049,Filial Bairro Santa Maria,RS,Santa Maria,PROD-LOJA,VendeFácil Loja,2025-01-22 12:48:48,Cartão de Débito,636.76,Caixa 02,Aprovada
SLS-11150,CUST1398,Centro de Andrade Ltda,STR-033,Filial Zona Sul Curitiba,PR,Curitiba,PROD-PDV,VendeFácil PDV,2025-12-25 19:23:53,Boleto Bancário,776.48,Caixa 02,Estornada
SLS-11151,CUST001,Supermercado Boa Compra,STR-002,Filial Savassi,MG,Belo Horizonte,PROD-ESTOQUE,VendeFácil Estoque,2025-07-24 09:54:08,Dinheiro,1304.71,Caixa 01,Aprovada
SLS-11152,CUST210,Lojas Cunha Eireli,STR-046,Filial Zona Sul Niterói,RJ,Niterói,PROD-ANALYTICS,VendeFácil Analytics,2025-09-13 09:03:26,Dinheiro,508.61,Caixa 03,Aprovada
SLS-11153,CUST1410,Empório Campos Ltda,STR-027,Filial Centro Porto Alegre,RS,Porto Alegre,PROD-ESTOQUE,VendeFácil Estoque,2025-03-07 08:24:14,Boleto Bancário,547.28,Caixa 02,Aprovada
SLS-11154,CUST717,Rede da Mota S.A.,STR-039,Filial Shopping Cariacica,ES,Cariacica,PROD-PAY,VendeFácil Pay,2025-09-28 14:50:44,Cartão de Débito,1864.22,Caixa 01,Aprovada
SLS-11155,CUST009,Empório Gourmet Mineiro,STR-038,Express Ouro Preto,MG,Ouro Preto,PROD-PAY,VendeFácil Pay,2025-09-06 06:20:30,Cartão de Crédito,2350.51,Caixa 01,Aprovada
SLS-11156,CUST717,Rede da Mota S.A.,STR-039,Filial Shopping Cariacica,ES,Cariacica,PROD-ANALYTICS,VendeFácil Analytics,2025-04-05 06:02:09,Boleto Bancário,644.57,Caixa 01,Aprovada
SLS-11157,CUST625,Comércio de Macedo Eireli,STR-025,Matriz Chapecó,SC,Chapecó,PROD-ANALYTICS,VendeFácil Analytics,2025-02-07 16:31:08,Dinheiro,658.38,Caixa 01,Aprovada
SLS-11158,CUST833,Lojas Azevedo Comercial,STR-023,Filial Centro Taguatinga,DF,Taguatinga,PROD-PAY,VendeFácil Pay,2025-10-30 21:52:30,Cartão de Crédito,1872.2,Caixa 09,Aprovada
SLS-11159,CUST024,Casa do Sá Ltda,STR-014,Filial Shopping Rio Verde,GO,Rio Verde,PROD-PAY,VendeFácil Pay,2026-01-12 17:23:01,Boleto Bancário,1776.81,Caixa 01,Estornada
SLS-11160,CUST1139,Empório Freitas Me,STR-032,Filial Bairro Juiz de Fora,MG,Juiz de Fora,PROD-PAY,VendeFácil Pay,2025-04-06 13:33:00,Boleto Bancário,156.82,Caixa 02,Aprovada
SLS-11161,CUST835,Empório Marques Me,STR-017,Filial Centro Santos,SP,Santos,PROD-ESTOQUE,VendeFácil Estoque,2025-01-26 19:03:04,Cartão de Débito,1823.87,Caixa 07,Aprovada
SLS-11162,CUST1037,Casa do Sampaio S.A.,STR-007,Express Cascavel,PR,Cascavel,PROD-ESTOQUE,VendeFácil Estoque,2025-11-05 19:13:10,Cartão de Crédito,1944.31,Caixa 02,Aprovada
SLS-11163,CUST1610,Comércio de da Rocha Ltda,STR-009,Express Jaboatão dos Guararapes,PE,Jaboatão dos Guararapes,PROD-PDV,VendeFácil PDV,2025-01-16 00:09:39,PIX,506.38,Caixa 01,Estornada
SLS-11164,CUST224,Empório Moraes Ltda,STR-043,Filial Bairro Rio Verde,GO,Rio Verde,PROD-ANALYTICS,VendeFácil Analytics,2025-07-24 05:20:40,Dinheiro,757.06,Caixa 01,Aprovada
SLS-11165,CUST1220,Atacado Gonçalves Eireli,STR-048,Matriz Caucaia,CE,Caucaia,PROD-ESTOQUE,VendeFácil Estoque,2025-01-18 10:20:56,Dinheiro,595.37,Caixa 03,Aprovada
SLS-11166,CUST001,Supermercado Boa Compra,STR-002,Filial Savassi,MG,Belo Horizonte,PROD-PAY,VendeFácil Pay,2026-02-20 20:55:54,Boleto Bancário,1077.76,Caixa 05,Aprovada
SLS-11167,CUST1610,Comércio de da Rocha Ltda,STR-009,Express Jaboatão dos Guararapes,PE,Jaboatão dos Guararapes,PROD-PAY,VendeFácil Pay,2025-11-10 19:39:58,Boleto Bancário,2040.39,Caixa 01,Aprovada
SLS-11168,CUST1247,Centro de Aparecida Eireli,STR-011,Filial Shopping Brasília,DF,Brasília,PROD-ESTOQUE,VendeFácil Estoque,2025-06-01 00:24:48,Cartão de Débito,1415.42,Caixa 03,Estornada
SLS-11169,CUST108,Lojas Abreu Ltda,STR-010,Matriz São Paulo,SP,São Paulo,PROD-PAY,VendeFácil Pay,2025-04-04 08:30:09,Cartão de Débito,2598.32,Caixa 01,Cancelada
SLS-11170,CUST1139,Empório Freitas Me,STR-032,Filial Bairro Juiz de Fora,MG,Juiz de Fora,PROD-ANALYTICS,VendeFácil Analytics,2025-11-08 03:43:29,Dinheiro,910.29,Caixa 09,Cancelada
SLS-11171,CUST034,Rede Pires Comercial,STR-026,Filial Shopping Caruaru,PE,Caruaru,PROD-PAY,VendeFácil Pay,2026-02-02 19:51:00,PIX,2054.12,Caixa 01,Aprovada
SLS-11172,CUST1162,Empório Monteiro Eireli,STR-035,Filial Zona Sul Juazeiro do Norte,CE,Juazeiro do Norte,PROD-PDV,VendeFácil PDV,2025-02-13 17:15:09,Cartão de Débito,482.84,Caixa 01,Aprovada
SLS-11173,CUST934,Lojas Campos Ltda,STR-040,Express Brasília,DF,Brasília,PROD-ANALYTICS,VendeFácil Analytics,2025-02-21 19:09:29,Boleto Bancário,650.31,Caixa 02,Aprovada
SLS-11174,CUST556,Lojas Cunha S.A.,STR-049,Filial Bairro Santa Maria,RS,Santa Maria,PROD-LOJA,VendeFácil Loja,2025-01-04 11:16:22,Cartão de Crédito,1272.9,Caixa 02,Aprovada
SLS-11175,CUST835,Empório Marques Me,STR-017,Filial Centro Santos,SP,Santos,PROD-ESTOQUE,VendeFácil Estoque,2025-06-12 08:12:41,PIX,1468.41,Caixa 04,Estornada
SLS-11176,CUST934,Lojas Campos Ltda,STR-040,Express Brasília,DF,Brasília,PROD-ANALYTICS,VendeFácil Analytics,2025-02-19 00:27:48,PIX,597.34,Caixa 02,Aprovada
SLS-11177,CUST1907,Mundo da Pimenta Comercial,STR-042,Filial Shopping Niterói,RJ,Niterói,PROD-PDV,VendeFácil PDV,2025-09-12 12:43:44,PIX,471.91,Caixa 01,Cancelada
SLS-11178,CUST556,Lojas Cunha S.A.,STR-049,Filial Bairro Santa Maria,RS,Santa Maria,PROD-ESTOQUE,VendeFácil Estoque,2025-01-24 05:20:16,Cartão de Débito,1731.66,Caixa 03,Cancelada
SLS-11179,CUST717,Rede da Mota S.A.,STR-039,Filial Shopping Cariacica,ES,Cariacica,PROD-PDV,VendeFácil PDV,2025-10-30 07:13:08,Dinheiro,611.51,Caixa 01,Aprovada
SLS-11180,CUST005,Materiais de Construção Silva,STR-003,Matriz Juiz de Fora,MG,Juiz de Fora,PROD-LOJA,VendeFácil Loja,2026-01-10 06:41:37,Cartão de Débito,1335.48,Caixa 03,Aprovada
SLS-11181,CUST1629,Mundo da Vieira Comercial,STR-029,Matriz Águas Claras,DF,Águas Claras,PROD-PAY,VendeFácil Pay,2025-11-08 00:00:11,Cartão de Débito,1590.28,Caixa 01,Aprovada
SLS-11182,CUST1220,Atacado Gonçalves Eireli,STR-048,Matriz Caucaia,CE,Caucaia,PROD-PAY,VendeFácil Pay,2025-08-01 04:41:05,Cartão de Crédito,1059.34,Caixa 01,Aprovada
SLS-11183,CUST1490,Mundo da da Mota Me,STR-045,Filial Shopping Vila Velha,ES,Vila Velha,PROD-ANALYTICS,VendeFácil Analytics,2025-07-31 11:42:00,PIX,794.17,Caixa 01,Aprovada
SLS-11184,CUST1015,Distribuidora Montenegro Me,STR-041,Filial Centro Rio de Janeiro,RJ,Rio de Janeiro,PROD-PAY,VendeFácil Pay,2026-02-04 13:00:29,PIX,1560.3,Caixa 04,Estornada
SLS-11185,CUST1247,Centro de Aparecida Eireli,STR-011,Filial Shopping Brasília,DF,Brasília,PROD-PAY,VendeFácil Pay,2025-10-31 12:38:16,PIX,918.59,Caixa 02,Aprovada
SLS-11186,CUST835,Empório Marques Me,STR-017,Filial Centro Santos,SP,Santos,PROD-PAY,VendeFácil Pay,2025-02-07 20:19:43,Cartão de Débito,1636.47,Caixa 03,Aprovada
SLS-11187,CUST1162,Empório Monteiro Eireli,STR-035,Filial Zona Sul Juazeiro do Norte,CE,Juazeiro do Norte,PROD-PDV,VendeFácil PDV,2026-01-09 03:28:29,Cartão de Débito,833.41,Caixa 04,Aprovada
SLS-11188,CUST714,Rede Borges Ltda,STR-018,Filial Zona Sul Porto Alegre,RS,Porto Alegre,PROD-PAY,VendeFácil Pay,2025-07-20 13:18:58,Cartão de Crédito,1914.79,Caixa 01,Aprovada
SLS-11189,CUST008,Auto Peças Central,STR-004,Matriz Ribeirão Preto,SP,Ribeirão Preto,PROD-ANALYTICS,VendeFácil Analytics,2025-08-31 00:05:52,PIX,449.54,Caixa 010,Aprovada
SLS-11190,CUST001,Supermercado Boa Compra,STR-001,Filial Matriz - Centro BH,MG,Belo Horizonte,PROD-LOJA,VendeFácil Loja,2025-06-13 11:21:02,PIX,988.93,Caixa 01,Aprovada
SLS-11191,CUST717,Rede da Mota S.A.,STR-039,Filial Shopping Cariacica,ES,Cariacica,PROD-PAY,VendeFácil Pay,2025-03-18 06:29:18,PIX,2516.73,Caixa 01,Estornada
SLS-11192,CUST024,Casa do Sá Ltda,STR-014,Filial Shopping Rio Verde,GO,Rio Verde,PROD-ANALYTICS,VendeFácil Analytics,2025-07-21 05:50:13,PIX,416.98,Caixa 01,Cancelada
SLS-11193,CUST1637,Atacado Mendonça S.A.,STR-036,Matriz Contagem,MG,Contagem,PROD-LOJA,VendeFácil Loja,2025-11-18 00:45:57,Boleto Bancário,982.94,Caixa 01,Aprovada
SLS-11194,CUST034,Rede Pires Comercial,STR-026,Filial Shopping Caruaru,PE,Caruaru,PROD-ESTOQUE,VendeFácil Estoque,2025-11-08 12:18:15,PIX,1936.53,Caixa 01,Aprovada
SLS-11195,CUST1490,Mundo da da Mota Me,STR-045,Filial Shopping Vila Velha,ES,Vila Velha,PROD-PAY,VendeFácil Pay,2025-04-16 07:25:02,Cartão de Crédito,1140.79,Caixa 02,Aprovada
SLS-11196,CUST102,Rede Cardoso Me,STR-013,Filial Centro Uberlândia,MG,Uberlândia,PROD-ESTOQUE,VendeFácil Estoque,2025-11-06 17:03:17,Cartão de Débito,882.83,Caixa 01,Cancelada
SLS-11197,CUST1398,Centro de Andrade Ltda,STR-033,Filial Zona Sul Curitiba,PR,Curitiba,PROD-PDV,VendeFácil PDV,2026-01-26 15:43:43,Boleto Bancário,372.99,Caixa 03,Cancelada
SLS-11198,CUST1637,Atacado Mendonça S.A.,STR-036,Matriz Contagem,MG,Contagem,PROD-PDV,VendeFácil PDV,2025-11-02 06:07:24,PIX,878.69,Caixa 06,Aprovada
SLS-11199,CUST717,Rede da Mota S.A.,STR-039,Filial Shopping Cariacica,ES,Cariacica,PROD-PAY,VendeFácil Pay,2025-02-17 19:41:30,Cartão de Débito,2699.65,Caixa 01,Aprovada
SLS-11200,CUST102,Rede Cardoso Me,STR-013,Filial Centro Uberlândia,MG,Uberlândia,PROD-ESTOQUE,VendeFácil Estoque,2026-02-20 14:11:31,Boleto Bancário,639.39,Caixa 01,Cancelada
SLS-11201,CUST714,Rede Borges Ltda,STR-018,Filial Zona Sul Porto Alegre,RS,Porto Alegre,PROD-LOJA,VendeFácil Loja,2025-10-15 01:42:46,Cartão de Débito,570.94,Caixa 01,Aprovada
SLS-11202,CUST1903,Comércio de Ferreira Ltda,STR-012,Filial Shopping Caucaia,CE,Caucaia,PROD-PDV,VendeFácil PDV,2025-02-27 21:37:36,Boleto Bancário,367.47,Caixa 04,Estornada
SLS-11203,CUST1611,Comércio de Fogaça S.A.,STR-044,Filial Zona Sul Caucaia,CE,Caucaia,PROD-ESTOQUE,VendeFácil Estoque,2025-01-10 11:24:56,Cartão de Crédito,1384.92,Caixa 04,Estornada
SLS-11204,CUST001,Supermercado Boa Compra,STR-001,Filial Matriz - Centro BH,MG,Belo Horizonte,PROD-ANALYTICS,VendeFácil Analytics,2025-05-20 13:13:46,Cartão de Débito,457.39,Caixa 01,Cancelada
SLS-11205,CUST1611,Comércio de Fogaça S.A.,STR-044,Filial Zona Sul Caucaia,CE,Caucaia,PROD-ESTOQUE,VendeFácil Estoque,2025-11-24 07:09:40,PIX,1151.25,Caixa 01,Aprovada
SLS-11206,CUST625,Comércio de Macedo Eireli,STR-025,Matriz Chapecó,SC,Chapecó,PROD-PDV,VendeFácil PDV,2025-11-13 20:50:11,Cartão de Débito,743.77,Caixa 01,Aprovada
SLS-11207,CUST1139,Empório Freitas Me,STR-032,Filial Bairro Juiz de Fora,MG,Juiz de Fora,PROD-ANALYTICS,VendeFácil Analytics,2025-07-28 04:48:56,Boleto Bancário,375.86,Caixa 06,Estornada
SLS-11208,CUST556,Lojas Cunha S.A.,STR-049,Filial Bairro Santa Maria,RS,Santa Maria,PROD-ANALYTICS,VendeFácil Analytics,2025-01-02 13:13:38,Cartão de Crédito,933.36,Caixa 01,Estornada
SLS-11209,CUST625,Comércio de Macedo Eireli,STR-025,Matriz Chapecó,SC,Chapecó,PROD-PAY,VendeFácil Pay,2025-06-04 00:35:55,Cartão de Crédito,1234.43,Caixa 01,Aprovada
SLS-11210,CUST024,Casa do Sá Ltda,STR-014,Filial Shopping Rio Verde,GO,Rio Verde,PROD-ANALYTICS,VendeFácil Analytics,2025-09-22 14:36:37,PIX,481.45,Caixa 01,Aprovada
SLS-11211,CUST1271,Mundo da da Cruz Ltda,STR-016,Filial Zona Sul Olinda,PE,Olinda,PROD-ANALYTICS,VendeFácil Analytics,2025-07-22 08:41:27,Boleto Bancário,830.46,Caixa 03,Aprovada
SLS-11212,CUST1610,Comércio de da Rocha Ltda,STR-009,Express Jaboatão dos Guararapes,PE,Jaboatão dos Guararapes,PROD-PAY,VendeFácil Pay,2025-11-25 03:11:38,Boleto Bancário,912.63,Caixa 01,Cancelada
SLS-11213,CUST1162,Empório Monteiro Eireli,STR-035,Filial Zona Sul Juazeiro do Norte,CE,Juazeiro do Norte,PROD-PDV,VendeFácil PDV,2025-01-06 07:52:38,Dinheiro,373.65,Caixa 01,Aprovada
SLS-11214,CUST008,Auto Peças Central,STR-004,Matriz Ribeirão Preto,SP,Ribeirão Preto,PROD-ESTOQUE,VendeFácil Estoque,2025-11-24 01:02:56,Cartão de Crédito,1033.61,Caixa 01,Cancelada
SLS-11215,CUST835,Empório Marques Me,STR-017,Filial Centro Santos,SP,Santos,PROD-ESTOQUE,VendeFácil Estoque,2025-12-19 07:16:58,Boleto Bancário,1617.89,Caixa 05,Aprovada
SLS-11216,CUST1490,Mundo da da Mota Me,STR-045,Filial Shopping Vila Velha,ES,Vila Velha,PROD-LOJA,VendeFácil Loja,2025-04-29 04:04:54,Dinheiro,1110.69,Caixa 01,Aprovada
SLS-11217,CUST005,Materiais de Construção Silva,STR-003,Matriz Juiz de Fora,MG,Juiz de Fora,PROD-PAY,VendeFácil Pay,2026-01-02 19:25:19,Boleto Bancário,248.13,Caixa 04,Aprovada
SLS-11218,CUST1139,Empório Freitas Me,STR-032,Filial Bairro Juiz de Fora,MG,Juiz de Fora,PROD-LOJA,VendeFácil Loja,2025-12-05 11:42:43,Cartão de Débito,1290.57,Caixa 010,Aprovada
SLS-11219,CUST005,Materiais de Construção Silva,STR-003,Matriz Juiz de Fora,MG,Juiz de Fora,PROD-LOJA,VendeFácil Loja,2026-01-18 20:16:25,Dinheiro,702.48,Caixa 03,Aprovada
SLS-11220,CUST391,Distribuidora Oliveira Eireli,STR-015,Filial Bairro Anápolis,GO,Anápolis,PROD-PDV,VendeFácil PDV,2025-03-05 20:17:44,PIX,690.54,Caixa 01,Estornada
SLS-11221,CUST1637,Atacado Mendonça S.A.,STR-036,Matriz Contagem,MG,Contagem,PROD-ANALYTICS,VendeFácil Analytics,2025-06-28 22:54:37,Cartão de Débito,620.57,Caixa 03,Aprovada
SLS-11222,CUST556,Lojas Cunha S.A.,STR-049,Filial Bairro Santa Maria,RS,Santa Maria,PROD-ANALYTICS,VendeFácil Analytics,2025-07-27 05:42:45,Cartão de Crédito,667.98,Caixa 03,Aprovada
SLS-11223,CUST108,Lojas Abreu Ltda,STR-010,Matriz São Paulo,SP,São Paulo,PROD-ANALYTICS,VendeFácil Analytics,2025-11-12 18:01:26,PIX,470.43,Caixa 02,Aprovada
SLS-11224,CUST001,Supermercado Boa Compra,STR-001,Filial Matriz - Centro BH,MG,Belo Horizonte,PROD-ANALYTICS,VendeFácil Analytics,2025-02-22 15:17:30,Cartão de Crédito,466.72,Caixa 07,Aprovada
SLS-11225,CUST1629,Mundo da Vieira Comercial,STR-029,Matriz Águas Claras,DF,Águas Claras,PROD-LOJA,VendeFácil Loja,2025-08-18 23:18:51,Cartão de Crédito,1231.12,Caixa 04,Aprovada
SLS-11226,CUST1610,Comércio de da Rocha Ltda,STR-009,Express Jaboatão dos Guararapes,PE,Jaboatão dos Guararapes,PROD-LOJA,VendeFácil Loja,2026-02-14 02:17:22,Cartão de Débito,949.4,Caixa 01,Aprovada
SLS-11227,CUST1499,Distribuidora Costa Me,STR-024,Filial Centro Sorocaba,SP,Sorocaba,PROD-ESTOQUE,VendeFácil Estoque,2025-12-15 00:09:32,PIX,1147.42,Caixa 02,Aprovada
SLS-11228,CUST1139,Empório Freitas Me,STR-032,Filial Bairro Juiz de Fora,MG,Juiz de Fora,PROD-PDV,VendeFácil PDV,2025-06-11 15:24:35,PIX,537.3,Caixa 08,Cancelada
SLS-11229,CUST008,Auto Peças Central,STR-004,Matriz Ribeirão Preto,SP,Ribeirão Preto,PROD-ESTOQUE,VendeFácil Estoque,2025-04-02 09:18:29,Cartão de Débito,601.83,Caixa 04,Cancelada
SLS-11230,CUST140,Atacado da Rocha Ltda,STR-021,Express Salvador,BA,Salvador,PROD-ANALYTICS,VendeFácil Analytics,2025-10-18 09:39:39,PIX,746.76,Caixa 05,Estornada
SLS-11231,CUST1220,Atacado Gonçalves Eireli,STR-048,Matriz Caucaia,CE,Caucaia,PROD-ESTOQUE,VendeFácil Estoque,2025-02-19 11:38:46,Boleto Bancário,1359.45,Caixa 03,Estornada
SLS-11232,CUST365,Rede Casa Grande Comercial,STR-030,Filial Shopping Aparecida de Goiânia,GO,Aparecida de Goiânia,PROD-PAY,VendeFácil Pay,2026-01-12 02:54:39,Dinheiro,2018.93,Caixa 04,Aprovada
SLS-11233,CUST1220,Atacado Gonçalves Eireli,STR-048,Matriz Caucaia,CE,Caucaia,PROD-LOJA,VendeFácil Loja,2026-01-03 14:43:53,Dinheiro,628.44,Caixa 03,Aprovada
SLS-11234,CUST409,Rede da Cruz Eireli,STR-008,Matriz Fortaleza,CE,Fortaleza,PROD-ESTOQUE,VendeFácil Estoque,2025-04-10 11:44:00,Dinheiro,1227.4,Caixa 03,Estornada
SLS-11235,CUST1637,Atacado Mendonça S.A.,STR-036,Matriz Contagem,MG,Contagem,PROD-ANALYTICS,VendeFácil Analytics,2025-10-08 00:15:06,Cartão de Débito,730.67,Caixa 01,Aprovada
SLS-11236,CUST1271,Mundo da da Cruz Ltda,STR-016,Filial Zona Sul Olinda,PE,Olinda,PROD-ANALYTICS,VendeFácil Analytics,2025-08-31 03:13:46,Dinheiro,435.75,Caixa 01,Estornada
SLS-11237,CUST1037,Casa do Sampaio S.A.,STR-007,Express Cascavel,PR,Cascavel,PROD-ESTOQUE,VendeFácil Estoque,2025-03-25 00:55:46,Dinheiro,1026.22,Caixa 08,Aprovada
SLS-11238,CUST024,Casa do Sá Ltda,STR-014,Filial Shopping Rio Verde,GO,Rio Verde,PROD-ESTOQUE,VendeFácil Estoque,2025-12-20 21:58:48,Boleto Bancário,806.93,Caixa 01,Aprovada
SLS-11239,CUST065,Centro de da Rocha Ltda,STR-037,Express Rio Verde,GO,Rio Verde,PROD-ANALYTICS,VendeFácil Analytics,2025-05-29 09:25:57,PIX,380.23,Caixa 05,Aprovada
SLS-11240,CUST140,Atacado da Rocha Ltda,STR-021,Express Salvador,BA,Salvador,PROD-ESTOQUE,VendeFácil Estoque,2025-07-22 16:45:17,Boleto Bancário,1409.79,Caixa 010,Estornada
SLS-11241,CUST1903,Comércio de Ferreira Ltda,STR-012,Filial Shopping Caucaia,CE,Caucaia,PROD-ESTOQUE,VendeFácil Estoque,2025-08-13 17:14:09,Cartão de Crédito,1416.7,Caixa 02,Aprovada
SLS-11242,CUST1427,Lojas Vieira Comercial,STR-047,Matriz Vitória da Conquista,BA,Vitória da Conquista,PROD-LOJA,VendeFácil Loja,2025-11-30 05:07:20,PIX,541.69,Caixa 03,Aprovada
SLS-11243,CUST001,Supermercado Boa Compra,STR-002,Filial Savassi,MG,Belo Horizonte,PROD-PDV,VendeFácil PDV,2025-05-09 00:00:17,PIX,578.57,Caixa 02,Aprovada
SLS-11244,CUST556,Lojas Cunha S.A.,STR-049,Filial Bairro Santa Maria,RS,Santa Maria,PROD-ESTOQUE,VendeFácil Estoque,2025-09-22 10:09:16,Cartão de Débito,696.07,Caixa 02,Aprovada
SLS-11245,CUST224,Empório Moraes Ltda,STR-043,Filial Bairro Rio Verde,GO,Rio Verde,PROD-PAY,VendeFácil Pay,2025-10-30 19:07:28,Cartão de Crédito,2770.58,Caixa 01,Estornada
SLS-11246,CUST1187,Mercado Almeida S.A.,STR-031,Filial Centro Vila Velha,ES,Vila Velha,PROD-LOJA,VendeFácil Loja,2025-02-13 11:57:05,Cartão de Débito,1155.95,Caixa 01,Aprovada
SLS-11247,CUST008,Auto Peças Central,STR-004,Matriz Ribeirão Preto,SP,Ribeirão Preto,PROD-ANALYTICS,VendeFácil Analytics,2025-06-15 15:53:22,Dinheiro,732.81,Caixa 010,Aprovada
SLS-11248,CUST102,Rede Cardoso Me,STR-013,Filial Centro Uberlândia,MG,Uberlândia,PROD-ESTOQUE,VendeFácil Estoque,2025-03-05 01:04:20,PIX,1557.77,Caixa 01,Aprovada
SLS-11249,CUST1271,Mundo da da Cruz Ltda,STR-016,Filial Zona Sul Olinda,PE,Olinda,PROD-ESTOQUE,VendeFácil Estoque,2025-04-05 15:44:48,Cartão de Crédito,1851.28,Caixa 04,Aprovada
SLS-11250,CUST365,Rede Casa Grande Comercial,STR-030,Filial Shopping Aparecida de Goiânia,GO,Aparecida de Goiânia,PROD-ESTOQUE,VendeFácil Estoque,2025-04-15 02:44:47,Boleto Bancário,1811.19,Caixa 01,Aprovada
SLS-11251,CUST034,Rede Pires Comercial,STR-026,Filial Shopping Caruaru,PE,Caruaru,PROD-LOJA,VendeFácil Loja,2026-01-09 17:24:31,PIX,1417.32,Caixa 01,Aprovada
SLS-11252,CUST024,Casa do Sá Ltda,STR-014,Filial Shopping Rio Verde,GO,Rio Verde,PROD-LOJA,VendeFácil Loja,2025-01-27 08:40:00,Boleto Bancário,1275.3,Caixa 01,Cancelada
SLS-11253,CUST140,Atacado da Rocha Ltda,STR-021,Express Salvador,BA,Salvador,PROD-PAY,VendeFácil Pay,2025-09-15 11:04:36,Cartão de Crédito,1997.92,Caixa 02,Estornada
SLS-11254,CUST005,Materiais de Construção Silva,STR-003,Matriz Juiz de Fora,MG,Juiz de Fora,PROD-ANALYTICS,VendeFácil Analytics,2026-02-10 10:49:55,PIX,342.59,Caixa 04,Aprovada
SLS-11255,CUST001,Supermercado Boa Compra,STR-002,Filial Savassi,MG,Belo Horizonte,PROD-ANALYTICS,VendeFácil Analytics,2025-08-31 13:21:20,Dinheiro,366.9,Caixa 04,Aprovada
SLS-11256,CUST1610,Comércio de da Rocha Ltda,STR-009,Express Jaboatão dos Guararapes,PE,Jaboatão dos Guararapes,PROD-PAY,VendeFácil Pay,2025-01-02 15:38:41,Cartão de Crédito,161.1,Caixa 01,Aprovada
SLS-11257,CUST210,Lojas Cunha Eireli,STR-046,Filial Zona Sul Niterói,RJ,Niterói,PROD-ESTOQUE,VendeFácil Estoque,2026-02-17 18:30:31,Cartão de Débito,1435.1,Caixa 02,Aprovada
SLS-11258,CUST1410,Empório Campos Ltda,STR-027,Filial Centro Porto Alegre,RS,Porto Alegre,PROD-PDV,VendeFácil PDV,2025-05-25 20:53:12,Boleto Bancário,494.32,Caixa 03,Aprovada
SLS-11259,CUST1907,Mundo da Pimenta Comercial,STR-042,Filial Shopping Niterói,RJ,Niterói,PROD-ESTOQUE,VendeFácil Estoque,2025-02-23 19:01:53,Cartão de Crédito,1951.6,Caixa 02,Estornada
SLS-11260,CUST065,Centro de da Rocha Ltda,STR-037,Express Rio Verde,GO,Rio Verde,PROD-PAY,VendeFácil Pay,2025-12-29 10:06:51,Dinheiro,2472.99,Caixa 03,Cancelada
SLS-11261,CUST210,Lojas Cunha Eireli,STR-046,Filial Zona Sul Niterói,RJ,Niterói,PROD-ANALYTICS,VendeFácil Analytics,2025-01-18 21:27:17,Dinheiro,872.12,Caixa 02,Aprovada
SLS-11262,CUST475,Centro de Aragão Ltda,STR-019,Matriz Serra,ES,Serra,PROD-ESTOQUE,VendeFácil Estoque,2025-03-15 15:10:49,Boleto Bancário,931.93,Caixa 01,Aprovada
SLS-11263,CUST1220,Atacado Gonçalves Eireli,STR-048,Matriz Caucaia,CE,Caucaia,PROD-PAY,VendeFácil Pay,2025-05-12 13:52:19,PIX,509.67,Caixa 02,Estornada
SLS-11264,CUST1637,Atacado Mendonça S.A.,STR-036,Matriz Contagem,MG,Contagem,PROD-PAY,VendeFácil Pay,2026-02-17 23:41:56,PIX,2088.39,Caixa 01,Aprovada
SLS-11265,CUST934,Lojas Campos Ltda,STR-040,Express Brasília,DF,Brasília,PROD-PAY,VendeFácil Pay,2025-06-23 08:18:01,Cartão de Débito,168.53,Caixa 03,Aprovada
SLS-11266,CUST1903,Comércio de Ferreira Ltda,STR-012,Filial Shopping Caucaia,CE,Caucaia,PROD-ANALYTICS,VendeFácil Analytics,2025-08-12 05:56:50,Cartão de Crédito,886.73,Caixa 03,Aprovada
SLS-11267,CUST1887,Mercado Aparecida Ltda,STR-020,Filial Bairro Serra,ES,Serra,PROD-ESTOQUE,VendeFácil Estoque,2025-06-24 14:28:46,Boleto Bancário,1602.32,Caixa 03,Aprovada
SLS-11268,CUST1875,Empório da Cunha Eireli,STR-005,Filial Shopping Rio de Janeiro,RJ,Rio de Janeiro,PROD-PAY,VendeFácil Pay,2026-02-01 18:14:51,Dinheiro,541.2,Caixa 01,Aprovada
SLS-11269,CUST1629,Mundo da Vieira Comercial,STR-029,Matriz Águas Claras,DF,Águas Claras,PROD-PAY,VendeFácil Pay,2025-11-29 17:35:18,PIX,1102.89,Caixa 05,Aprovada
SLS-11270,CUST1875,Empório da Cunha Eireli,STR-005,Filial Shopping Rio de Janeiro,RJ,Rio de Janeiro,PROD-PAY,VendeFácil Pay,2025-01-26 13:59:46,PIX,3062.6,Caixa 01,Estornada
SLS-11271,CUST1427,Lojas Vieira Comercial,STR-047,Matriz Vitória da Conquista,BA,Vitória da Conquista,PROD-PAY,VendeFácil Pay,2025-11-25 13:28:26,Boleto Bancário,1031.72,Caixa 03,Cancelada
SLS-11272,CUST717,Rede da Mota S.A.,STR-039,Filial Shopping Cariacica,ES,Cariacica,PROD-LOJA,VendeFácil Loja,2025-07-20 00:53:31,Cartão de Débito,962.0,Caixa 01,Cancelada
SLS-11273,CUST714,Rede Borges Ltda,STR-018,Filial Zona Sul Porto Alegre,RS,Porto Alegre,PROD-ANALYTICS,VendeFácil Analytics,2025-04-09 19:43:05,Cartão de Crédito,929.75,Caixa 01,Aprovada
SLS-11274,CUST102,Rede Cardoso Me,STR-013,Filial Centro Uberlândia,MG,Uberlândia,PROD-PDV,VendeFácil PDV,2025-01-26 19:46:12,PIX,659.92,Caixa 01,Aprovada
SLS-11275,CUST1867,Lojas Teixeira Ltda,STR-006,Matriz Caxias do Sul,RS,Caxias do Sul,PROD-ANALYTICS,VendeFácil Analytics,2025-03-09 00:16:11,PIX,543.09,Caixa 03,Aprovada
SLS-11276,CUST1427,Lojas Vieira Comercial,STR-047,Matriz Vitória da Conquista,BA,Vitória da Conquista,PROD-PAY,VendeFácil Pay,2025-07-28 10:06:49,Cartão de Débito,1607.8,Caixa 03,Aprovada
SLS-11277,CUST140,Atacado da Rocha Ltda,STR-021,Express Salvador,BA,Salvador,PROD-LOJA,VendeFácil Loja,2025-09-10 12:49:05,PIX,1490.23,Caixa 03,Aprovada
SLS-11278,CUST1187,Mercado Almeida S.A.,STR-031,Filial Centro Vila Velha,ES,Vila Velha,PROD-LOJA,VendeFácil Loja,2025-01-03 00:14:57,PIX,818.92,Caixa 02,Aprovada
SLS-11279,CUST1689,Comércio de Ribeiro Comercial,STR-034,Filial Zona Sul Caucaia,CE,Caucaia,PROD-ANALYTICS,VendeFácil Analytics,2026-02-18 19:19:53,Cartão de Crédito,453.82,Caixa 01,Aprovada
SLS-11280,CUST1875,Empório da Cunha Eireli,STR-005,Filial Shopping Rio de Janeiro,RJ,Rio de Janeiro,PROD-ANALYTICS,VendeFácil Analytics,2025-06-30 09:17:49,Cartão de Débito,324.56,Caixa 01,Aprovada
SLS-11281,CUST1887,Mercado Aparecida Ltda,STR-020,Filial Bairro Serra,ES,Serra,PROD-PDV,VendeFácil PDV,2026-01-30 18:39:07,Dinheiro,680.28,Caixa 02,Aprovada
SLS-11282,CUST108,Lojas Abreu Ltda,STR-010,Matriz São Paulo,SP,São Paulo,PROD-ESTOQUE,VendeFácil Estoque,2025-04-14 19:16:14,Boleto Bancário,1849.1,Caixa 02,Aprovada
SLS-11283,CUST1398,Centro de Andrade Ltda,STR-033,Filial Zona Sul Curitiba,PR,Curitiba,PROD-ESTOQUE,VendeFácil Estoque,2025-06-12 17:06:37,PIX,1577.98,Caixa 02,Aprovada
SLS-11284,CUST1271,Mundo da da Cruz Ltda,STR-016,Filial Zona Sul Olinda,PE,Olinda,PROD-ESTOQUE,VendeFácil Estoque,2025-01-24 22:39:14,Cartão de Débito,1696.74,Caixa 03,Aprovada
SLS-11285,CUST024,Casa do Sá Ltda,STR-014,Filial Shopping Rio Verde,GO,Rio Verde,PROD-ANALYTICS,VendeFácil Analytics,2025-02-01 06:18:42,PIX,808.12,Caixa 01,Estornada
SLS-11286,CUST008,Auto Peças Central,STR-004,Matriz Ribeirão Preto,SP,Ribeirão Preto,PROD-PAY,VendeFácil Pay,2026-01-12 19:28:00,Cartão de Crédito,210.58,Caixa 010,Aprovada
SLS-11287,CUST1220,Atacado Gonçalves Eireli,STR-048,Matriz Caucaia,CE,Caucaia,PROD-ESTOQUE,VendeFácil Estoque,2025-05-18 21:03:30,PIX,1359.98,Caixa 04,Estornada
SLS-11288,CUST1875,Empório da Cunha Eireli,STR-005,Filial Shopping Rio de Janeiro,RJ,Rio de Janeiro,PROD-PAY,VendeFácil Pay,2025-09-01 21:42:48,Boleto Bancário,2706.66,Caixa 03,Aprovada
SLS-11289,CUST1610,Comércio de da Rocha Ltda,STR-009,Express Jaboatão dos Guararapes,PE,Jaboatão dos Guararapes,PROD-LOJA,VendeFácil Loja,2025-06-22 05:33:55,Dinheiro,688.29,Caixa 01,Aprovada
SLS-11290,CUST625,Comércio de Macedo Eireli,STR-025,Matriz Chapecó,SC,Chapecó,PROD-LOJA,VendeFácil Loja,2025-09-27 00:28:47,Cartão de Débito,742.73,Caixa 01,Aprovada
SLS-11291,CUST024,Casa do Sá Ltda,STR-014,Filial Shopping Rio Verde,GO,Rio Verde,PROD-ANALYTICS,VendeFácil Analytics,2026-01-20 17:55:06,Cartão de Débito,941.5,Caixa 01,Cancelada
SLS-11292,CUST140,Atacado da Rocha Ltda,STR-021,Express Salvador,BA,Salvador,PROD-ESTOQUE,VendeFácil Estoque,2025-10-21 09:08:47,PIX,1813.52,Caixa 010,Estornada
SLS-11293,CUST556,Lojas Cunha S.A.,STR-049,Filial Bairro Santa Maria,RS,Santa Maria,PROD-PDV,VendeFácil PDV,2025-03-13 23:57:07,Boleto Bancário,350.59,Caixa 03,Cancelada
SLS-11294,CUST835,Empório Marques Me,STR-017,Filial Centro Santos,SP,Santos,PROD-ESTOQUE,VendeFácil Estoque,2025-11-30 01:36:45,Cartão de Crédito,1934.48,Caixa 03,Cancelada
SLS-11295,CUST717,Rede da Mota S.A.,STR-039,Filial Shopping Cariacica,ES,Cariacica,PROD-ESTOQUE,VendeFácil Estoque,2025-06-20 18:57:14,Cartão de Débito,1399.68,Caixa 01,Aprovada
SLS-11296,CUST102,Rede Cardoso Me,STR-013,Filial Centro Uberlândia,MG,Uberlândia,PROD-LOJA,VendeFácil Loja,2025-03-20 01:29:16,Cartão de Crédito,496.97,Caixa 01,Estornada
SLS-11297,CUST365,Rede Casa Grande Comercial,STR-030,Filial Shopping Aparecida de Goiânia,GO,Aparecida de Goiânia,PROD-LOJA,VendeFácil Loja,2025-09-30 15:54:10,Boleto Bancário,792.46,Caixa 03,Aprovada
SLS-11298,CUST224,Empório Moraes Ltda,STR-043,Filial Bairro Rio Verde,GO,Rio Verde,PROD-PDV,VendeFácil PDV,2025-09-20 15:29:12,Cartão de Débito,886.45,Caixa 06,Cancelada
SLS-11299,CUST1427,Lojas Vieira Comercial,STR-047,Matriz Vitória da Conquista,BA,Vitória da Conquista,PROD-ESTOQUE,VendeFácil Estoque,2025-01-02 18:14:08,Dinheiro,1614.38,Caixa 01,Cancelada
SLS-11300,CUST140,Atacado da Rocha Ltda,STR-021,Express Salvador,BA,Salvador,PROD-PAY,VendeFácil Pay,2025-07-22 18:43:30,Cartão de Débito,435.94,Caixa 07,Aprovada
SLS-11301,CUST1271,Mundo da da Cruz Ltda,STR-016,Filial Zona Sul Olinda,PE,Olinda,PROD-ESTOQUE,VendeFácil Estoque,2025-03-28 15:37:57,PIX,1587.87,Caixa 03,Estornada
SLS-11302,CUST1637,Atacado Mendonça S.A.,STR-036,Matriz Contagem,MG,Contagem,PROD-PAY,VendeFácil Pay,2026-01-23 10:11:33,Cartão de Crédito,1488.55,Caixa 04,Aprovada
SLS-11303,CUST1689,Comércio de Ribeiro Comercial,STR-034,Filial Zona Sul Caucaia,CE,Caucaia,PROD-PDV,VendeFácil PDV,2025-08-16 07:00:27,PIX,557.33,Caixa 01,Cancelada
SLS-11304,CUST024,Casa do Sá Ltda,STR-014,Filial Shopping Rio Verde,GO,Rio Verde,PROD-PDV,VendeFácil PDV,2025-07-10 03:21:34,Dinheiro,848.59,Caixa 01,Aprovada
SLS-11305,CUST1162,Empório Monteiro Eireli,STR-035,Filial Zona Sul Juazeiro do Norte,CE,Juazeiro do Norte,PROD-ESTOQUE,VendeFácil Estoque,2025-05-31 05:20:25,Boleto Bancário,1716.76,Caixa 03,Cancelada
SLS-11306,CUST1887,Mercado Aparecida Ltda,STR-020,Filial Bairro Serra,ES,Serra,PROD-PAY,VendeFácil Pay,2025-10-08 21:37:00,PIX,2902.02,Caixa 01,Aprovada
SLS-11307,CUST1610,Comércio de da Rocha Ltda,STR-009,Express Jaboatão dos Guararapes,PE,Jaboatão dos Guararapes,PROD-ESTOQUE,VendeFácil Estoque,2025-04-23 23:48:10,Boleto Bancário,667.38,Caixa 01,Aprovada
SLS-11308,CUST1247,Centro de Aparecida Eireli,STR-011,Filial Shopping Brasília,DF,Brasília,PROD-ANALYTICS,VendeFácil Analytics,2025-12-14 20:52:11,PIX,275.14,Caixa 02,Aprovada
SLS-11309,CUST714,Rede Borges Ltda,STR-018,Filial Zona Sul Porto Alegre,RS,Porto Alegre,PROD-PAY,VendeFácil Pay,2025-11-18 23:13:12,Boleto Bancário,285.77,Caixa 01,Aprovada
SLS-11310,CUST1629,Mundo da Vieira Comercial,STR-029,Matriz Águas Claras,DF,Águas Claras,PROD-LOJA,VendeFácil Loja,2025-12-27 09:26:51,PIX,1086.1,Caixa 04,Aprovada
SLS-11311,CUST1139,Empório Freitas Me,STR-032,Filial Bairro Juiz de Fora,MG,Juiz de Fora,PROD-LOJA,VendeFácil Loja,2025-04-14 21:36:11,Dinheiro,475.91,Caixa 09,Cancelada
SLS-11312,CUST934,Lojas Campos Ltda,STR-040,Express Brasília,DF,Brasília,PROD-PDV,VendeFácil PDV,2025-08-20 07:39:02,Boleto Bancário,627.66,Caixa 02,Cancelada
SLS-11313,CUST1875,Empório da Cunha Eireli,STR-005,Filial Shopping Rio de Janeiro,RJ,Rio de Janeiro,PROD-ANALYTICS,VendeFácil Analytics,2025-11-05 02:06:52,Dinheiro,656.72,Caixa 02,Cancelada
SLS-11314,CUST717,Rede da Mota S.A.,STR-039,Filial Shopping Cariacica,ES,Cariacica,PROD-ANALYTICS,VendeFácil Analytics,2025-03-27 14:44:42,Dinheiro,397.07,Caixa 01,Cancelada
SLS-11315,CUST1398,Centro de Andrade Ltda,STR-033,Filial Zona Sul Curitiba,PR,Curitiba,PROD-ANALYTICS,VendeFácil Analytics,2025-04-16 19:07:09,PIX,852.87,Caixa 01,Estornada
SLS-11316,CUST1187,Mercado Almeida S.A.,STR-031,Filial Centro Vila Velha,ES,Vila Velha,PROD-PDV,VendeFácil PDV,2025-03-19 08:39:28,Dinheiro,565.54,Caixa 01,Aprovada
SLS-11317,CUST409,Rede da Cruz Eireli,STR-008,Matriz Fortaleza,CE,Fortaleza,PROD-PAY,VendeFácil Pay,2025-01-15 23:00:42,Cartão de Débito,2319.92,Caixa 03,Cancelada
SLS-11318,CUST1037,Casa do Sampaio S.A.,STR-007,Express Cascavel,PR,Cascavel,PROD-PAY,VendeFácil Pay,2025-11-28 19:39:41,Dinheiro,2037.85,Caixa 02,Cancelada
SLS-11319,CUST401,Comércio de Costela Eireli,STR-050,Express Contagem,MG,Contagem,PROD-PDV,VendeFácil PDV,2025-11-29 17:47:02,PIX,844.32,Caixa 02,Estornada
SLS-11320,CUST556,Lojas Cunha S.A.,STR-049,Filial Bairro Santa Maria,RS,Santa Maria,PROD-PAY,VendeFácil Pay,2025-01-19 04:18:41,PIX,1474.95,Caixa 01,Aprovada
SLS-11321,CUST1187,Mercado Almeida S.A.,STR-031,Filial Centro Vila Velha,ES,Vila Velha,PROD-ESTOQUE,VendeFácil Estoque,2025-10-29 20:12:03,Cartão de Crédito,1067.56,Caixa 01,Aprovada
SLS-11322,CUST714,Rede Borges Ltda,STR-018,Filial Zona Sul Porto Alegre,RS,Porto Alegre,PROD-PAY,VendeFácil Pay,2025-12-06 15:53:53,Cartão de Débito,1930.27,Caixa 01,Aprovada
SLS-11323,CUST1271,Mundo da da Cruz Ltda,STR-016,Filial Zona Sul Olinda,PE,Olinda,PROD-LOJA,VendeFácil Loja,2025-01-23 15:19:05,Boleto Bancário,753.97,Caixa 04,Cancelada
SLS-11324,CUST1427,Lojas Vieira Comercial,STR-047,Matriz Vitória da Conquista,BA,Vitória da Conquista,PROD-ESTOQUE,VendeFácil Estoque,2025-04-08 12:19:04,Cartão de Débito,1518.87,Caixa 01,Aprovada
SLS-11325,CUST1629,Mundo da Vieira Comercial,STR-029,Matriz Águas Claras,DF,Águas Claras,PROD-PDV,VendeFácil PDV,2026-01-28 06:13:08,Cartão de Crédito,404.08,Caixa 03,Aprovada
SLS-11326,CUST1015,Distribuidora Montenegro Me,STR-041,Filial Centro Rio de Janeiro,RJ,Rio de Janeiro,PROD-LOJA,VendeFácil Loja,2025-08-14 01:11:30,Cartão de Débito,530.95,Caixa 02,Cancelada
SLS-11327,CUST1187,Mercado Almeida S.A.,STR-031,Filial Centro Vila Velha,ES,Vila Velha,PROD-PAY,VendeFácil Pay,2025-12-12 08:06:22,Dinheiro,936.07,Caixa 02,Aprovada
SLS-11328,CUST005,Materiais de Construção Silva,STR-003,Matriz Juiz de Fora,MG,Juiz de Fora,PROD-LOJA,VendeFácil Loja,2025-09-18 19:33:57,Cartão de Crédito,506.18,Caixa 01,Aprovada
SLS-11329,CUST1875,Empório da Cunha Eireli,STR-005,Filial Shopping Rio de Janeiro,RJ,Rio de Janeiro,PROD-ANALYTICS,VendeFácil Analytics,2025-01-27 23:43:00,PIX,776.78,Caixa 01,Estornada
SLS-11330,CUST140,Atacado da Rocha Ltda,STR-021,Express Salvador,BA,Salvador,PROD-PDV,VendeFácil PDV,2025-04-12 14:35:06,Dinheiro,884.86,Caixa 02,Aprovada
SLS-11331,CUST1015,Distribuidora Montenegro Me,STR-041,Filial Centro Rio de Janeiro,RJ,Rio de Janeiro,PROD-ANALYTICS,VendeFácil Analytics,2026-02-02 19:26:08,Dinheiro,302.25,Caixa 01,Cancelada
SLS-11332,CUST1015,Distribuidora Montenegro Me,STR-041,Filial Centro Rio de Janeiro,RJ,Rio de Janeiro,PROD-ANALYTICS,VendeFácil Analytics,2025-11-13 16:15:11,Dinheiro,287.41,Caixa 03,Aprovada
SLS-11333,CUST1015,Distribuidora Montenegro Me,STR-041,Filial Centro Rio de Janeiro,RJ,Rio de Janeiro,PROD-LOJA,VendeFácil Loja,2026-02-16 22:50:55,Cartão de Débito,786.45,Caixa 09,Aprovada
SLS-11334,CUST835,Empório Marques Me,STR-017,Filial Centro Santos,SP,Santos,PROD-ANALYTICS,VendeFácil Analytics,2025-10-22 10:41:02,PIX,890.49,Caixa 02,Aprovada
SLS-11335,CUST1427,Lojas Vieira Comercial,STR-047,Matriz Vitória da Conquista,BA,Vitória da Conquista,PROD-ANALYTICS,VendeFácil Analytics,2025-06-02 00:47:17,PIX,552.4,Caixa 01,Cancelada
SLS-11336,CUST140,Atacado da Rocha Ltda,STR-021,Express Salvador,BA,Salvador,PROD-ESTOQUE,VendeFácil Estoque,2026-01-24 18:09:13,Dinheiro,1476.24,Caixa 02,Aprovada
SLS-11337,CUST009,Empório Gourmet Mineiro,STR-038,Express Ouro Preto,MG,Ouro Preto,PROD-ANALYTICS,VendeFácil Analytics,2025-07-07 16:29:36,Cartão de Crédito,670.99,Caixa 01,Estornada
SLS-11338,CUST1629,Mundo da Vieira Comercial,STR-029,Matriz Águas Claras,DF,Águas Claras,PROD-PDV,VendeFácil PDV,2025-09-18 14:19:37,Dinheiro,767.97,Caixa 02,Estornada
SLS-11339,CUST005,Materiais de Construção Silva,STR-003,Matriz Juiz de Fora,MG,Juiz de Fora,PROD-PAY,VendeFácil Pay,2025-02-15 12:04:00,Dinheiro,1217.5,Caixa 06,Estornada
SLS-11340,CUST1887,Mercado Aparecida Ltda,STR-020,Filial Bairro Serra,ES,Serra,PROD-ESTOQUE,VendeFácil Estoque,2025-04-27 08:15:06,Cartão de Crédito,937.13,Caixa 02,Estornada
SLS-11341,CUST1499,Distribuidora Costa Me,STR-024,Filial Centro Sorocaba,SP,Sorocaba,PROD-PAY,VendeFácil Pay,2025-06-27 22:49:19,Cartão de Débito,1721.88,Caixa 07,Aprovada
SLS-11342,CUST001,Supermercado Boa Compra,STR-002,Filial Savassi,MG,Belo Horizonte,PROD-ANALYTICS,VendeFácil Analytics,2025-04-17 10:55:07,Cartão de Débito,806.3,Caixa 04,Estornada
SLS-11343,CUST835,Empório Marques Me,STR-017,Filial Centro Santos,SP,Santos,PROD-ESTOQUE,VendeFácil Estoque,2026-01-08 04:27:14,Cartão de Débito,1597.09,Caixa 05,Aprovada
SLS-11344,CUST1162,Empório Monteiro Eireli,STR-035,Filial Zona Sul Juazeiro do Norte,CE,Juazeiro do Norte,PROD-PDV,VendeFácil PDV,2025-11-18 17:43:59,Cartão de Débito,749.99,Caixa 01,Aprovada
SLS-11345,CUST1875,Empório da Cunha Eireli,STR-005,Filial Shopping Rio de Janeiro,RJ,Rio de Janeiro,PROD-PDV,VendeFácil PDV,2025-06-22 00:28:40,Cartão de Crédito,834.68,Caixa 01,Cancelada
SLS-11346,CUST224,Empório Moraes Ltda,STR-043,Filial Bairro Rio Verde,GO,Rio Verde,PROD-ANALYTICS,VendeFácil Analytics,2025-10-17 20:05:27,PIX,701.87,Caixa 03,Aprovada
SLS-11347,CUST391,Distribuidora Oliveira Eireli,STR-015,Filial Bairro Anápolis,GO,Anápolis,PROD-LOJA,VendeFácil Loja,2025-05-21 17:27:30,Boleto Bancário,1165.95,Caixa 01,Estornada
SLS-11348,CUST009,Empório Gourmet Mineiro,STR-038,Express Ouro Preto,MG,Ouro Preto,PROD-PAY,VendeFácil Pay,2025-04-15 17:43:32,Boleto Bancário,977.65,Caixa 01,Cancelada
SLS-11349,CUST1427,Lojas Vieira Comercial,STR-047,Matriz Vitória da Conquista,BA,Vitória da Conquista,PROD-ESTOQUE,VendeFácil Estoque,2025-10-02 14:44:53,Cartão de Débito,1480.01,Caixa 01,Aprovada
SLS-11350,CUST401,Comércio de Costela Eireli,STR-050,Express Contagem,MG,Contagem,PROD-PDV,VendeFácil PDV,2026-02-20 05:31:05,Boleto Bancário,869.34,Caixa 02,Estornada
SLS-11351,CUST001,Supermercado Boa Compra,STR-002,Filial Savassi,MG,Belo Horizonte,PROD-PAY,VendeFácil Pay,2025-07-16 06:48:52,PIX,1782.33,Caixa 02,Aprovada
SLS-11352,CUST625,Comércio de Macedo Eireli,STR-025,Matriz Chapecó,SC,Chapecó,PROD-ANALYTICS,VendeFácil Analytics,2025-03-05 21:50:14,Boleto Bancário,942.96,Caixa 01,Aprovada
SLS-11353,CUST1875,Empório da Cunha Eireli,STR-005,Filial Shopping Rio de Janeiro,RJ,Rio de Janeiro,PROD-ESTOQUE,VendeFácil Estoque,2025-06-10 14:21:02,Cartão de Crédito,904.05,Caixa 01,Aprovada
SLS-11354,CUST1610,Comércio de da Rocha Ltda,STR-009,Express Jaboatão dos Guararapes,PE,Jaboatão dos Guararapes,PROD-ESTOQUE,VendeFácil Estoque,2025-05-18 22:20:41,Dinheiro,1300.88,Caixa 01,Aprovada
SLS-11355,CUST1427,Lojas Vieira Comercial,STR-047,Matriz Vitória da Conquista,BA,Vitória da Conquista,PROD-ANALYTICS,VendeFácil Analytics,2025-10-11 08:02:08,Boleto Bancário,591.76,Caixa 03,Estornada
SLS-11356,CUST001,Supermercado Boa Compra,STR-002,Filial Savassi,MG,Belo Horizonte,PROD-ANALYTICS,VendeFácil Analytics,2025-08-20 22:21:53,PIX,479.18,Caixa 03,Aprovada
SLS-11357,CUST034,Rede Pires Comercial,STR-026,Filial Shopping Caruaru,PE,Caruaru,PROD-LOJA,VendeFácil Loja,2025-05-31 00:58:46,Dinheiro,572.27,Caixa 01,Aprovada
SLS-11358,CUST1875,Empório da Cunha Eireli,STR-005,Filial Shopping Rio de Janeiro,RJ,Rio de Janeiro,PROD-LOJA,VendeFácil Loja,2025-07-22 13:07:30,Boleto Bancário,1368.67,Caixa 01,Aprovada
SLS-11359,CUST008,Auto Peças Central,STR-004,Matriz Ribeirão Preto,SP,Ribeirão Preto,PROD-PAY,VendeFácil Pay,2025-07-16 08:58:07,Boleto Bancário,2359.79,Caixa 07,Aprovada
SLS-11360,CUST1875,Empório da Cunha Eireli,STR-005,Filial Shopping Rio de Janeiro,RJ,Rio de Janeiro,PROD-PAY,VendeFácil Pay,2026-02-05 12:59:13,Boleto Bancário,2783.01,Caixa 03,Aprovada
SLS-11361,CUST833,Lojas Azevedo Comercial,STR-023,Filial Centro Taguatinga,DF,Taguatinga,PROD-ESTOQUE,VendeFácil Estoque,2025-11-24 06:39:07,Boleto Bancário,1511.11,Caixa 07,Aprovada
SLS-11362,CUST1867,Lojas Teixeira Ltda,STR-006,Matriz Caxias do Sul,RS,Caxias do Sul,PROD-PAY,VendeFácil Pay,2025-01-24 00:57:30,Cartão de Crédito,2883.34,Caixa 03,Aprovada
SLS-11363,CUST1903,Comércio de Ferreira Ltda,STR-012,Filial Shopping Caucaia,CE,Caucaia,PROD-LOJA,VendeFácil Loja,2025-06-25 02:18:49,Cartão de Crédito,1313.24,Caixa 03,Aprovada
SLS-11364,CUST1611,Comércio de Fogaça S.A.,STR-044,Filial Zona Sul Caucaia,CE,Caucaia,PROD-PAY,VendeFácil Pay,2025-07-24 17:31:00,Cartão de Crédito,658.09,Caixa 02,Cancelada
SLS-11365,CUST001,Supermercado Boa Compra,STR-001,Filial Matriz - Centro BH,MG,Belo Horizonte,PROD-ANALYTICS,VendeFácil Analytics,2026-01-22 08:46:54,Cartão de Crédito,296.27,Caixa 06,Aprovada
SLS-11366,CUST625,Comércio de Macedo Eireli,STR-025,Matriz Chapecó,SC,Chapecó,PROD-PDV,VendeFácil PDV,2025-07-11 17:33:23,Cartão de Débito,663.34,Caixa 01,Aprovada
SLS-11367,CUST833,Lojas Azevedo Comercial,STR-023,Filial Centro Taguatinga,DF,Taguatinga,PROD-PDV,VendeFácil PDV,2025-05-14 21:25:17,Boleto Bancário,634.03,Caixa 08,Cancelada
SLS-11368,CUST140,Atacado da Rocha Ltda,STR-021,Express Salvador,BA,Salvador,PROD-PDV,VendeFácil PDV,2025-03-10 00:17:38,Cartão de Débito,357.54,Caixa 06,Aprovada
SLS-11369,CUST1271,Mundo da da Cruz Ltda,STR-016,Filial Zona Sul Olinda,PE,Olinda,PROD-ANALYTICS,VendeFácil Analytics,2025-11-30 15:51:14,Boleto Bancário,316.33,Caixa 02,Aprovada
SLS-11370,CUST1490,Mundo da da Mota Me,STR-045,Filial Shopping Vila Velha,ES,Vila Velha,PROD-LOJA,VendeFácil Loja,2025-09-15 01:52:43,PIX,500.89,Caixa 02,Aprovada
SLS-11371,CUST1867,Lojas Teixeira Ltda,STR-006,Matriz Caxias do Sul,RS,Caxias do Sul,PROD-ESTOQUE,VendeFácil Estoque,2025-10-26 03:04:10,Cartão de Débito,627.23,Caixa 01,Aprovada
SLS-11372,CUST391,Distribuidora Oliveira Eireli,STR-015,Filial Bairro Anápolis,GO,Anápolis,PROD-ANALYTICS,VendeFácil Analytics,2025-10-01 15:01:14,Cartão de Crédito,691.92,Caixa 01,Aprovada
SLS-11373,CUST1637,Atacado Mendonça S.A.,STR-036,Matriz Contagem,MG,Contagem,PROD-PAY,VendeFácil Pay,2025-08-22 03:32:35,PIX,1953.12,Caixa 04,Estornada
SLS-11374,CUST1689,Comércio de Ribeiro Comercial,STR-034,Filial Zona Sul Caucaia,CE,Caucaia,PROD-ANALYTICS,VendeFácil Analytics,2025-06-04 04:41:31,Cartão de Débito,782.69,Caixa 01,Aprovada
SLS-11375,CUST1907,Mundo da Pimenta Comercial,STR-042,Filial Shopping Niterói,RJ,Niterói,PROD-PDV,VendeFácil PDV,2025-03-15 15:34:34,Dinheiro,704.53,Caixa 01,Estornada
SLS-11376,CUST1875,Empório da Cunha Eireli,STR-005,Filial Shopping Rio de Janeiro,RJ,Rio de Janeiro,PROD-LOJA,VendeFácil Loja,2025-04-02 07:08:33,PIX,838.71,Caixa 01,Aprovada
SLS-11377,CUST102,Rede Cardoso Me,STR-013,Filial Centro Uberlândia,MG,Uberlândia,PROD-ESTOQUE,VendeFácil Estoque,2025-09-15 15:43:08,Cartão de Débito,1945.44,Caixa 01,Estornada
SLS-11378,CUST001,Supermercado Boa Compra,STR-002,Filial Savassi,MG,Belo Horizonte,PROD-LOJA,VendeFácil Loja,2025-03-12 06:07:26,Cartão de Débito,1212.4,Caixa 01,Aprovada
SLS-11379,CUST108,Lojas Abreu Ltda,STR-010,Matriz São Paulo,SP,São Paulo,PROD-ANALYTICS,VendeFácil Analytics,2025-07-29 17:29:26,PIX,322.17,Caixa 01,Aprovada
SLS-11380,CUST140,Atacado da Rocha Ltda,STR-021,Express Salvador,BA,Salvador,PROD-PAY,VendeFácil Pay,2025-10-17 05:09:28,PIX,404.44,Caixa 07,Aprovada
SLS-11381,CUST1271,Mundo da da Cruz Ltda,STR-016,Filial Zona Sul Olinda,PE,Olinda,PROD-PAY,VendeFácil Pay,2025-03-14 04:41:12,Cartão de Crédito,2661.58,Caixa 03,Aprovada
SLS-11382,CUST005,Materiais de Construção Silva,STR-003,Matriz Juiz de Fora,MG,Juiz de Fora,PROD-ESTOQUE,VendeFácil Estoque,2025-10-28 04:45:03,Cartão de Crédito,1480.61,Caixa 01,Aprovada
SLS-11383,CUST625,Comércio de Macedo Eireli,STR-025,Matriz Chapecó,SC,Chapecó,PROD-PDV,VendeFácil PDV,2025-02-18 22:21:11,PIX,809.18,Caixa 01,Aprovada
SLS-11384,CUST835,Empório Marques Me,STR-017,Filial Centro Santos,SP,Santos,PROD-LOJA,VendeFácil Loja,2025-04-18 08:08:31,Dinheiro,502.14,Caixa 02,Estornada
SLS-11385,CUST1903,Comércio de Ferreira Ltda,STR-012,Filial Shopping Caucaia,CE,Caucaia,PROD-ESTOQUE,VendeFácil Estoque,2025-09-22 13:47:34,PIX,1676.94,Caixa 02,Aprovada
SLS-11386,CUST1427,Lojas Vieira Comercial,STR-047,Matriz Vitória da Conquista,BA,Vitória da Conquista,PROD-LOJA,VendeFácil Loja,2025-06-21 14:59:25,Cartão de Débito,759.91,Caixa 01,Aprovada
SLS-11387,CUST1903,Comércio de Ferreira Ltda,STR-012,Filial Shopping Caucaia,CE,Caucaia,PROD-ANALYTICS,VendeFácil Analytics,2025-06-02 10:50:52,Dinheiro,559.9,Caixa 01,Aprovada
SLS-11388,CUST835,Empório Marques Me,STR-017,Filial Centro Santos,SP,Santos,PROD-PAY,VendeFácil Pay,2025-08-09 15:38:02,Cartão de Crédito,917.52,Caixa 06,Aprovada
SLS-11389,CUST1427,Lojas Vieira Comercial,STR-047,Matriz Vitória da Conquista,BA,Vitória da Conquista,PROD-PAY,VendeFácil Pay,2025-07-02 09:00:42,Boleto Bancário,2356.06,Caixa 03,Estornada
SLS-11390,CUST1187,Mercado Almeida S.A.,STR-031,Filial Centro Vila Velha,ES,Vila Velha,PROD-ESTOQUE,VendeFácil Estoque,2025-05-22 20:51:24,Dinheiro,1439.09,Caixa 02,Aprovada
SLS-11391,CUST934,Lojas Campos Ltda,STR-040,Express Brasília,DF,Brasília,PROD-ESTOQUE,VendeFácil Estoque,2025-07-02 14:44:13,PIX,988.57,Caixa 01,Aprovada
SLS-11392,CUST034,Rede Pires Comercial,STR-026,Filial Shopping Caruaru,PE,Caruaru,PROD-LOJA,VendeFácil Loja,2025-10-16 02:24:54,Cartão de Débito,931.6,Caixa 01,Aprovada
SLS-11393,CUST1499,Distribuidora Costa Me,STR-024,Filial Centro Sorocaba,SP,Sorocaba,PROD-ESTOQUE,VendeFácil Estoque,2025-11-24 18:36:04,PIX,1413.19,Caixa 07,Aprovada
SLS-11394,CUST1887,Mercado Aparecida Ltda,STR-020,Filial Bairro Serra,ES,Serra,PROD-LOJA,VendeFácil Loja,2025-08-31 13:27:07,Cartão de Crédito,666.63,Caixa 03,Estornada
SLS-11395,CUST1499,Distribuidora Costa Me,STR-024,Filial Centro Sorocaba,SP,Sorocaba,PROD-LOJA,VendeFácil Loja,2025-08-15 09:51:33,Boleto Bancário,872.08,Caixa 06,Estornada
SLS-11396,CUST391,Distribuidora Oliveira Eireli,STR-015,Filial Bairro Anápolis,GO,Anápolis,PROD-ESTOQUE,VendeFácil Estoque,2025-10-15 21:08:15,Boleto Bancário,679.65,Caixa 01,Estornada
SLS-11397,CUST1271,Mundo da da Cruz Ltda,STR-016,Filial Zona Sul Olinda,PE,Olinda,PROD-LOJA,VendeFácil Loja,2025-04-14 14:08:09,Boleto Bancário,1415.39,Caixa 02,Aprovada
SLS-11398,CUST1037,Casa do Sampaio S.A.,STR-007,Express Cascavel,PR,Cascavel,PROD-ANALYTICS,VendeFácil Analytics,2025-02-11 05:42:12,Boleto Bancário,854.39,Caixa 07,Aprovada
SLS-11399,CUST1220,Atacado Gonçalves Eireli,STR-048,Matriz Caucaia,CE,Caucaia,PROD-PAY,VendeFácil Pay,2025-04-25 11:47:44,Cartão de Débito,753.26,Caixa 06,Aprovada
SLS-11400,CUST1410,Empório Campos Ltda,STR-027,Filial Centro Porto Alegre,RS,Porto Alegre,PROD-LOJA,VendeFácil Loja,2025-09-14 15:37:31,Cartão de Crédito,1132.32,Caixa 01,Aprovada
SLS-11401,CUST1037,Casa do Sampaio S.A.,STR-007,Express Cascavel,PR,Cascavel,PROD-PAY,VendeFácil Pay,2025-03-17 10:46:41,Dinheiro,1521.76,Caixa 04,Cancelada
SLS-11402,CUST717,Rede da Mota S.A.,STR-039,Filial Shopping Cariacica,ES,Cariacica,PROD-PAY,VendeFácil Pay,2026-02-08 23:55:50,PIX,1357.54,Caixa 01,Aprovada
SLS-11403,CUST1611,Comércio de Fogaça S.A.,STR-044,Filial Zona Sul Caucaia,CE,Caucaia,PROD-PAY,VendeFácil Pay,2025-02-12 03:41:44,Boleto Bancário,2792.87,Caixa 02,Estornada
SLS-11404,CUST365,Rede Casa Grande Comercial,STR-030,Filial Shopping Aparecida de Goiânia,GO,Aparecida de Goiânia,PROD-PDV,VendeFácil PDV,2025-05-06 00:50:30,Boleto Bancário,785.46,Caixa 04,Aprovada
SLS-11405,CUST625,Comércio de Macedo Eireli,STR-025,Matriz Chapecó,SC,Chapecó,PROD-ANALYTICS,VendeFácil Analytics,2025-12-20 06:02:44,PIX,910.09,Caixa 01,Cancelada
SLS-11406,CUST934,Lojas Campos Ltda,STR-040,Express Brasília,DF,Brasília,PROD-ANALYTICS,VendeFácil Analytics,2025-10-11 00:41:43,Dinheiro,877.37,Caixa 02,Estornada
SLS-11407,CUST714,Rede Borges Ltda,STR-018,Filial Zona Sul Porto Alegre,RS,Porto Alegre,PROD-ESTOQUE,VendeFácil Estoque,2025-03-02 04:47:57,PIX,1948.78,Caixa 01,Aprovada
SLS-11408,CUST009,Empório Gourmet Mineiro,STR-038,Express Ouro Preto,MG,Ouro Preto,PROD-LOJA,VendeFácil Loja,2026-02-05 16:05:36,Boleto Bancário,594.18,Caixa 01,Aprovada
SLS-11409,CUST1220,Atacado Gonçalves Eireli,STR-048,Matriz Caucaia,CE,Caucaia,PROD-ESTOQUE,VendeFácil Estoque,2025-07-18 10:47:47,Cartão de Débito,1608.47,Caixa 02,Aprovada
SLS-11410,CUST717,Rede da Mota S.A.,STR-039,Filial Shopping Cariacica,ES,Cariacica,PROD-ANALYTICS,VendeFácil Analytics,2025-03-13 21:18:07,Dinheiro,691.43,Caixa 01,Aprovada
SLS-11411,CUST024,Casa do Sá Ltda,STR-014,Filial Shopping Rio Verde,GO,Rio Verde,PROD-PAY,VendeFácil Pay,2025-05-15 18:24:33,PIX,3080.56,Caixa 01,Aprovada
SLS-11412,CUST1907,Mundo da Pimenta Comercial,STR-042,Filial Shopping Niterói,RJ,Niterói,PROD-ANALYTICS,VendeFácil Analytics,2026-01-03 10:38:10,Dinheiro,572.12,Caixa 02,Aprovada
SLS-11413,CUST1611,Comércio de Fogaça S.A.,STR-044,Filial Zona Sul Caucaia,CE,Caucaia,PROD-ANALYTICS,VendeFácil Analytics,2025-12-16 20:03:01,Cartão de Crédito,402.92,Caixa 02,Cancelada
SLS-11414,CUST409,Rede da Cruz Eireli,STR-008,Matriz Fortaleza,CE,Fortaleza,PROD-PDV,VendeFácil PDV,2025-07-19 03:54:41,Cartão de Crédito,538.95,Caixa 03,Aprovada
SLS-11415,CUST409,Rede da Cruz Eireli,STR-008,Matriz Fortaleza,CE,Fortaleza,PROD-ESTOQUE,VendeFácil Estoque,2025-10-18 21:54:17,Cartão de Débito,1579.76,Caixa 01,Aprovada
SLS-11416,CUST102,Rede Cardoso Me,STR-013,Filial Centro Uberlândia,MG,Uberlândia,PROD-ESTOQUE,VendeFácil Estoque,2025-05-20 09:53:58,Cartão de Crédito,1199.59,Caixa 01,Aprovada
SLS-11417,CUST224,Empório Moraes Ltda,STR-043,Filial Bairro Rio Verde,GO,Rio Verde,PROD-ESTOQUE,VendeFácil Estoque,2025-12-18 09:57:45,Dinheiro,1673.9,Caixa 03,Aprovada
SLS-11418,CUST065,Centro de da Rocha Ltda,STR-037,Express Rio Verde,GO,Rio Verde,PROD-LOJA,VendeFácil Loja,2025-02-15 02:15:36,PIX,1350.12,Caixa 04,Cancelada
SLS-11419,CUST024,Casa do Sá Ltda,STR-014,Filial Shopping Rio Verde,GO,Rio Verde,PROD-PDV,VendeFácil PDV,2025-05-09 19:49:16,PIX,406.01,Caixa 01,Aprovada
SLS-11420,CUST009,Empório Gourmet Mineiro,STR-038,Express Ouro Preto,MG,Ouro Preto,PROD-PAY,VendeFácil Pay,2025-12-06 23:56:45,PIX,2419.54,Caixa 01,Aprovada
SLS-11421,CUST1907,Mundo da Pimenta Comercial,STR-042,Filial Shopping Niterói,RJ,Niterói,PROD-ESTOQUE,VendeFácil Estoque,2025-01-20 05:28:49,Dinheiro,1327.11,Caixa 02,Aprovada
SLS-11422,CUST409,Rede da Cruz Eireli,STR-008,Matriz Fortaleza,CE,Fortaleza,PROD-PAY,VendeFácil Pay,2025-01-17 02:38:03,Dinheiro,1914.62,Caixa 01,Aprovada
SLS-11423,CUST108,Lojas Abreu Ltda,STR-010,Matriz São Paulo,SP,São Paulo,PROD-ESTOQUE,VendeFácil Estoque,2025-05-13 18:16:30,Cartão de Débito,940.52,Caixa 02,Aprovada
SLS-11424,CUST008,Auto Peças Central,STR-004,Matriz Ribeirão Preto,SP,Ribeirão Preto,PROD-LOJA,VendeFácil Loja,2025-04-12 02:43:09,Boleto Bancário,458.14,Caixa 08,Cancelada
SLS-11425,CUST224,Empório Moraes Ltda,STR-043,Filial Bairro Rio Verde,GO,Rio Verde,PROD-ANALYTICS,VendeFácil Analytics,2025-10-30 03:37:46,Cartão de Crédito,894.55,Caixa 04,Aprovada
SLS-11426,CUST1867,Lojas Teixeira Ltda,STR-006,Matriz Caxias do Sul,RS,Caxias do Sul,PROD-ANALYTICS,VendeFácil Analytics,2025-02-20 03:08:45,Boleto Bancário,331.2,Caixa 02,Estornada
SLS-11427,CUST1037,Casa do Sampaio S.A.,STR-007,Express Cascavel,PR,Cascavel,PROD-LOJA,VendeFácil Loja,2025-01-09 04:55:41,Cartão de Débito,1395.9,Caixa 01,Aprovada
SLS-11428,CUST1689,Comércio de Ribeiro Comercial,STR-034,Filial Zona Sul Caucaia,CE,Caucaia,PROD-PDV,VendeFácil PDV,2025-05-29 03:21:00,PIX,421.56,Caixa 02,Estornada
SLS-11429,CUST1887,Mercado Aparecida Ltda,STR-020,Filial Bairro Serra,ES,Serra,PROD-ESTOQUE,VendeFácil Estoque,2025-09-06 02:44:01,Dinheiro,807.56,Caixa 02,Aprovada
SLS-11430,CUST1398,Centro de Andrade Ltda,STR-033,Filial Zona Sul Curitiba,PR,Curitiba,PROD-ANALYTICS,VendeFácil Analytics,2025-07-14 10:43:29,Boleto Bancário,381.27,Caixa 01,Aprovada
SLS-11431,CUST1637,Atacado Mendonça S.A.,STR-036,Matriz Contagem,MG,Contagem,PROD-PDV,VendeFácil PDV,2025-01-20 23:11:52,Boleto Bancário,512.9,Caixa 01,Estornada
SLS-11432,CUST625,Comércio de Macedo Eireli,STR-025,Matriz Chapecó,SC,Chapecó,PROD-PAY,VendeFácil Pay,2025-05-27 06:09:53,Cartão de Crédito,2031.42,Caixa 01,Aprovada
SLS-11433,CUST475,Centro de Aragão Ltda,STR-019,Matriz Serra,ES,Serra,PROD-PDV,VendeFácil PDV,2025-02-08 08:38:45,PIX,846.84,Caixa 01,Aprovada
SLS-11434,CUST008,Auto Peças Central,STR-004,Matriz Ribeirão Preto,SP,Ribeirão Preto,PROD-PAY,VendeFácil Pay,2025-12-06 15:46:39,Cartão de Crédito,1277.84,Caixa 07,Cancelada
SLS-11435,CUST835,Empório Marques Me,STR-017,Filial Centro Santos,SP,Santos,PROD-LOJA,VendeFácil Loja,2025-06-22 06:05:17,Cartão de Débito,584.81,Caixa 06,Aprovada
SLS-11436,CUST1220,Atacado Gonçalves Eireli,STR-048,Matriz Caucaia,CE,Caucaia,PROD-PDV,VendeFácil PDV,2025-01-02 05:03:29,Cartão de Débito,502.82,Caixa 06,Aprovada
SLS-11437,CUST210,Lojas Cunha Eireli,STR-046,Filial Zona Sul Niterói,RJ,Niterói,PROD-PAY,VendeFácil Pay,2025-10-05 21:44:37,Dinheiro,942.23,Caixa 03,Aprovada
SLS-11438,CUST1612,Comércio de Garcia Me,STR-028,Filial Centro Uberaba,MG,Uberaba,PROD-PAY,VendeFácil Pay,2025-05-25 18:26:52,Dinheiro,3046.28,Caixa 02,Aprovada
SLS-11439,CUST001,Supermercado Boa Compra,STR-002,Filial Savassi,MG,Belo Horizonte,PROD-PDV,VendeFácil PDV,2025-10-30 22:53:20,Cartão de Débito,583.65,Caixa 03,Estornada
SLS-11440,CUST034,Rede Pires Comercial,STR-026,Filial Shopping Caruaru,PE,Caruaru,PROD-LOJA,VendeFácil Loja,2025-07-06 18:22:53,Cartão de Débito,1374.03,Caixa 01,Aprovada
SLS-11441,CUST1015,Distribuidora Montenegro Me,STR-041,Filial Centro Rio de Janeiro,RJ,Rio de Janeiro,PROD-PDV,VendeFácil PDV,2025-08-22 05:40:55,Boleto Bancário,568.27,Caixa 011,Aprovada
SLS-11442,CUST034,Rede Pires Comercial,STR-026,Filial Shopping Caruaru,PE,Caruaru,PROD-PDV,VendeFácil PDV,2025-05-13 13:56:11,PIX,607.26,Caixa 01,Aprovada
SLS-11443,CUST475,Centro de Aragão Ltda,STR-019,Matriz Serra,ES,Serra,PROD-LOJA,VendeFácil Loja,2025-02-26 08:06:01,PIX,1485.38,Caixa 01,Cancelada
SLS-11444,CUST1907,Mundo da Pimenta Comercial,STR-042,Filial Shopping Niterói,RJ,Niterói,PROD-ANALYTICS,VendeFácil Analytics,2025-04-03 09:29:27,PIX,801.22,Caixa 02,Aprovada
SLS-11445,CUST001,Supermercado Boa Compra,STR-001,Filial Matriz - Centro BH,MG,Belo Horizonte,PROD-ANALYTICS,VendeFácil Analytics,2025-07-29 19:42:54,Dinheiro,291.3,Caixa 05,Aprovada
SLS-11446,CUST1139,Empório Freitas Me,STR-032,Filial Bairro Juiz de Fora,MG,Juiz de Fora,PROD-PAY,VendeFácil Pay,2025-03-14 00:16:50,Boleto Bancário,1334.78,Caixa 04,Cancelada
SLS-11447,CUST1427,Lojas Vieira Comercial,STR-047,Matriz Vitória da Conquista,BA,Vitória da Conquista,PROD-PDV,VendeFácil PDV,2025-06-29 05:52:26,Cartão de Crédito,473.86,Caixa 03,Aprovada
SLS-11448,CUST1903,Comércio de Ferreira Ltda,STR-012,Filial Shopping Caucaia,CE,Caucaia,PROD-PAY,VendeFácil Pay,2025-03-21 10:20:12,PIX,1717.43,Caixa 04,Aprovada
SLS-11449,CUST108,Lojas Abreu Ltda,STR-010,Matriz São Paulo,SP,São Paulo,PROD-ESTOQUE,VendeFácil Estoque,2025-07-03 22:03:49,Dinheiro,1377.29,Caixa 01,Aprovada
SLS-11450,CUST714,Rede Borges Ltda,STR-018,Filial Zona Sul Porto Alegre,RS,Porto Alegre,PROD-PDV,VendeFácil PDV,2026-01-07 20:10:45,Cartão de Débito,594.28,Caixa 01,Aprovada
SLS-11451,CUST1499,Distribuidora Costa Me,STR-024,Filial Centro Sorocaba,SP,Sorocaba,PROD-PDV,VendeFácil PDV,2025-12-27 04:12:13,Cartão de Crédito,537.4,Caixa 01,Aprovada
SLS-11452,CUST102,Rede Cardoso Me,STR-013,Filial Centro Uberlândia,MG,Uberlândia,PROD-ANALYTICS,VendeFácil Analytics,2025-03-16 05:59:51,Dinheiro,664.43,Caixa 01,Aprovada
SLS-11453,CUST475,Centro de Aragão Ltda,STR-019,Matriz Serra,ES,Serra,PROD-LOJA,VendeFácil Loja,2025-09-08 20:15:44,PIX,1054.66,Caixa 01,Cancelada
SLS-11454,CUST1271,Mundo da da Cruz Ltda,STR-016,Filial Zona Sul Olinda,PE,Olinda,PROD-ESTOQUE,VendeFácil Estoque,2025-10-04 00:37:33,PIX,525.36,Caixa 03,Aprovada
SLS-11455,CUST934,Lojas Campos Ltda,STR-040,Express Brasília,DF,Brasília,PROD-LOJA,VendeFácil Loja,2025-05-05 10:58:09,PIX,1070.72,Caixa 01,Cancelada
SLS-11456,CUST556,Lojas Cunha S.A.,STR-049,Filial Bairro Santa Maria,RS,Santa Maria,PROD-PDV,VendeFácil PDV,2025-12-02 09:33:44,Cartão de Débito,603.55,Caixa 02,Aprovada
SLS-11457,CUST475,Centro de Aragão Ltda,STR-019,Matriz Serra,ES,Serra,PROD-ESTOQUE,VendeFácil Estoque,2025-10-09 01:19:32,Cartão de Crédito,616.65,Caixa 01,Aprovada
SLS-11458,CUST625,Comércio de Macedo Eireli,STR-025,Matriz Chapecó,SC,Chapecó,PROD-LOJA,VendeFácil Loja,2025-09-12 20:21:41,PIX,1137.79,Caixa 01,Aprovada
SLS-11459,CUST1637,Atacado Mendonça S.A.,STR-036,Matriz Contagem,MG,Contagem,PROD-PDV,VendeFácil PDV,2025-12-08 05:18:44,PIX,469.84,Caixa 06,Cancelada
SLS-11460,CUST1427,Lojas Vieira Comercial,STR-047,Matriz Vitória da Conquista,BA,Vitória da Conquista,PROD-ANALYTICS,VendeFácil Analytics,2025-05-09 08:43:18,Boleto Bancário,667.38,Caixa 01,Aprovada
SLS-11461,CUST552,Distribuidora Cavalcante Eireli,STR-022,Filial Bairro Jaboatão dos Guararapes,PE,Jaboatão dos Guararapes,PROD-LOJA,VendeFácil Loja,2025-06-26 17:56:56,Cartão de Débito,1047.52,Caixa 02,Estornada
SLS-11462,CUST401,Comércio de Costela Eireli,STR-050,Express Contagem,MG,Contagem,PROD-PAY,VendeFácil Pay,2026-01-24 10:07:51,Cartão de Crédito,1836.22,Caixa 01,Aprovada
SLS-11463,CUST717,Rede da Mota S.A.,STR-039,Filial Shopping Cariacica,ES,Cariacica,PROD-ANALYTICS,VendeFácil Analytics,2025-10-18 23:12:55,PIX,732.63,Caixa 01,Aprovada
SLS-11464,CUST1689,Comércio de Ribeiro Comercial,STR-034,Filial Zona Sul Caucaia,CE,Caucaia,PROD-PAY,VendeFácil Pay,2025-08-08 00:32:16,Boleto Bancário,318.7,Caixa 01,Aprovada
SLS-11465,CUST552,Distribuidora Cavalcante Eireli,STR-022,Filial Bairro Jaboatão dos Guararapes,PE,Jaboatão dos Guararapes,PROD-ANALYTICS,VendeFácil Analytics,2025-05-04 08:30:09,Boleto Bancário,779.3,Caixa 02,Aprovada
SLS-11466,CUST005,Materiais de Construção Silva,STR-003,Matriz Juiz de Fora,MG,Juiz de Fora,PROD-ANALYTICS,VendeFácil Analytics,2025-06-12 05:14:21,Boleto Bancário,540.06,Caixa 02,Aprovada
SLS-11467,CUST224,Empório Moraes Ltda,STR-043,Filial Bairro Rio Verde,GO,Rio Verde,PROD-PDV,VendeFácil PDV,2025-06-03 21:23:57,Dinheiro,381.64,Caixa 03,Aprovada
SLS-11468,CUST1015,Distribuidora Montenegro Me,STR-041,Filial Centro Rio de Janeiro,RJ,Rio de Janeiro,PROD-PAY,VendeFácil Pay,2025-05-24 07:04:47,Boleto Bancário,2274.2,Caixa 010,Cancelada
SLS-11469,CUST1247,Centro de Aparecida Eireli,STR-011,Filial Shopping Brasília,DF,Brasília,PROD-PAY,VendeFácil Pay,2025-07-23 10:46:05,Cartão de Débito,1017.86,Caixa 02,Aprovada
SLS-11470,CUST140,Atacado da Rocha Ltda,STR-021,Express Salvador,BA,Salvador,PROD-PDV,VendeFácil PDV,2025-09-30 10:16:00,Cartão de Crédito,479.81,Caixa 03,Aprovada
SLS-11471,CUST1903,Comércio de Ferreira Ltda,STR-012,Filial Shopping Caucaia,CE,Caucaia,PROD-LOJA,VendeFácil Loja,2025-09-20 00:10:24,PIX,694.04,Caixa 04,Estornada
SLS-11472,CUST1610,Comércio de da Rocha Ltda,STR-009,Express Jaboatão dos Guararapes,PE,Jaboatão dos Guararapes,PROD-PDV,VendeFácil PDV,2026-01-04 12:03:04,Cartão de Débito,483.16,Caixa 01,Cancelada
SLS-11473,CUST1037,Casa do Sampaio S.A.,STR-007,Express Cascavel,PR,Cascavel,PROD-PAY,VendeFácil Pay,2025-06-23 11:28:50,Boleto Bancário,959.73,Caixa 01,Aprovada
SLS-11474,CUST1903,Comércio de Ferreira Ltda,STR-012,Filial Shopping Caucaia,CE,Caucaia,PROD-ANALYTICS,VendeFácil Analytics,2025-10-16 13:47:33,PIX,363.51,Caixa 02,Aprovada
SLS-11475,CUST1629,Mundo da Vieira Comercial,STR-029,Matriz Águas Claras,DF,Águas Claras,PROD-ESTOQUE,VendeFácil Estoque,2026-01-26 07:45:04,Cartão de Crédito,1469.17,Caixa 05,Aprovada
SLS-11476,CUST1611,Comércio de Fogaça S.A.,STR-044,Filial Zona Sul Caucaia,CE,Caucaia,PROD-LOJA,VendeFácil Loja,2025-07-03 06:36:01,Cartão de Crédito,1331.64,Caixa 03,Estornada
SLS-11477,CUST1162,Empório Monteiro Eireli,STR-035,Filial Zona Sul Juazeiro do Norte,CE,Juazeiro do Norte,PROD-ESTOQUE,VendeFácil Estoque,2025-09-26 14:05:08,Cartão de Crédito,558.67,Caixa 01,Aprovada
SLS-11478,CUST717,Rede da Mota S.A.,STR-039,Filial Shopping Cariacica,ES,Cariacica,PROD-ANALYTICS,VendeFácil Analytics,2025-04-05 22:28:22,Dinheiro,313.45,Caixa 01,Aprovada
SLS-11479,CUST1139,Empório Freitas Me,STR-032,Filial Bairro Juiz de Fora,MG,Juiz de Fora,PROD-ESTOQUE,VendeFácil Estoque,2025-11-04 05:03:17,Cartão de Crédito,529.4,Caixa 02,Aprovada
SLS-11480,CUST365,Rede Casa Grande Comercial,STR-030,Filial Shopping Aparecida de Goiânia,GO,Aparecida de Goiânia,PROD-ESTOQUE,VendeFácil Estoque,2025-03-03 13:04:38,Cartão de Crédito,1369.61,Caixa 04,Aprovada
SLS-11481,CUST717,Rede da Mota S.A.,STR-039,Filial Shopping Cariacica,ES,Cariacica,PROD-ANALYTICS,VendeFácil Analytics,2025-01-03 14:25:32,Cartão de Crédito,940.34,Caixa 01,Aprovada
SLS-11482,CUST024,Casa do Sá Ltda,STR-014,Filial Shopping Rio Verde,GO,Rio Verde,PROD-ESTOQUE,VendeFácil Estoque,2025-10-28 05:42:44,Dinheiro,557.28,Caixa 01,Aprovada
SLS-11483,CUST1903,Comércio de Ferreira Ltda,STR-012,Filial Shopping Caucaia,CE,Caucaia,PROD-PDV,VendeFácil PDV,2025-08-03 03:28:00,Dinheiro,376.32,Caixa 02,Estornada
SLS-11484,CUST1271,Mundo da da Cruz Ltda,STR-016,Filial Zona Sul Olinda,PE,Olinda,PROD-LOJA,VendeFácil Loja,2025-11-13 08:13:02,Boleto Bancário,1060.66,Caixa 01,Cancelada
SLS-11485,CUST008,Auto Peças Central,STR-004,Matriz Ribeirão Preto,SP,Ribeirão Preto,PROD-PDV,VendeFácil PDV,2025-11-27 00:47:21,Cartão de Crédito,732.72,Caixa 06,Aprovada
SLS-11486,CUST1037,Casa do Sampaio S.A.,STR-007,Express Cascavel,PR,Cascavel,PROD-ESTOQUE,VendeFácil Estoque,2025-04-05 12:23:51,Boleto Bancário,1556.16,Caixa 05,Estornada
SLS-11487,CUST1139,Empório Freitas Me,STR-032,Filial Bairro Juiz de Fora,MG,Juiz de Fora,PROD-PAY,VendeFácil Pay,2026-01-14 13:24:55,Cartão de Débito,3010.09,Caixa 05,Aprovada
SLS-11488,CUST1427,Lojas Vieira Comercial,STR-047,Matriz Vitória da Conquista,BA,Vitória da Conquista,PROD-PAY,VendeFácil Pay,2025-11-15 05:11:34,Cartão de Crédito,121.4,Caixa 02,Estornada
SLS-11489,CUST024,Casa do Sá Ltda,STR-014,Filial Shopping Rio Verde,GO,Rio Verde,PROD-ESTOQUE,VendeFácil Estoque,2025-02-12 14:01:11,Boleto Bancário,1183.56,Caixa 01,Aprovada
SLS-11490,CUST552,Distribuidora Cavalcante Eireli,STR-022,Filial Bairro Jaboatão dos Guararapes,PE,Jaboatão dos Guararapes,PROD-LOJA,VendeFácil Loja,2025-08-14 10:29:00,Cartão de Crédito,882.77,Caixa 01,Cancelada
SLS-11491,CUST475,Centro de Aragão Ltda,STR-019,Matriz Serra,ES,Serra,PROD-LOJA,VendeFácil Loja,2025-04-11 22:21:54,PIX,1411.2,Caixa 01,Aprovada
SLS-11492,CUST1612,Comércio de Garcia Me,STR-028,Filial Centro Uberaba,MG,Uberaba,PROD-ANALYTICS,VendeFácil Analytics,2025-12-31 15:35:00,Cartão de Débito,290.89,Caixa 02,Estornada
SLS-11493,CUST1187,Mercado Almeida S.A.,STR-031,Filial Centro Vila Velha,ES,Vila Velha,PROD-ANALYTICS,VendeFácil Analytics,2025-02-04 04:33:06,PIX,798.63,Caixa 01,Cancelada
SLS-11494,CUST1867,Lojas Teixeira Ltda,STR-006,Matriz Caxias do Sul,RS,Caxias do Sul,PROD-LOJA,VendeFácil Loja,2025-09-02 19:55:54,PIX,841.53,Caixa 01,Estornada
SLS-11495,CUST934,Lojas Campos Ltda,STR-040,Express Brasília,DF,Brasília,PROD-ESTOQUE,VendeFácil Estoque,2025-03-09 08:57:11,PIX,1496.01,Caixa 02,Aprovada
SLS-11496,CUST1015,Distribuidora Montenegro Me,STR-041,Filial Centro Rio de Janeiro,RJ,Rio de Janeiro,PROD-ANALYTICS,VendeFácil Analytics,2025-01-13 14:04:03,Boleto Bancário,692.83,Caixa 04,Aprovada
SLS-11497,CUST1271,Mundo da da Cruz Ltda,STR-016,Filial Zona Sul Olinda,PE,Olinda,PROD-ESTOQUE,VendeFácil Estoque,2025-04-12 17:42:19,PIX,1293.34,Caixa 02,Aprovada
SLS-11498,CUST1610,Comércio de da Rocha Ltda,STR-009,Express Jaboatão dos Guararapes,PE,Jaboatão dos Guararapes,PROD-PAY,VendeFácil Pay,2026-01-04 10:21:27,Dinheiro,1215.55,Caixa 01,Aprovada
SLS-11499,CUST1867,Lojas Teixeira Ltda,STR-006,Matriz Caxias do Sul,RS,Caxias do Sul,PROD-LOJA,VendeFácil Loja,2025-03-19 22:04:25,Cartão de Débito,603.75,Caixa 01,Aprovada
SLS-11500,CUST1220,Atacado Gonçalves Eireli,STR-048,Matriz Caucaia,CE,Caucaia,PROD-ANALYTICS,VendeFácil Analytics,2025-06-22 08:56:38,Dinheiro,776.64,Caixa 05,Estornada
SLS-11501,CUST108,Lojas Abreu Ltda,STR-010,Matriz São Paulo,SP,São Paulo,PROD-ESTOQUE,VendeFácil Estoque,2025-12-26 02:39:47,Cartão de Crédito,703.37,Caixa 02,Aprovada
SLS-11502,CUST717,Rede da Mota S.A.,STR-039,Filial Shopping Cariacica,ES,Cariacica,PROD-PAY,VendeFácil Pay,2025-07-14 13:50:05,Dinheiro,741.9,Caixa 01,Cancelada
SLS-11503,CUST210,Lojas Cunha Eireli,STR-046,Filial Zona Sul Niterói,RJ,Niterói,PROD-PDV,VendeFácil PDV,2025-09-09 23:59:50,Dinheiro,458.92,Caixa 03,Aprovada
SLS-11504,CUST1410,Empório Campos Ltda,STR-027,Filial Centro Porto Alegre,RS,Porto Alegre,PROD-PAY,VendeFácil Pay,2025-02-06 12:24:32,Cartão de Crédito,2859.66,Caixa 01,Aprovada
SLS-11505,CUST1037,Casa do Sampaio S.A.,STR-007,Express Cascavel,PR,Cascavel,PROD-LOJA,VendeFácil Loja,2025-12-08 01:06:15,Boleto Bancário,1282.25,Caixa 03,Estornada
SLS-11506,CUST1612,Comércio de Garcia Me,STR-028,Filial Centro Uberaba,MG,Uberaba,PROD-LOJA,VendeFácil Loja,2025-04-05 15:41:42,Boleto Bancário,1351.04,Caixa 02,Aprovada
SLS-11507,CUST1875,Empório da Cunha Eireli,STR-005,Filial Shopping Rio de Janeiro,RJ,Rio de Janeiro,PROD-ESTOQUE,VendeFácil Estoque,2025-09-07 06:39:56,Cartão de Débito,960.72,Caixa 02,Aprovada
SLS-11508,CUST1271,Mundo da da Cruz Ltda,STR-016,Filial Zona Sul Olinda,PE,Olinda,PROD-LOJA,VendeFácil Loja,2025-12-11 14:16:53,Cartão de Débito,1422.69,Caixa 04,Cancelada
SLS-11509,CUST1187,Mercado Almeida S.A.,STR-031,Filial Centro Vila Velha,ES,Vila Velha,PROD-LOJA,VendeFácil Loja,2025-09-28 16:04:00,Dinheiro,715.79,Caixa 02,Aprovada
SLS-11510,CUST1247,Centro de Aparecida Eireli,STR-011,Filial Shopping Brasília,DF,Brasília,PROD-PAY,VendeFácil Pay,2025-05-28 13:23:03,PIX,184.61,Caixa 02,Estornada
SLS-11511,CUST1610,Comércio de da Rocha Ltda,STR-009,Express Jaboatão dos Guararapes,PE,Jaboatão dos Guararapes,PROD-PDV,VendeFácil PDV,2025-07-31 21:03:57,Cartão de Crédito,874.18,Caixa 01,Aprovada
SLS-11512,CUST625,Comércio de Macedo Eireli,STR-025,Matriz Chapecó,SC,Chapecó,PROD-LOJA,VendeFácil Loja,2025-02-26 05:12:22,PIX,1351.67,Caixa 01,Aprovada
SLS-11513,CUST1410,Empório Campos Ltda,STR-027,Filial Centro Porto Alegre,RS,Porto Alegre,PROD-ANALYTICS,VendeFácil Analytics,2025-04-02 21:44:46,Cartão de Crédito,767.79,Caixa 03,Aprovada
SLS-11514,CUST934,Lojas Campos Ltda,STR-040,Express Brasília,DF,Brasília,PROD-PAY,VendeFácil Pay,2026-02-03 07:50:47,Cartão de Débito,2160.75,Caixa 02,Aprovada
SLS-11515,CUST1875,Empório da Cunha Eireli,STR-005,Filial Shopping Rio de Janeiro,RJ,Rio de Janeiro,PROD-PAY,VendeFácil Pay,2025-02-26 10:57:53,Boleto Bancário,2708.66,Caixa 03,Aprovada
SLS-11516,CUST001,Supermercado Boa Compra,STR-001,Filial Matriz - Centro BH,MG,Belo Horizonte,PROD-ESTOQUE,VendeFácil Estoque,2026-02-08 07:07:54,Cartão de Débito,1820.54,Caixa 08,Cancelada
SLS-11517,CUST1490,Mundo da da Mota Me,STR-045,Filial Shopping Vila Velha,ES,Vila Velha,PROD-PDV,VendeFácil PDV,2025-05-27 12:33:25,Boleto Bancário,740.44,Caixa 02,Aprovada
SLS-11518,CUST1499,Distribuidora Costa Me,STR-024,Filial Centro Sorocaba,SP,Sorocaba,PROD-PAY,VendeFácil Pay,2025-05-30 23:51:49,PIX,1487.69,Caixa 04,Aprovada
SLS-11519,CUST1907,Mundo da Pimenta Comercial,STR-042,Filial Shopping Niterói,RJ,Niterói,PROD-PAY,VendeFácil Pay,2025-03-10 03:24:29,Cartão de Débito,1469.29,Caixa 01,Aprovada
SLS-11520,CUST102,Rede Cardoso Me,STR-013,Filial Centro Uberlândia,MG,Uberlândia,PROD-ESTOQUE,VendeFácil Estoque,2025-12-22 02:02:33,Dinheiro,1531.09,Caixa 01,Aprovada
SLS-11521,CUST1875,Empório da Cunha Eireli,STR-005,Filial Shopping Rio de Janeiro,RJ,Rio de Janeiro,PROD-ANALYTICS,VendeFácil Analytics,2025-09-07 14:34:15,Boleto Bancário,258.23,Caixa 01,Aprovada
SLS-11522,CUST1015,Distribuidora Montenegro Me,STR-041,Filial Centro Rio de Janeiro,RJ,Rio de Janeiro,PROD-ESTOQUE,VendeFácil Estoque,2026-02-06 18:56:26,Boleto Bancário,788.69,Caixa 02,Aprovada
SLS-11523,CUST1610,Comércio de da Rocha Ltda,STR-009,Express Jaboatão dos Guararapes,PE,Jaboatão dos Guararapes,PROD-ESTOQUE,VendeFácil Estoque,2025-01-14 01:47:03,Dinheiro,925.35,Caixa 01,Aprovada
SLS-11524,CUST625,Comércio de Macedo Eireli,STR-025,Matriz Chapecó,SC,Chapecó,PROD-LOJA,VendeFácil Loja,2026-01-31 19:46:30,Cartão de Crédito,617.1,Caixa 01,Aprovada
SLS-11525,CUST1629,Mundo da Vieira Comercial,STR-029,Matriz Águas Claras,DF,Águas Claras,PROD-PAY,VendeFácil Pay,2025-07-15 00:50:06,Dinheiro,615.83,Caixa 06,Cancelada
SLS-11526,CUST717,Rede da Mota S.A.,STR-039,Filial Shopping Cariacica,ES,Cariacica,PROD-ANALYTICS,VendeFácil Analytics,2026-01-06 23:14:01,PIX,738.12,Caixa 01,Aprovada
SLS-11527,CUST552,Distribuidora Cavalcante Eireli,STR-022,Filial Bairro Jaboatão dos Guararapes,PE,Jaboatão dos Guararapes,PROD-LOJA,VendeFácil Loja,2025-11-07 10:24:51,Boleto Bancário,1363.15,Caixa 01,Aprovada
SLS-11528,CUST1637,Atacado Mendonça S.A.,STR-036,Matriz Contagem,MG,Contagem,PROD-ANALYTICS,VendeFácil Analytics,2025-05-24 20:41:22,PIX,329.61,Caixa 02,Aprovada
SLS-11529,CUST835,Empório Marques Me,STR-017,Filial Centro Santos,SP,Santos,PROD-LOJA,VendeFácil Loja,2026-01-26 03:24:25,Dinheiro,1422.89,Caixa 03,Aprovada
SLS-11530,CUST1907,Mundo da Pimenta Comercial,STR-042,Filial Shopping Niterói,RJ,Niterói,PROD-PDV,VendeFácil PDV,2025-02-09 03:56:32,Cartão de Débito,507.56,Caixa 01,Aprovada
SLS-11531,CUST833,Lojas Azevedo Comercial,STR-023,Filial Centro Taguatinga,DF,Taguatinga,PROD-PAY,VendeFácil Pay,2026-01-02 23:23:05,PIX,1731.86,Caixa 01,Aprovada
SLS-11532,CUST1689,Comércio de Ribeiro Comercial,STR-034,Filial Zona Sul Caucaia,CE,Caucaia,PROD-PAY,VendeFácil Pay,2025-10-23 23:15:44,PIX,971.81,Caixa 01,Aprovada
SLS-11533,CUST475,Centro de Aragão Ltda,STR-019,Matriz Serra,ES,Serra,PROD-LOJA,VendeFácil Loja,2025-05-04 02:19:32,Cartão de Débito,840.29,Caixa 01,Aprovada
SLS-11534,CUST1611,Comércio de Fogaça S.A.,STR-044,Filial Zona Sul Caucaia,CE,Caucaia,PROD-LOJA,VendeFácil Loja,2025-04-08 19:01:17,PIX,694.63,Caixa 02,Aprovada
SLS-11535,CUST1887,Mercado Aparecida Ltda,STR-020,Filial Bairro Serra,ES,Serra,PROD-LOJA,VendeFácil Loja,2025-06-30 18:24:41,PIX,608.76,Caixa 03,Estornada
SLS-11536,CUST001,Supermercado Boa Compra,STR-001,Filial Matriz - Centro BH,MG,Belo Horizonte,PROD-ANALYTICS,VendeFácil Analytics,2025-09-22 11:34:09,Boleto Bancário,447.28,Caixa 02,Aprovada
SLS-11537,CUST1629,Mundo da Vieira Comercial,STR-029,Matriz Águas Claras,DF,Águas Claras,PROD-LOJA,VendeFácil Loja,2025-01-19 03:19:15,Dinheiro,431.29,Caixa 04,Estornada
SLS-11538,CUST1037,Casa do Sampaio S.A.,STR-007,Express Cascavel,PR,Cascavel,PROD-PAY,VendeFácil Pay,2025-09-27 20:20:37,Cartão de Crédito,1561.52,Caixa 02,Aprovada
SLS-11539,CUST1867,Lojas Teixeira Ltda,STR-006,Matriz Caxias do Sul,RS,Caxias do Sul,PROD-LOJA,VendeFácil Loja,2025-09-22 14:10:21,Boleto Bancário,1478.86,Caixa 04,Aprovada
SLS-11540,CUST1867,Lojas Teixeira Ltda,STR-006,Matriz Caxias do Sul,RS,Caxias do Sul,PROD-PAY,VendeFácil Pay,2025-08-29 14:01:52,Boleto Bancário,1181.62,Caixa 02,Estornada
SLS-11541,CUST102,Rede Cardoso Me,STR-013,Filial Centro Uberlândia,MG,Uberlândia,PROD-ANALYTICS,VendeFácil Analytics,2025-02-03 17:20:54,PIX,753.59,Caixa 01,Aprovada
SLS-11542,CUST1162,Empório Monteiro Eireli,STR-035,Filial Zona Sul Juazeiro do Norte,CE,Juazeiro do Norte,PROD-LOJA,VendeFácil Loja,2025-04-08 09:18:19,Cartão de Débito,1104.42,Caixa 01,Cancelada
SLS-11543,CUST833,Lojas Azevedo Comercial,STR-023,Filial Centro Taguatinga,DF,Taguatinga,PROD-LOJA,VendeFácil Loja,2025-08-14 05:27:34,Dinheiro,800.28,Caixa 06,Aprovada
SLS-11544,CUST1271,Mundo da da Cruz Ltda,STR-016,Filial Zona Sul Olinda,PE,Olinda,PROD-PAY,VendeFácil Pay,2026-01-30 18:32:19,Cartão de Crédito,961.22,Caixa 04,Aprovada
SLS-11545,CUST224,Empório Moraes Ltda,STR-043,Filial Bairro Rio Verde,GO,Rio Verde,PROD-PDV,VendeFácil PDV,2025-08-28 17:32:53,Cartão de Débito,652.16,Caixa 01,Estornada
SLS-11546,CUST552,Distribuidora Cavalcante Eireli,STR-022,Filial Bairro Jaboatão dos Guararapes,PE,Jaboatão dos Guararapes,PROD-LOJA,VendeFácil Loja,2025-08-06 15:34:26,Dinheiro,928.21,Caixa 01,Aprovada
SLS-11547,CUST401,Comércio de Costela Eireli,STR-050,Express Contagem,MG,Contagem,PROD-PDV,VendeFácil PDV,2025-03-19 18:45:59,Cartão de Débito,460.43,Caixa 02,Aprovada
SLS-11548,CUST1187,Mercado Almeida S.A.,STR-031,Filial Centro Vila Velha,ES,Vila Velha,PROD-ANALYTICS,VendeFácil Analytics,2025-08-09 21:34:23,Dinheiro,817.78,Caixa 01,Aprovada
SLS-11549,CUST140,Atacado da Rocha Ltda,STR-021,Express Salvador,BA,Salvador,PROD-LOJA,VendeFácil Loja,2026-02-20 02:13:45,Cartão de Crédito,745.13,Caixa 09,Aprovada
SLS-11550,CUST1887,Mercado Aparecida Ltda,STR-020,Filial Bairro Serra,ES,Serra,PROD-PDV,VendeFácil PDV,2025-05-03 00:09:39,Dinheiro,602.24,Caixa 01,Aprovada
SLS-11551,CUST1162,Empório Monteiro Eireli,STR-035,Filial Zona Sul Juazeiro do Norte,CE,Juazeiro do Norte,PROD-PAY,VendeFácil Pay,2025-08-30 04:33:12,PIX,2023.95,Caixa 02,Cancelada
SLS-11552,CUST210,Lojas Cunha Eireli,STR-046,Filial Zona Sul Niterói,RJ,Niterói,PROD-ESTOQUE,VendeFácil Estoque,2025-09-05 17:17:54,Boleto Bancário,1169.26,Caixa 03,Aprovada
SLS-11553,CUST409,Rede da Cruz Eireli,STR-008,Matriz Fortaleza,CE,Fortaleza,PROD-PAY,VendeFácil Pay,2025-05-30 05:06:17,Cartão de Débito,502.25,Caixa 03,Aprovada
SLS-11554,CUST1907,Mundo da Pimenta Comercial,STR-042,Filial Shopping Niterói,RJ,Niterói,PROD-ANALYTICS,VendeFácil Analytics,2025-04-12 00:02:23,Dinheiro,293.03,Caixa 02,Aprovada
SLS-11555,CUST108,Lojas Abreu Ltda,STR-010,Matriz São Paulo,SP,São Paulo,PROD-PDV,VendeFácil PDV,2025-03-14 10:08:44,Cartão de Crédito,454.47,Caixa 02,Aprovada
SLS-11556,CUST024,Casa do Sá Ltda,STR-014,Filial Shopping Rio Verde,GO,Rio Verde,PROD-PDV,VendeFácil PDV,2025-06-28 23:58:50,Boleto Bancário,808.33,Caixa 01,Aprovada
SLS-11557,CUST1037,Casa do Sampaio S.A.,STR-007,Express Cascavel,PR,Cascavel,PROD-PAY,VendeFácil Pay,2026-02-06 15:33:13,PIX,2140.01,Caixa 08,Aprovada
SLS-11558,CUST625,Comércio de Macedo Eireli,STR-025,Matriz Chapecó,SC,Chapecó,PROD-PAY,VendeFácil Pay,2025-08-11 12:44:17,Boleto Bancário,1319.85,Caixa 01,Aprovada
SLS-11559,CUST475,Centro de Aragão Ltda,STR-019,Matriz Serra,ES,Serra,PROD-PAY,VendeFácil Pay,2025-11-09 13:44:56,Dinheiro,2666.99,Caixa 01,Aprovada
SLS-11560,CUST401,Comércio de Costela Eireli,STR-050,Express Contagem,MG,Contagem,PROD-PDV,VendeFácil PDV,2025-01-09 22:23:28,Cartão de Débito,432.26,Caixa 02,Aprovada
SLS-11561,CUST1611,Comércio de Fogaça S.A.,STR-044,Filial Zona Sul Caucaia,CE,Caucaia,PROD-LOJA,VendeFácil Loja,2025-04-11 16:42:28,Dinheiro,612.32,Caixa 02,Aprovada
SLS-11562,CUST1867,Lojas Teixeira Ltda,STR-006,Matriz Caxias do Sul,RS,Caxias do Sul,PROD-PDV,VendeFácil PDV,2026-01-25 09:24:25,Cartão de Crédito,881.4,Caixa 01,Aprovada
SLS-11563,CUST001,Supermercado Boa Compra,STR-002,Filial Savassi,MG,Belo Horizonte,PROD-LOJA,VendeFácil Loja,2025-09-02 08:51:22,Boleto Bancário,445.58,Caixa 01,Aprovada
SLS-11564,CUST1139,Empório Freitas Me,STR-032,Filial Bairro Juiz de Fora,MG,Juiz de Fora,PROD-PAY,VendeFácil Pay,2025-02-28 03:00:28,Cartão de Débito,230.68,Caixa 02,Aprovada
SLS-11565,CUST1875,Empório da Cunha Eireli,STR-005,Filial Shopping Rio de Janeiro,RJ,Rio de Janeiro,PROD-ESTOQUE,VendeFácil Estoque,2025-08-03 00:19:28,PIX,1240.84,Caixa 01,Aprovada
SLS-11566,CUST833,Lojas Azevedo Comercial,STR-023,Filial Centro Taguatinga,DF,Taguatinga,PROD-PAY,VendeFácil Pay,2026-01-03 07:36:25,Cartão de Débito,2637.19,Caixa 06,Cancelada
SLS-11567,CUST365,Rede Casa Grande Comercial,STR-030,Filial Shopping Aparecida de Goiânia,GO,Aparecida de Goiânia,PROD-PAY,VendeFácil Pay,2025-04-15 08:02:01,Cartão de Débito,981.29,Caixa 02,Aprovada
SLS-11568,CUST1139,Empório Freitas Me,STR-032,Filial Bairro Juiz de Fora,MG,Juiz de Fora,PROD-PDV,VendeFácil PDV,2025-11-04 06:48:16,PIX,503.19,Caixa 07,Aprovada
SLS-11569,CUST065,Centro de da Rocha Ltda,STR-037,Express Rio Verde,GO,Rio Verde,PROD-LOJA,VendeFácil Loja,2025-07-16 08:49:40,Dinheiro,1415.78,Caixa 06,Aprovada
SLS-11570,CUST475,Centro de Aragão Ltda,STR-019,Matriz Serra,ES,Serra,PROD-ESTOQUE,VendeFácil Estoque,2026-02-20 05:40:16,PIX,1796.13,Caixa 01,Aprovada
SLS-11571,CUST1490,Mundo da da Mota Me,STR-045,Filial Shopping Vila Velha,ES,Vila Velha,PROD-ANALYTICS,VendeFácil Analytics,2025-08-05 13:17:03,Cartão de Crédito,795.08,Caixa 01,Aprovada
SLS-11572,CUST034,Rede Pires Comercial,STR-026,Filial Shopping Caruaru,PE,Caruaru,PROD-LOJA,VendeFácil Loja,2025-05-16 21:33:46,Cartão de Crédito,1487.24,Caixa 01,Estornada
SLS-11573,CUST1610,Comércio de da Rocha Ltda,STR-009,Express Jaboatão dos Guararapes,PE,Jaboatão dos Guararapes,PROD-PDV,VendeFácil PDV,2025-01-21 01:15:06,Cartão de Crédito,361.23,Caixa 01,Estornada
SLS-11574,CUST008,Auto Peças Central,STR-004,Matriz Ribeirão Preto,SP,Ribeirão Preto,PROD-LOJA,VendeFácil Loja,2025-12-08 13:43:32,PIX,744.79,Caixa 010,Aprovada
SLS-11575,CUST1637,Atacado Mendonça S.A.,STR-036,Matriz Contagem,MG,Contagem,PROD-LOJA,VendeFácil Loja,2025-05-24 07:35:24,Cartão de Crédito,940.01,Caixa 01,Aprovada
SLS-11576,CUST1907,Mundo da Pimenta Comercial,STR-042,Filial Shopping Niterói,RJ,Niterói,PROD-PDV,VendeFácil PDV,2025-11-27 07:12:51,Cartão de Crédito,522.94,Caixa 02,Estornada
SLS-11577,CUST024,Casa do Sá Ltda,STR-014,Filial Shopping Rio Verde,GO,Rio Verde,PROD-PAY,VendeFácil Pay,2025-12-31 07:18:35,PIX,386.44,Caixa 01,Aprovada
SLS-11578,CUST1427,Lojas Vieira Comercial,STR-047,Matriz Vitória da Conquista,BA,Vitória da Conquista,PROD-PAY,VendeFácil Pay,2025-01-27 19:09:46,Dinheiro,1874.16,Caixa 01,Cancelada
SLS-11579,CUST1629,Mundo da Vieira Comercial,STR-029,Matriz Águas Claras,DF,Águas Claras,PROD-PDV,VendeFácil PDV,2026-01-08 00:07:45,Cartão de Débito,810.95,Caixa 05,Aprovada
SLS-11580,CUST1903,Comércio de Ferreira Ltda,STR-012,Filial Shopping Caucaia,CE,Caucaia,PROD-ESTOQUE,VendeFácil Estoque,2025-06-21 10:08:47,PIX,989.3,Caixa 02,Cancelada
SLS-11581,CUST1611,Comércio de Fogaça S.A.,STR-044,Filial Zona Sul Caucaia,CE,Caucaia,PROD-PAY,VendeFácil Pay,2026-01-14 08:22:41,PIX,2871.92,Caixa 02,Estornada
SLS-11582,CUST1629,Mundo da Vieira Comercial,STR-029,Matriz Águas Claras,DF,Águas Claras,PROD-ANALYTICS,VendeFácil Analytics,2025-02-15 08:49:37,Boleto Bancário,525.74,Caixa 05,Estornada
SLS-11583,CUST001,Supermercado Boa Compra,STR-002,Filial Savassi,MG,Belo Horizonte,PROD-PDV,VendeFácil PDV,2025-03-13 04:59:30,Boleto Bancário,630.75,Caixa 03,Cancelada
SLS-11584,CUST1887,Mercado Aparecida Ltda,STR-020,Filial Bairro Serra,ES,Serra,PROD-ANALYTICS,VendeFácil Analytics,2025-12-24 09:20:11,Boleto Bancário,842.76,Caixa 02,Estornada
SLS-11585,CUST391,Distribuidora Oliveira Eireli,STR-015,Filial Bairro Anápolis,GO,Anápolis,PROD-PDV,VendeFácil PDV,2025-01-19 12:42:04,Dinheiro,861.31,Caixa 01,Aprovada
SLS-11586,CUST934,Lojas Campos Ltda,STR-040,Express Brasília,DF,Brasília,PROD-ANALYTICS,VendeFácil Analytics,2025-04-14 22:00:54,Boleto Bancário,683.11,Caixa 02,Aprovada
SLS-11587,CUST1037,Casa do Sampaio S.A.,STR-007,Express Cascavel,PR,Cascavel,PROD-PAY,VendeFácil Pay,2025-03-05 11:13:45,Cartão de Crédito,2108.45,Caixa 04,Aprovada
SLS-11588,CUST1410,Empório Campos Ltda,STR-027,Filial Centro Porto Alegre,RS,Porto Alegre,PROD-LOJA,VendeFácil Loja,2025-11-28 01:02:52,PIX,840.15,Caixa 02,Aprovada
SLS-11589,CUST1187,Mercado Almeida S.A.,STR-031,Filial Centro Vila Velha,ES,Vila Velha,PROD-PDV,VendeFácil PDV,2025-09-18 18:01:52,Boleto Bancário,564.99,Caixa 01,Estornada
SLS-11590,CUST1689,Comércio de Ribeiro Comercial,STR-034,Filial Zona Sul Caucaia,CE,Caucaia,PROD-ESTOQUE,VendeFácil Estoque,2025-07-29 08:35:57,Boleto Bancário,1301.67,Caixa 02,Aprovada
SLS-11591,CUST1867,Lojas Teixeira Ltda,STR-006,Matriz Caxias do Sul,RS,Caxias do Sul,PROD-ANALYTICS,VendeFácil Analytics,2026-02-02 23:17:50,Cartão de Crédito,571.92,Caixa 04,Aprovada
SLS-11592,CUST009,Empório Gourmet Mineiro,STR-038,Express Ouro Preto,MG,Ouro Preto,PROD-ESTOQUE,VendeFácil Estoque,2025-08-06 15:44:16,Boleto Bancário,1151.34,Caixa 01,Cancelada
SLS-11593,CUST1490,Mundo da da Mota Me,STR-045,Filial Shopping Vila Velha,ES,Vila Velha,PROD-ESTOQUE,VendeFácil Estoque,2025-08-18 23:25:55,Boleto Bancário,617.58,Caixa 02,Aprovada
SLS-11594,CUST1247,Centro de Aparecida Eireli,STR-011,Filial Shopping Brasília,DF,Brasília,PROD-PAY,VendeFácil Pay,2025-11-25 21:55:35,Dinheiro,3003.02,Caixa 01,Aprovada
SLS-11595,CUST475,Centro de Aragão Ltda,STR-019,Matriz Serra,ES,Serra,PROD-PAY,VendeFácil Pay,2025-05-04 11:34:39,Dinheiro,1715.67,Caixa 01,Aprovada
SLS-11596,CUST552,Distribuidora Cavalcante Eireli,STR-022,Filial Bairro Jaboatão dos Guararapes,PE,Jaboatão dos Guararapes,PROD-ANALYTICS,VendeFácil Analytics,2025-09-03 16:55:29,Cartão de Crédito,553.68,Caixa 02,Aprovada
SLS-11597,CUST475,Centro de Aragão Ltda,STR-019,Matriz Serra,ES,Serra,PROD-PAY,VendeFácil Pay,2025-04-07 20:16:52,Cartão de Débito,2979.58,Caixa 01,Aprovada
SLS-11598,CUST001,Supermercado Boa Compra,STR-002,Filial Savassi,MG,Belo Horizonte,PROD-PDV,VendeFácil PDV,2025-12-30 10:35:29,PIX,767.53,Caixa 01,Aprovada
SLS-11599,CUST552,Distribuidora Cavalcante Eireli,STR-022,Filial Bairro Jaboatão dos Guararapes,PE,Jaboatão dos Guararapes,PROD-PAY,VendeFácil Pay,2025-10-26 06:51:43,Dinheiro,328.51,Caixa 01,Cancelada
SLS-11600,CUST833,Lojas Azevedo Comercial,STR-023,Filial Centro Taguatinga,DF,Taguatinga,PROD-ANALYTICS,VendeFácil Analytics,2025-06-29 03:22:45,Dinheiro,623.01,Caixa 02,Estornada
SLS-11601,CUST409,Rede da Cruz Eireli,STR-008,Matriz Fortaleza,CE,Fortaleza,PROD-LOJA,VendeFácil Loja,2025-09-27 15:36:08,PIX,452.25,Caixa 03,Aprovada
SLS-11602,CUST401,Comércio de Costela Eireli,STR-050,Express Contagem,MG,Contagem,PROD-PDV,VendeFácil PDV,2026-01-03 21:58:17,Cartão de Crédito,491.42,Caixa 01,Cancelada
SLS-11603,CUST1629,Mundo da Vieira Comercial,STR-029,Matriz Águas Claras,DF,Águas Claras,PROD-ANALYTICS,VendeFácil Analytics,2025-06-28 23:16:54,Boleto Bancário,944.69,Caixa 06,Aprovada
SLS-11604,CUST1907,Mundo da Pimenta Comercial,STR-042,Filial Shopping Niterói,RJ,Niterói,PROD-ESTOQUE,VendeFácil Estoque,2025-10-29 07:08:33,PIX,674.0,Caixa 01,Aprovada
SLS-11605,CUST1015,Distribuidora Montenegro Me,STR-041,Filial Centro Rio de Janeiro,RJ,Rio de Janeiro,PROD-PDV,VendeFácil PDV,2025-11-26 18:27:56,Boleto Bancário,801.23,Caixa 01,Aprovada
SLS-11606,CUST714,Rede Borges Ltda,STR-018,Filial Zona Sul Porto Alegre,RS,Porto Alegre,PROD-PAY,VendeFácil Pay,2026-01-22 00:50:09,Boleto Bancário,2091.47,Caixa 01,Aprovada
SLS-11607,CUST1903,Comércio de Ferreira Ltda,STR-012,Filial Shopping Caucaia,CE,Caucaia,PROD-ESTOQUE,VendeFácil Estoque,2025-04-07 14:51:27,Dinheiro,804.12,Caixa 01,Estornada
SLS-11608,CUST1637,Atacado Mendonça S.A.,STR-036,Matriz Contagem,MG,Contagem,PROD-ANALYTICS,VendeFácil Analytics,2025-03-28 01:31:25,PIX,797.72,Caixa 04,Estornada
SLS-11609,CUST102,Rede Cardoso Me,STR-013,Filial Centro Uberlândia,MG,Uberlândia,PROD-ESTOQUE,VendeFácil Estoque,2026-02-20 09:31:38,Cartão de Crédito,1838.0,Caixa 01,Aprovada
SLS-11610,CUST835,Empório Marques Me,STR-017,Filial Centro Santos,SP,Santos,PROD-PAY,VendeFácil Pay,2025-08-20 13:14:02,Cartão de Crédito,1519.33,Caixa 07,Estornada
SLS-11611,CUST1015,Distribuidora Montenegro Me,STR-041,Filial Centro Rio de Janeiro,RJ,Rio de Janeiro,PROD-PDV,VendeFácil PDV,2025-12-24 11:53:32,Boleto Bancário,827.43,Caixa 02,Estornada
SLS-11612,CUST556,Lojas Cunha S.A.,STR-049,Filial Bairro Santa Maria,RS,Santa Maria,PROD-LOJA,VendeFácil Loja,2025-07-20 21:45:23,Cartão de Débito,1390.43,Caixa 03,Aprovada
SLS-11613,CUST835,Empório Marques Me,STR-017,Filial Centro Santos,SP,Santos,PROD-ANALYTICS,VendeFácil Analytics,2025-10-05 17:56:51,Cartão de Crédito,503.32,Caixa 03,Aprovada
SLS-11614,CUST1499,Distribuidora Costa Me,STR-024,Filial Centro Sorocaba,SP,Sorocaba,PROD-LOJA,VendeFácil Loja,2025-06-19 02:23:16,Cartão de Débito,812.71,Caixa 07,Cancelada
SLS-11615,CUST1162,Empório Monteiro Eireli,STR-035,Filial Zona Sul Juazeiro do Norte,CE,Juazeiro do Norte,PROD-ANALYTICS,VendeFácil Analytics,2025-07-01 18:43:05,Cartão de Crédito,716.38,Caixa 03,Cancelada
SLS-11616,CUST102,Rede Cardoso Me,STR-013,Filial Centro Uberlândia,MG,Uberlândia,PROD-LOJA,VendeFácil Loja,2025-10-15 08:19:28,Cartão de Débito,1116.95,Caixa 01,Estornada
SLS-11617,CUST1247,Centro de Aparecida Eireli,STR-011,Filial Shopping Brasília,DF,Brasília,PROD-ANALYTICS,VendeFácil Analytics,2025-09-11 07:51:29,Boleto Bancário,935.05,Caixa 02,Cancelada
SLS-11618,CUST140,Atacado da Rocha Ltda,STR-021,Express Salvador,BA,Salvador,PROD-ESTOQUE,VendeFácil Estoque,2025-01-16 16:46:27,Boleto Bancário,1033.73,Caixa 08,Aprovada
SLS-11619,CUST1398,Centro de Andrade Ltda,STR-033,Filial Zona Sul Curitiba,PR,Curitiba,PROD-PAY,VendeFácil Pay,2025-05-29 08:52:22,Cartão de Crédito,2423.96,Caixa 03,Aprovada
SLS-11620,CUST401,Comércio de Costela Eireli,STR-050,Express Contagem,MG,Contagem,PROD-PAY,VendeFácil Pay,2025-10-15 07:57:11,Cartão de Débito,1016.28,Caixa 02,Cancelada
SLS-11621,CUST1490,Mundo da da Mota Me,STR-045,Filial Shopping Vila Velha,ES,Vila Velha,PROD-PAY,VendeFácil Pay,2025-01-17 12:57:45,PIX,2394.21,Caixa 02,Aprovada
SLS-11622,CUST008,Auto Peças Central,STR-004,Matriz Ribeirão Preto,SP,Ribeirão Preto,PROD-PDV,VendeFácil PDV,2025-11-02 06:22:00,Dinheiro,495.34,Caixa 08,Aprovada
SLS-11623,CUST1427,Lojas Vieira Comercial,STR-047,Matriz Vitória da Conquista,BA,Vitória da Conquista,PROD-PDV,VendeFácil PDV,2025-01-27 16:40:15,Cartão de Crédito,501.4,Caixa 03,Aprovada
SLS-11624,CUST065,Centro de da Rocha Ltda,STR-037,Express Rio Verde,GO,Rio Verde,PROD-ANALYTICS,VendeFácil Analytics,2025-08-17 08:16:29,Boleto Bancário,884.89,Caixa 05,Aprovada
SLS-11625,CUST714,Rede Borges Ltda,STR-018,Filial Zona Sul Porto Alegre,RS,Porto Alegre,PROD-LOJA,VendeFácil Loja,2025-12-08 22:53:49,PIX,658.27,Caixa 01,Aprovada
SLS-11626,CUST1410,Empório Campos Ltda,STR-027,Filial Centro Porto Alegre,RS,Porto Alegre,PROD-LOJA,VendeFácil Loja,2025-10-14 12:47:07,PIX,783.33,Caixa 03,Aprovada
SLS-11627,CUST1490,Mundo da da Mota Me,STR-045,Filial Shopping Vila Velha,ES,Vila Velha,PROD-PDV,VendeFácil PDV,2025-06-03 12:30:22,PIX,705.28,Caixa 01,Aprovada
SLS-11628,CUST024,Casa do Sá Ltda,STR-014,Filial Shopping Rio Verde,GO,Rio Verde,PROD-ESTOQUE,VendeFácil Estoque,2025-02-03 05:04:14,Boleto Bancário,1378.97,Caixa 01,Aprovada
SLS-11629,CUST556,Lojas Cunha S.A.,STR-049,Filial Bairro Santa Maria,RS,Santa Maria,PROD-PAY,VendeFácil Pay,2026-01-24 12:02:13,Cartão de Crédito,354.43,Caixa 03,Estornada
SLS-11630,CUST1037,Casa do Sampaio S.A.,STR-007,Express Cascavel,PR,Cascavel,PROD-ESTOQUE,VendeFácil Estoque,2025-05-03 23:54:50,Cartão de Débito,1348.4,Caixa 05,Aprovada
SLS-11631,CUST034,Rede Pires Comercial,STR-026,Filial Shopping Caruaru,PE,Caruaru,PROD-ESTOQUE,VendeFácil Estoque,2025-08-24 09:37:08,Cartão de Crédito,1311.53,Caixa 01,Aprovada
SLS-11632,CUST224,Empório Moraes Ltda,STR-043,Filial Bairro Rio Verde,GO,Rio Verde,PROD-PDV,VendeFácil PDV,2025-12-21 01:51:39,Dinheiro,546.28,Caixa 02,Cancelada
SLS-11633,CUST102,Rede Cardoso Me,STR-013,Filial Centro Uberlândia,MG,Uberlândia,PROD-LOJA,VendeFácil Loja,2025-06-28 10:39:05,Cartão de Débito,1449.56,Caixa 01,Estornada
SLS-11634,CUST556,Lojas Cunha S.A.,STR-049,Filial Bairro Santa Maria,RS,Santa Maria,PROD-PDV,VendeFácil PDV,2026-02-13 21:58:38,PIX,665.68,Caixa 02,Aprovada
SLS-11635,CUST1867,Lojas Teixeira Ltda,STR-006,Matriz Caxias do Sul,RS,Caxias do Sul,PROD-LOJA,VendeFácil Loja,2025-06-26 13:00:55,Cartão de Débito,1228.94,Caixa 02,Estornada
SLS-11636,CUST365,Rede Casa Grande Comercial,STR-030,Filial Shopping Aparecida de Goiânia,GO,Aparecida de Goiânia,PROD-PDV,VendeFácil PDV,2026-01-27 15:12:52,Cartão de Crédito,605.91,Caixa 01,Aprovada
SLS-11637,CUST365,Rede Casa Grande Comercial,STR-030,Filial Shopping Aparecida de Goiânia,GO,Aparecida de Goiânia,PROD-ESTOQUE,VendeFácil Estoque,2025-08-15 09:06:31,Boleto Bancário,632.25,Caixa 02,Aprovada
SLS-11638,CUST224,Empório Moraes Ltda,STR-043,Filial Bairro Rio Verde,GO,Rio Verde,PROD-ANALYTICS,VendeFácil Analytics,2025-07-11 15:24:26,Cartão de Crédito,782.74,Caixa 03,Aprovada
SLS-11639,CUST1903,Comércio de Ferreira Ltda,STR-012,Filial Shopping Caucaia,CE,Caucaia,PROD-ANALYTICS,VendeFácil Analytics,2025-01-15 18:42:11,Cartão de Débito,618.0,Caixa 04,Aprovada
SLS-11640,CUST1247,Centro de Aparecida Eireli,STR-011,Filial Shopping Brasília,DF,Brasília,PROD-PAY,VendeFácil Pay,2025-11-15 02:09:20,Boleto Bancário,1821.64,Caixa 01,Cancelada
SLS-11641,CUST1612,Comércio de Garcia Me,STR-028,Filial Centro Uberaba,MG,Uberaba,PROD-PDV,VendeFácil PDV,2026-02-09 08:33:05,Dinheiro,672.76,Caixa 01,Aprovada
SLS-11642,CUST1220,Atacado Gonçalves Eireli,STR-048,Matriz Caucaia,CE,Caucaia,PROD-PDV,VendeFácil PDV,2025-06-09 12:13:06,PIX,734.63,Caixa 06,Cancelada
SLS-11643,CUST009,Empório Gourmet Mineiro,STR-038,Express Ouro Preto,MG,Ouro Preto,PROD-ESTOQUE,VendeFácil Estoque,2025-03-06 15:14:49,Boleto Bancário,829.07,Caixa 01,Aprovada
SLS-11644,CUST556,Lojas Cunha S.A.,STR-049,Filial Bairro Santa Maria,RS,Santa Maria,PROD-LOJA,VendeFácil Loja,2026-02-05 08:20:35,Dinheiro,1410.93,Caixa 03,Aprovada
SLS-11645,CUST1887,Mercado Aparecida Ltda,STR-020,Filial Bairro Serra,ES,Serra,PROD-LOJA,VendeFácil Loja,2025-02-16 23:56:29,Cartão de Débito,1111.74,Caixa 01,Aprovada
SLS-11646,CUST1499,Distribuidora Costa Me,STR-024,Filial Centro Sorocaba,SP,Sorocaba,PROD-ESTOQUE,VendeFácil Estoque,2025-07-25 10:50:30,Cartão de Débito,558.83,Caixa 03,Cancelada
SLS-11647,CUST1903,Comércio de Ferreira Ltda,STR-012,Filial Shopping Caucaia,CE,Caucaia,PROD-ESTOQUE,VendeFácil Estoque,2025-02-24 08:58:05,Cartão de Débito,687.45,Caixa 03,Aprovada
SLS-11648,CUST1629,Mundo da Vieira Comercial,STR-029,Matriz Águas Claras,DF,Águas Claras,PROD-ANALYTICS,VendeFácil Analytics,2025-04-05 22:04:39,Dinheiro,294.75,Caixa 06,Aprovada
SLS-11649,CUST475,Centro de Aragão Ltda,STR-019,Matriz Serra,ES,Serra,PROD-PDV,VendeFácil PDV,2026-01-19 10:23:06,Cartão de Débito,454.8,Caixa 01,Cancelada
SLS-11650,CUST210,Lojas Cunha Eireli,STR-046,Filial Zona Sul Niterói,RJ,Niterói,PROD-LOJA,VendeFácil Loja,2025-05-08 15:52:11,Dinheiro,803.49,Caixa 01,Aprovada
SLS-11651,CUST1611,Comércio de Fogaça S.A.,STR-044,Filial Zona Sul Caucaia,CE,Caucaia,PROD-ESTOQUE,VendeFácil Estoque,2025-12-07 21:18:30,Boleto Bancário,1210.63,Caixa 01,Aprovada
SLS-11652,CUST001,Supermercado Boa Compra,STR-002,Filial Savassi,MG,Belo Horizonte,PROD-ESTOQUE,VendeFácil Estoque,2025-12-16 21:16:57,PIX,1903.6,Caixa 04,Cancelada
SLS-11653,CUST1610,Comércio de da Rocha Ltda,STR-009,Express Jaboatão dos Guararapes,PE,Jaboatão dos Guararapes,PROD-LOJA,VendeFácil Loja,2026-02-19 02:20:18,Boleto Bancário,627.13,Caixa 01,Cancelada
SLS-11654,CUST409,Rede da Cruz Eireli,STR-008,Matriz Fortaleza,CE,Fortaleza,PROD-ANALYTICS,VendeFácil Analytics,2025-03-14 22:22:08,PIX,770.55,Caixa 03,Cancelada
SLS-11655,CUST1139,Empório Freitas Me,STR-032,Filial Bairro Juiz de Fora,MG,Juiz de Fora,PROD-PAY,VendeFácil Pay,2025-03-21 05:42:23,PIX,1889.24,Caixa 04,Aprovada
SLS-11656,CUST065,Centro de da Rocha Ltda,STR-037,Express Rio Verde,GO,Rio Verde,PROD-PDV,VendeFácil PDV,2026-02-07 11:43:59,Boleto Bancário,467.63,Caixa 04,Aprovada
SLS-11657,CUST401,Comércio de Costela Eireli,STR-050,Express Contagem,MG,Contagem,PROD-PDV,VendeFácil PDV,2026-01-31 00:58:46,Cartão de Débito,423.93,Caixa 02,Aprovada
SLS-11658,CUST001,Supermercado Boa Compra,STR-001,Filial Matriz - Centro BH,MG,Belo Horizonte,PROD-LOJA,VendeFácil Loja,2025-06-27 21:39:29,Dinheiro,1322.94,Caixa 02,Aprovada
SLS-11659,CUST102,Rede Cardoso Me,STR-013,Filial Centro Uberlândia,MG,Uberlândia,PROD-LOJA,VendeFácil Loja,2025-05-21 11:34:14,PIX,401.49,Caixa 01,Aprovada
SLS-11660,CUST1610,Comércio de da Rocha Ltda,STR-009,Express Jaboatão dos Guararapes,PE,Jaboatão dos Guararapes,PROD-ANALYTICS,VendeFácil Analytics,2026-01-16 18:57:34,Cartão de Crédito,642.32,Caixa 01,Aprovada
SLS-11661,CUST1220,Atacado Gonçalves Eireli,STR-048,Matriz Caucaia,CE,Caucaia,PROD-LOJA,VendeFácil Loja,2025-11-23 12:36:19,PIX,578.81,Caixa 03,Cancelada
SLS-11662,CUST034,Rede Pires Comercial,STR-026,Filial Shopping Caruaru,PE,Caruaru,PROD-ANALYTICS,VendeFácil Analytics,2025-01-25 08:39:21,PIX,440.54,Caixa 01,Aprovada
SLS-11663,CUST1410,Empório Campos Ltda,STR-027,Filial Centro Porto Alegre,RS,Porto Alegre,PROD-ANALYTICS,VendeFácil Analytics,2025-12-14 12:40:11,Cartão de Débito,687.8,Caixa 03,Estornada
SLS-11664,CUST1427,Lojas Vieira Comercial,STR-047,Matriz Vitória da Conquista,BA,Vitória da Conquista,PROD-ESTOQUE,VendeFácil Estoque,2026-02-08 15:26:09,Dinheiro,1242.43,Caixa 01,Aprovada
SLS-11665,CUST1271,Mundo da da Cruz Ltda,STR-016,Filial Zona Sul Olinda,PE,Olinda,PROD-PAY,VendeFácil Pay,2025-12-07 04:48:42,Boleto Bancário,634.12,Caixa 01,Aprovada
SLS-11666,CUST1037,Casa do Sampaio S.A.,STR-007,Express Cascavel,PR,Cascavel,PROD-ESTOQUE,VendeFácil Estoque,2025-05-24 13:39:50,PIX,639.82,Caixa 05,Aprovada
SLS-11667,CUST108,Lojas Abreu Ltda,STR-010,Matriz São Paulo,SP,São Paulo,PROD-PDV,VendeFácil PDV,2025-05-01 19:29:38,Dinheiro,441.29,Caixa 01,Aprovada
SLS-11668,CUST005,Materiais de Construção Silva,STR-003,Matriz Juiz de Fora,MG,Juiz de Fora,PROD-PAY,VendeFácil Pay,2026-01-14 07:10:19,PIX,2746.82,Caixa 06,Aprovada
SLS-11669,CUST1689,Comércio de Ribeiro Comercial,STR-034,Filial Zona Sul Caucaia,CE,Caucaia,PROD-ANALYTICS,VendeFácil Analytics,2025-04-24 15:07:18,PIX,416.29,Caixa 01,Estornada
SLS-11670,CUST1490,Mundo da da Mota Me,STR-045,Filial Shopping Vila Velha,ES,Vila Velha,PROD-ESTOQUE,VendeFácil Estoque,2026-01-13 13:50:56,Dinheiro,508.82,Caixa 02,Estornada
SLS-11671,CUST1139,Empório Freitas Me,STR-032,Filial Bairro Juiz de Fora,MG,Juiz de Fora,PROD-ANALYTICS,VendeFácil Analytics,2025-04-05 01:40:51,PIX,266.19,Caixa 03,Aprovada
SLS-11672,CUST835,Empório Marques Me,STR-017,Filial Centro Santos,SP,Santos,PROD-PDV,VendeFácil PDV,2026-02-04 01:50:00,Boleto Bancário,843.2,Caixa 04,Aprovada
SLS-11673,CUST1612,Comércio de Garcia Me,STR-028,Filial Centro Uberaba,MG,Uberaba,PROD-LOJA,VendeFácil Loja,2025-10-15 13:17:45,PIX,1271.85,Caixa 03,Aprovada
SLS-11674,CUST1903,Comércio de Ferreira Ltda,STR-012,Filial Shopping Caucaia,CE,Caucaia,PROD-ANALYTICS,VendeFácil Analytics,2025-01-04 19:15:48,Cartão de Débito,306.65,Caixa 01,Cancelada
SLS-11675,CUST556,Lojas Cunha S.A.,STR-049,Filial Bairro Santa Maria,RS,Santa Maria,PROD-PAY,VendeFácil Pay,2025-05-16 23:23:44,Cartão de Débito,1198.19,Caixa 02,Aprovada
SLS-11676,CUST717,Rede da Mota S.A.,STR-039,Filial Shopping Cariacica,ES,Cariacica,PROD-ESTOQUE,VendeFácil Estoque,2025-11-12 14:23:49,Cartão de Débito,994.26,Caixa 01,Cancelada
SLS-11677,CUST1903,Comércio de Ferreira Ltda,STR-012,Filial Shopping Caucaia,CE,Caucaia,PROD-ANALYTICS,VendeFácil Analytics,2025-09-13 02:50:56,Cartão de Crédito,557.43,Caixa 01,Estornada
SLS-11678,CUST556,Lojas Cunha S.A.,STR-049,Filial Bairro Santa Maria,RS,Santa Maria,PROD-PAY,VendeFácil Pay,2025-09-14 15:07:10,Cartão de Crédito,2642.44,Caixa 01,Cancelada
SLS-11679,CUST833,Lojas Azevedo Comercial,STR-023,Filial Centro Taguatinga,DF,Taguatinga,PROD-PDV,VendeFácil PDV,2025-03-10 14:37:34,Boleto Bancário,848.78,Caixa 08,Cancelada
SLS-11680,CUST391,Distribuidora Oliveira Eireli,STR-015,Filial Bairro Anápolis,GO,Anápolis,PROD-PDV,VendeFácil PDV,2025-07-10 13:13:58,Boleto Bancário,462.04,Caixa 01,Aprovada
SLS-11681,CUST1162,Empório Monteiro Eireli,STR-035,Filial Zona Sul Juazeiro do Norte,CE,Juazeiro do Norte,PROD-PAY,VendeFácil Pay,2025-09-02 10:25:51,PIX,614.3,Caixa 02,Aprovada
SLS-11682,CUST1611,Comércio de Fogaça S.A.,STR-044,Filial Zona Sul Caucaia,CE,Caucaia,PROD-LOJA,VendeFácil Loja,2025-12-08 13:51:49,PIX,725.14,Caixa 04,Aprovada
SLS-11683,CUST1903,Comércio de Ferreira Ltda,STR-012,Filial Shopping Caucaia,CE,Caucaia,PROD-ANALYTICS,VendeFácil Analytics,2025-04-15 07:57:07,PIX,457.8,Caixa 01,Aprovada
SLS-11684,CUST365,Rede Casa Grande Comercial,STR-030,Filial Shopping Aparecida de Goiânia,GO,Aparecida de Goiânia,PROD-PDV,VendeFácil PDV,2025-12-17 10:51:24,Cartão de Crédito,688.15,Caixa 01,Aprovada
SLS-11685,CUST1903,Comércio de Ferreira Ltda,STR-012,Filial Shopping Caucaia,CE,Caucaia,PROD-PAY,VendeFácil Pay,2025-04-27 04:06:11,Dinheiro,1302.41,Caixa 04,Aprovada
SLS-11686,CUST1410,Empório Campos Ltda,STR-027,Filial Centro Porto Alegre,RS,Porto Alegre,PROD-ANALYTICS,VendeFácil Analytics,2025-01-14 09:06:41,Boleto Bancário,469.24,Caixa 03,Cancelada
SLS-11687,CUST625,Comércio de Macedo Eireli,STR-025,Matriz Chapecó,SC,Chapecó,PROD-PAY,VendeFácil Pay,2025-09-05 00:47:43,Cartão de Crédito,1244.67,Caixa 01,Aprovada
SLS-11688,CUST001,Supermercado Boa Compra,STR-002,Filial Savassi,MG,Belo Horizonte,PROD-PAY,VendeFácil Pay,2025-04-23 17:42:36,Dinheiro,2863.19,Caixa 02,Aprovada
SLS-11689,CUST1427,Lojas Vieira Comercial,STR-047,Matriz Vitória da Conquista,BA,Vitória da Conquista,PROD-PDV,VendeFácil PDV,2026-01-27 12:32:36,Dinheiro,876.79,Caixa 03,Aprovada
SLS-11690,CUST401,Comércio de Costela Eireli,STR-050,Express Contagem,MG,Contagem,PROD-PAY,VendeFácil Pay,2025-02-28 23:26:30,Cartão de Crédito,1558.01,Caixa 01,Aprovada
SLS-11691,CUST552,Distribuidora Cavalcante Eireli,STR-022,Filial Bairro Jaboatão dos Guararapes,PE,Jaboatão dos Guararapes,PROD-ESTOQUE,VendeFácil Estoque,2025-05-24 02:20:42,PIX,1842.69,Caixa 01,Aprovada
SLS-11692,CUST1220,Atacado Gonçalves Eireli,STR-048,Matriz Caucaia,CE,Caucaia,PROD-ESTOQUE,VendeFácil Estoque,2025-10-24 03:25:45,PIX,1299.39,Caixa 02,Aprovada
SLS-11693,CUST1398,Centro de Andrade Ltda,STR-033,Filial Zona Sul Curitiba,PR,Curitiba,PROD-LOJA,VendeFácil Loja,2025-09-03 04:31:03,Dinheiro,603.76,Caixa 01,Cancelada
SLS-11694,CUST409,Rede da Cruz Eireli,STR-008,Matriz Fortaleza,CE,Fortaleza,PROD-PAY,VendeFácil Pay,2026-01-31 14:34:51,PIX,2646.99,Caixa 02,Aprovada
SLS-11695,CUST1611,Comércio de Fogaça S.A.,STR-044,Filial Zona Sul Caucaia,CE,Caucaia,PROD-PAY,VendeFácil Pay,2025-11-10 18:57:21,Cartão de Débito,2601.24,Caixa 04,Aprovada
SLS-11696,CUST009,Empório Gourmet Mineiro,STR-038,Express Ouro Preto,MG,Ouro Preto,PROD-ANALYTICS,VendeFácil Analytics,2025-11-16 21:51:18,PIX,471.01,Caixa 01,Aprovada
SLS-11697,CUST1139,Empório Freitas Me,STR-032,Filial Bairro Juiz de Fora,MG,Juiz de Fora,PROD-PDV,VendeFácil PDV,2025-05-23 19:53:22,Boleto Bancário,776.88,Caixa 07,Aprovada
SLS-11698,CUST1689,Comércio de Ribeiro Comercial,STR-034,Filial Zona Sul Caucaia,CE,Caucaia,PROD-PDV,VendeFácil PDV,2025-10-11 22:33:59,Dinheiro,707.97,Caixa 01,Aprovada
SLS-11699,CUST1875,Empório da Cunha Eireli,STR-005,Filial Shopping Rio de Janeiro,RJ,Rio de Janeiro,PROD-ESTOQUE,VendeFácil Estoque,2025-11-20 11:24:35,Boleto Bancário,1773.74,Caixa 01,Aprovada
SLS-11700,CUST102,Rede Cardoso Me,STR-013,Filial Centro Uberlândia,MG,Uberlândia,PROD-PDV,VendeFácil PDV,2025-03-28 21:42:48,Boleto Bancário,879.78,Caixa 01,Aprovada
SLS-11701,CUST1629,Mundo da Vieira Comercial,STR-029,Matriz Águas Claras,DF,Águas Claras,PROD-ESTOQUE,VendeFácil Estoque,2026-01-17 15:05:18,PIX,1113.64,Caixa 03,Cancelada
SLS-11702,CUST1410,Empório Campos Ltda,STR-027,Filial Centro Porto Alegre,RS,Porto Alegre,PROD-ANALYTICS,VendeFácil Analytics,2025-10-15 18:27:48,PIX,312.08,Caixa 01,Cancelada
SLS-11703,CUST1490,Mundo da da Mota Me,STR-045,Filial Shopping Vila Velha,ES,Vila Velha,PROD-PAY,VendeFácil Pay,2025-11-28 21:08:41,Dinheiro,279.58,Caixa 01,Estornada
SLS-11704,CUST008,Auto Peças Central,STR-004,Matriz Ribeirão Preto,SP,Ribeirão Preto,PROD-ESTOQUE,VendeFácil Estoque,2025-11-26 00:28:19,Boleto Bancário,604.52,Caixa 08,Aprovada
SLS-11705,CUST102,Rede Cardoso Me,STR-013,Filial Centro Uberlândia,MG,Uberlândia,PROD-ESTOQUE,VendeFácil Estoque,2025-02-28 14:09:49,Cartão de Crédito,1685.69,Caixa 01,Aprovada
SLS-11706,CUST409,Rede da Cruz Eireli,STR-008,Matriz Fortaleza,CE,Fortaleza,PROD-ESTOQUE,VendeFácil Estoque,2025-02-09 17:07:10,Dinheiro,1772.86,Caixa 02,Aprovada
SLS-11707,CUST009,Empório Gourmet Mineiro,STR-038,Express Ouro Preto,MG,Ouro Preto,PROD-PDV,VendeFácil PDV,2025-06-08 21:55:12,PIX,481.04,Caixa 01,Cancelada
SLS-11708,CUST833,Lojas Azevedo Comercial,STR-023,Filial Centro Taguatinga,DF,Taguatinga,PROD-LOJA,VendeFácil Loja,2025-07-10 18:46:58,Cartão de Débito,948.91,Caixa 06,Estornada
SLS-11709,CUST1410,Empório Campos Ltda,STR-027,Filial Centro Porto Alegre,RS,Porto Alegre,PROD-ESTOQUE,VendeFácil Estoque,2025-12-15 21:45:41,Dinheiro,1306.76,Caixa 01,Aprovada
SLS-11710,CUST1187,Mercado Almeida S.A.,STR-031,Filial Centro Vila Velha,ES,Vila Velha,PROD-LOJA,VendeFácil Loja,2026-01-11 07:55:51,Dinheiro,1091.65,Caixa 01,Aprovada
SLS-11711,CUST401,Comércio de Costela Eireli,STR-050,Express Contagem,MG,Contagem,PROD-LOJA,VendeFácil Loja,2025-02-24 15:56:42,Cartão de Débito,467.41,Caixa 01,Aprovada
SLS-11712,CUST1637,Atacado Mendonça S.A.,STR-036,Matriz Contagem,MG,Contagem,PROD-PDV,VendeFácil PDV,2025-11-19 09:15:00,Boleto Bancário,818.53,Caixa 02,Aprovada
SLS-11713,CUST210,Lojas Cunha Eireli,STR-046,Filial Zona Sul Niterói,RJ,Niterói,PROD-ESTOQUE,VendeFácil Estoque,2025-07-27 01:21:31,PIX,1527.36,Caixa 02,Aprovada
SLS-11714,CUST065,Centro de da Rocha Ltda,STR-037,Express Rio Verde,GO,Rio Verde,PROD-LOJA,VendeFácil Loja,2025-07-03 09:24:03,PIX,1305.54,Caixa 06,Cancelada
SLS-11715,CUST835,Empório Marques Me,STR-017,Filial Centro Santos,SP,Santos,PROD-ESTOQUE,VendeFácil Estoque,2025-02-18 11:25:50,Boleto Bancário,814.27,Caixa 01,Cancelada
SLS-11716,CUST1271,Mundo da da Cruz Ltda,STR-016,Filial Zona Sul Olinda,PE,Olinda,PROD-ANALYTICS,VendeFácil Analytics,2025-11-03 14:33:41,Dinheiro,713.03,Caixa 03,Cancelada
SLS-11717,CUST005,Materiais de Construção Silva,STR-003,Matriz Juiz de Fora,MG,Juiz de Fora,PROD-PAY,VendeFácil Pay,2025-08-08 11:08:08,Cartão de Débito,2748.15,Caixa 05,Cancelada
SLS-11718,CUST365,Rede Casa Grande Comercial,STR-030,Filial Shopping Aparecida de Goiânia,GO,Aparecida de Goiânia,PROD-LOJA,VendeFácil Loja,2026-01-09 01:10:08,Dinheiro,1483.65,Caixa 02,Estornada
SLS-11719,CUST1037,Casa do Sampaio S.A.,STR-007,Express Cascavel,PR,Cascavel,PROD-ANALYTICS,VendeFácil Analytics,2025-11-22 06:51:05,Cartão de Débito,705.6,Caixa 02,Aprovada
SLS-11720,CUST034,Rede Pires Comercial,STR-026,Filial Shopping Caruaru,PE,Caruaru,PROD-PDV,VendeFácil PDV,2025-02-04 07:30:26,Cartão de Crédito,870.02,Caixa 01,Aprovada
SLS-11721,CUST1612,Comércio de Garcia Me,STR-028,Filial Centro Uberaba,MG,Uberaba,PROD-PDV,VendeFácil PDV,2025-09-02 04:57:16,PIX,608.56,Caixa 02,Estornada
SLS-11722,CUST475,Centro de Aragão Ltda,STR-019,Matriz Serra,ES,Serra,PROD-PDV,VendeFácil PDV,2025-12-28 06:33:46,Cartão de Débito,421.61,Caixa 01,Estornada
SLS-11723,CUST1247,Centro de Aparecida Eireli,STR-011,Filial Shopping Brasília,DF,Brasília,PROD-LOJA,VendeFácil Loja,2025-02-18 22:27:15,Dinheiro,1366.31,Caixa 03,Aprovada
SLS-11724,CUST008,Auto Peças Central,STR-004,Matriz Ribeirão Preto,SP,Ribeirão Preto,PROD-ESTOQUE,VendeFácil Estoque,2025-04-05 08:32:41,Boleto Bancário,955.88,Caixa 01,Aprovada
SLS-11725,CUST1162,Empório Monteiro Eireli,STR-035,Filial Zona Sul Juazeiro do Norte,CE,Juazeiro do Norte,PROD-LOJA,VendeFácil Loja,2025-05-29 09:46:26,Cartão de Crédito,719.15,Caixa 03,Aprovada
SLS-11726,CUST224,Empório Moraes Ltda,STR-043,Filial Bairro Rio Verde,GO,Rio Verde,PROD-PDV,VendeFácil PDV,2025-03-22 10:10:36,Cartão de Crédito,786.6,Caixa 03,Aprovada
SLS-11727,CUST1490,Mundo da da Mota Me,STR-045,Filial Shopping Vila Velha,ES,Vila Velha,PROD-LOJA,VendeFácil Loja,2025-08-13 14:58:36,Cartão de Débito,1168.72,Caixa 01,Aprovada
SLS-11728,CUST224,Empório Moraes Ltda,STR-043,Filial Bairro Rio Verde,GO,Rio Verde,PROD-PAY,VendeFácil Pay,2025-08-07 23:56:02,PIX,3040.03,Caixa 04,Aprovada
SLS-11729,CUST001,Supermercado Boa Compra,STR-001,Filial Matriz - Centro BH,MG,Belo Horizonte,PROD-PAY,VendeFácil Pay,2025-05-26 03:45:06,Cartão de Débito,1595.08,Caixa 04,Cancelada
SLS-11730,CUST1162,Empório Monteiro Eireli,STR-035,Filial Zona Sul Juazeiro do Norte,CE,Juazeiro do Norte,PROD-PDV,VendeFácil PDV,2025-04-09 17:01:10,PIX,522.76,Caixa 02,Aprovada
SLS-11731,CUST140,Atacado da Rocha Ltda,STR-021,Express Salvador,BA,Salvador,PROD-PAY,VendeFácil Pay,2025-01-29 18:30:59,Cartão de Crédito,1268.92,Caixa 02,Estornada
SLS-11732,CUST401,Comércio de Costela Eireli,STR-050,Express Contagem,MG,Contagem,PROD-PDV,VendeFácil PDV,2025-11-26 07:16:06,Cartão de Débito,557.0,Caixa 02,Aprovada
SLS-11733,CUST1220,Atacado Gonçalves Eireli,STR-048,Matriz Caucaia,CE,Caucaia,PROD-PAY,VendeFácil Pay,2025-03-31 01:16:58,Cartão de Crédito,840.75,Caixa 04,Estornada
SLS-11734,CUST625,Comércio de Macedo Eireli,STR-025,Matriz Chapecó,SC,Chapecó,PROD-PAY,VendeFácil Pay,2025-12-06 15:24:59,Dinheiro,636.34,Caixa 01,Cancelada
SLS-11735,CUST833,Lojas Azevedo Comercial,STR-023,Filial Centro Taguatinga,DF,Taguatinga,PROD-ESTOQUE,VendeFácil Estoque,2025-10-03 13:58:15,PIX,1337.33,Caixa 02,Aprovada
SLS-11736,CUST1015,Distribuidora Montenegro Me,STR-041,Filial Centro Rio de Janeiro,RJ,Rio de Janeiro,PROD-PAY,VendeFácil Pay,2026-02-05 06:59:09,Dinheiro,2136.89,Caixa 010,Aprovada
SLS-11737,CUST1887,Mercado Aparecida Ltda,STR-020,Filial Bairro Serra,ES,Serra,PROD-LOJA,VendeFácil Loja,2025-12-01 22:58:16,Cartão de Crédito,716.4,Caixa 02,Aprovada
SLS-11738,CUST1611,Comércio de Fogaça S.A.,STR-044,Filial Zona Sul Caucaia,CE,Caucaia,PROD-PAY,VendeFácil Pay,2026-01-17 06:50:18,Cartão de Débito,1342.13,Caixa 02,Aprovada
SLS-11739,CUST1611,Comércio de Fogaça S.A.,STR-044,Filial Zona Sul Caucaia,CE,Caucaia,PROD-PAY,VendeFácil Pay,2025-11-06 08:22:36,Cartão de Crédito,886.92,Caixa 04,Aprovada
SLS-11740,CUST1037,Casa do Sampaio S.A.,STR-007,Express Cascavel,PR,Cascavel,PROD-PAY,VendeFácil Pay,2025-07-15 15:52:50,Dinheiro,878.12,Caixa 01,Cancelada
SLS-11741,CUST1612,Comércio de Garcia Me,STR-028,Filial Centro Uberaba,MG,Uberaba,PROD-LOJA,VendeFácil Loja,2026-02-20 10:29:04,Cartão de Crédito,705.55,Caixa 02,Aprovada
SLS-11742,CUST934,Lojas Campos Ltda,STR-040,Express Brasília,DF,Brasília,PROD-ESTOQUE,VendeFácil Estoque,2025-10-11 12:00:23,Cartão de Débito,521.03,Caixa 02,Aprovada
SLS-11743,CUST552,Distribuidora Cavalcante Eireli,STR-022,Filial Bairro Jaboatão dos Guararapes,PE,Jaboatão dos Guararapes,PROD-PDV,VendeFácil PDV,2025-10-23 12:38:53,Cartão de Crédito,876.0,Caixa 02,Cancelada
SLS-11744,CUST714,Rede Borges Ltda,STR-018,Filial Zona Sul Porto Alegre,RS,Porto Alegre,PROD-ANALYTICS,VendeFácil Analytics,2025-11-20 00:18:02,Cartão de Crédito,648.52,Caixa 01,Aprovada
SLS-11745,CUST140,Atacado da Rocha Ltda,STR-021,Express Salvador,BA,Salvador,PROD-LOJA,VendeFácil Loja,2025-11-04 03:29:59,Boleto Bancário,839.39,Caixa 01,Aprovada
SLS-11746,CUST365,Rede Casa Grande Comercial,STR-030,Filial Shopping Aparecida de Goiânia,GO,Aparecida de Goiânia,PROD-PAY,VendeFácil Pay,2025-09-25 07:19:59,PIX,232.15,Caixa 03,Aprovada
SLS-11747,CUST1610,Comércio de da Rocha Ltda,STR-009,Express Jaboatão dos Guararapes,PE,Jaboatão dos Guararapes,PROD-PAY,VendeFácil Pay,2025-08-22 07:43:42,Cartão de Débito,3058.15,Caixa 01,Estornada
SLS-11748,CUST625,Comércio de Macedo Eireli,STR-025,Matriz Chapecó,SC,Chapecó,PROD-ANALYTICS,VendeFácil Analytics,2025-08-09 16:22:58,Dinheiro,627.23,Caixa 01,Aprovada
SLS-11749,CUST001,Supermercado Boa Compra,STR-002,Filial Savassi,MG,Belo Horizonte,PROD-PDV,VendeFácil PDV,2025-08-23 23:23:30,PIX,820.98,Caixa 04,Cancelada
SLS-11750,CUST008,Auto Peças Central,STR-004,Matriz Ribeirão Preto,SP,Ribeirão Preto,PROD-LOJA,VendeFácil Loja,2025-11-15 16:01:52,PIX,479.68,Caixa 04,Cancelada
SLS-11751,CUST835,Empório Marques Me,STR-017,Filial Centro Santos,SP,Santos,PROD-ANALYTICS,VendeFácil Analytics,2025-02-22 12:15:34,Boleto Bancário,586.3,Caixa 03,Aprovada
SLS-11752,CUST1612,Comércio de Garcia Me,STR-028,Filial Centro Uberaba,MG,Uberaba,PROD-LOJA,VendeFácil Loja,2025-01-01 23:45:40,Cartão de Débito,475.0,Caixa 04,Aprovada
SLS-11753,CUST1611,Comércio de Fogaça S.A.,STR-044,Filial Zona Sul Caucaia,CE,Caucaia,PROD-ANALYTICS,VendeFácil Analytics,2025-09-09 10:39:02,Cartão de Débito,644.08,Caixa 02,Aprovada
SLS-11754,CUST475,Centro de Aragão Ltda,STR-019,Matriz Serra,ES,Serra,PROD-ESTOQUE,VendeFácil Estoque,2025-07-08 22:14:05,Boleto Bancário,1347.47,Caixa 01,Aprovada
SLS-11755,CUST714,Rede Borges Ltda,STR-018,Filial Zona Sul Porto Alegre,RS,Porto Alegre,PROD-PDV,VendeFácil PDV,2025-11-27 12:12:05,Boleto Bancário,570.61,Caixa 01,Aprovada
SLS-11756,CUST552,Distribuidora Cavalcante Eireli,STR-022,Filial Bairro Jaboatão dos Guararapes,PE,Jaboatão dos Guararapes,PROD-PDV,VendeFácil PDV,2025-03-11 09:37:21,Cartão de Crédito,779.52,Caixa 02,Aprovada
SLS-11757,CUST1187,Mercado Almeida S.A.,STR-031,Filial Centro Vila Velha,ES,Vila Velha,PROD-PAY,VendeFácil Pay,2025-10-28 06:06:36,Cartão de Débito,2508.58,Caixa 01,Aprovada
SLS-11758,CUST005,Materiais de Construção Silva,STR-003,Matriz Juiz de Fora,MG,Juiz de Fora,PROD-ESTOQUE,VendeFácil Estoque,2025-06-19 02:01:40,Cartão de Crédito,1292.99,Caixa 06,Aprovada
SLS-11759,CUST1612,Comércio de Garcia Me,STR-028,Filial Centro Uberaba,MG,Uberaba,PROD-ESTOQUE,VendeFácil Estoque,2026-01-22 13:42:14,Cartão de Débito,1256.1,Caixa 01,Estornada
SLS-11760,CUST1410,Empório Campos Ltda,STR-027,Filial Centro Porto Alegre,RS,Porto Alegre,PROD-ESTOQUE,VendeFácil Estoque,2025-09-22 23:33:00,Cartão de Débito,1343.73,Caixa 03,Aprovada
SLS-11761,CUST1637,Atacado Mendonça S.A.,STR-036,Matriz Contagem,MG,Contagem,PROD-PDV,VendeFácil PDV,2025-12-10 14:01:50,Cartão de Crédito,524.46,Caixa 03,Aprovada
SLS-11762,CUST001,Supermercado Boa Compra,STR-002,Filial Savassi,MG,Belo Horizonte,PROD-PDV,VendeFácil PDV,2025-01-12 02:53:35,Cartão de Crédito,587.21,Caixa 05,Aprovada
SLS-11763,CUST717,Rede da Mota S.A.,STR-039,Filial Shopping Cariacica,ES,Cariacica,PROD-PDV,VendeFácil PDV,2026-02-17 22:13:25,Cartão de Crédito,350.83,Caixa 01,Estornada
SLS-11764,CUST1398,Centro de Andrade Ltda,STR-033,Filial Zona Sul Curitiba,PR,Curitiba,PROD-LOJA,VendeFácil Loja,2025-03-17 17:49:49,Boleto Bancário,778.81,Caixa 02,Aprovada
SLS-11765,CUST008,Auto Peças Central,STR-004,Matriz Ribeirão Preto,SP,Ribeirão Preto,PROD-ESTOQUE,VendeFácil Estoque,2025-07-18 11:55:32,Boleto Bancário,708.55,Caixa 04,Estornada
SLS-11766,CUST1612,Comércio de Garcia Me,STR-028,Filial Centro Uberaba,MG,Uberaba,PROD-LOJA,VendeFácil Loja,2025-06-05 10:14:25,Cartão de Crédito,1088.04,Caixa 03,Aprovada
SLS-11767,CUST1398,Centro de Andrade Ltda,STR-033,Filial Zona Sul Curitiba,PR,Curitiba,PROD-PAY,VendeFácil Pay,2025-07-13 08:54:20,Cartão de Crédito,432.76,Caixa 01,Estornada
SLS-11768,CUST108,Lojas Abreu Ltda,STR-010,Matriz São Paulo,SP,São Paulo,PROD-ESTOQUE,VendeFácil Estoque,2025-07-09 16:00:38,Boleto Bancário,622.28,Caixa 01,Aprovada
SLS-11769,CUST391,Distribuidora Oliveira Eireli,STR-015,Filial Bairro Anápolis,GO,Anápolis,PROD-PDV,VendeFácil PDV,2025-08-17 10:58:32,Cartão de Débito,817.85,Caixa 01,Aprovada
SLS-11770,CUST1612,Comércio de Garcia Me,STR-028,Filial Centro Uberaba,MG,Uberaba,PROD-ANALYTICS,VendeFácil Analytics,2025-03-11 14:07:52,Cartão de Crédito,910.24,Caixa 04,Cancelada
SLS-11771,CUST140,Atacado da Rocha Ltda,STR-021,Express Salvador,BA,Salvador,PROD-PDV,VendeFácil PDV,2025-09-18 22:21:51,Dinheiro,844.01,Caixa 010,Aprovada
SLS-11772,CUST1139,Empório Freitas Me,STR-032,Filial Bairro Juiz de Fora,MG,Juiz de Fora,PROD-ANALYTICS,VendeFácil Analytics,2026-01-31 13:37:44,Dinheiro,440.83,Caixa 05,Estornada
SLS-11773,CUST1271,Mundo da da Cruz Ltda,STR-016,Filial Zona Sul Olinda,PE,Olinda,PROD-LOJA,VendeFácil Loja,2025-09-15 12:10:15,Cartão de Crédito,1042.05,Caixa 02,Aprovada
SLS-11774,CUST1220,Atacado Gonçalves Eireli,STR-048,Matriz Caucaia,CE,Caucaia,PROD-LOJA,VendeFácil Loja,2025-01-15 08:44:20,Boleto Bancário,822.12,Caixa 04,Cancelada
SLS-11775,CUST1187,Mercado Almeida S.A.,STR-031,Filial Centro Vila Velha,ES,Vila Velha,PROD-PDV,VendeFácil PDV,2025-05-16 05:28:19,PIX,867.48,Caixa 02,Aprovada
SLS-11776,CUST365,Rede Casa Grande Comercial,STR-030,Filial Shopping Aparecida de Goiânia,GO,Aparecida de Goiânia,PROD-PDV,VendeFácil PDV,2025-06-07 21:43:40,Boleto Bancário,539.4,Caixa 03,Aprovada
SLS-11777,CUST1875,Empório da Cunha Eireli,STR-005,Filial Shopping Rio de Janeiro,RJ,Rio de Janeiro,PROD-ANALYTICS,VendeFácil Analytics,2026-01-28 07:33:43,Cartão de Crédito,291.58,Caixa 03,Aprovada
SLS-11778,CUST005,Materiais de Construção Silva,STR-003,Matriz Juiz de Fora,MG,Juiz de Fora,PROD-PDV,VendeFácil PDV,2025-10-20 10:06:46,PIX,780.01,Caixa 03,Aprovada
SLS-11779,CUST833,Lojas Azevedo Comercial,STR-023,Filial Centro Taguatinga,DF,Taguatinga,PROD-PAY,VendeFácil Pay,2025-03-18 08:49:01,Cartão de Débito,2272.61,Caixa 06,Aprovada
SLS-11780,CUST1689,Comércio de Ribeiro Comercial,STR-034,Filial Zona Sul Caucaia,CE,Caucaia,PROD-LOJA,VendeFácil Loja,2025-12-02 23:55:43,Boleto Bancário,795.66,Caixa 02,Aprovada
SLS-11781,CUST102,Rede Cardoso Me,STR-013,Filial Centro Uberlândia,MG,Uberlândia,PROD-ESTOQUE,VendeFácil Estoque,2025-07-30 15:38:59,PIX,1430.63,Caixa 01,Aprovada
SLS-11782,CUST835,Empório Marques Me,STR-017,Filial Centro Santos,SP,Santos,PROD-PDV,VendeFácil PDV,2025-10-20 02:51:52,PIX,382.36,Caixa 02,Aprovada
SLS-11783,CUST009,Empório Gourmet Mineiro,STR-038,Express Ouro Preto,MG,Ouro Preto,PROD-LOJA,VendeFácil Loja,2025-08-04 02:49:56,PIX,1056.01,Caixa 01,Aprovada
SLS-11784,CUST1867,Lojas Teixeira Ltda,STR-006,Matriz Caxias do Sul,RS,Caxias do Sul,PROD-PAY,VendeFácil Pay,2025-02-22 11:35:17,Dinheiro,760.81,Caixa 04,Aprovada
SLS-11785,CUST034,Rede Pires Comercial,STR-026,Filial Shopping Caruaru,PE,Caruaru,PROD-PDV,VendeFácil PDV,2025-06-09 11:09:22,Boleto Bancário,592.29,Caixa 01,Cancelada
SLS-11786,CUST1907,Mundo da Pimenta Comercial,STR-042,Filial Shopping Niterói,RJ,Niterói,PROD-ANALYTICS,VendeFácil Analytics,2025-09-19 17:43:33,PIX,446.46,Caixa 02,Estornada
SLS-11787,CUST009,Empório Gourmet Mineiro,STR-038,Express Ouro Preto,MG,Ouro Preto,PROD-ANALYTICS,VendeFácil Analytics,2025-12-10 23:41:54,Boleto Bancário,633.29,Caixa 01,Estornada
SLS-11788,CUST934,Lojas Campos Ltda,STR-040,Express Brasília,DF,Brasília,PROD-LOJA,VendeFácil Loja,2025-12-31 04:50:54,Cartão de Débito,838.57,Caixa 03,Cancelada
SLS-11789,CUST1499,Distribuidora Costa Me,STR-024,Filial Centro Sorocaba,SP,Sorocaba,PROD-PAY,VendeFácil Pay,2025-11-25 22:31:50,PIX,943.15,Caixa 03,Estornada
SLS-11790,CUST391,Distribuidora Oliveira Eireli,STR-015,Filial Bairro Anápolis,GO,Anápolis,PROD-ESTOQUE,VendeFácil Estoque,2025-01-02 06:34:15,Dinheiro,1539.51,Caixa 01,Aprovada
SLS-11791,CUST475,Centro de Aragão Ltda,STR-019,Matriz Serra,ES,Serra,PROD-PDV,VendeFácil PDV,2025-06-11 10:07:49,Boleto Bancário,717.42,Caixa 01,Aprovada
SLS-11792,CUST108,Lojas Abreu Ltda,STR-010,Matriz São Paulo,SP,São Paulo,PROD-LOJA,VendeFácil Loja,2025-01-29 12:54:32,PIX,630.07,Caixa 01,Cancelada
SLS-11793,CUST625,Comércio de Macedo Eireli,STR-025,Matriz Chapecó,SC,Chapecó,PROD-PDV,VendeFácil PDV,2025-06-07 17:38:31,Cartão de Débito,593.58,Caixa 01,Aprovada
SLS-11794,CUST1637,Atacado Mendonça S.A.,STR-036,Matriz Contagem,MG,Contagem,PROD-PDV,VendeFácil PDV,2025-05-10 16:31:18,Dinheiro,533.38,Caixa 03,Aprovada
SLS-11795,CUST1887,Mercado Aparecida Ltda,STR-020,Filial Bairro Serra,ES,Serra,PROD-LOJA,VendeFácil Loja,2025-03-07 00:05:49,Cartão de Crédito,753.32,Caixa 02,Aprovada
SLS-11796,CUST1037,Casa do Sampaio S.A.,STR-007,Express Cascavel,PR,Cascavel,PROD-ESTOQUE,VendeFácil Estoque,2026-01-05 08:13:33,Dinheiro,1206.47,Caixa 04,Aprovada
SLS-11797,CUST1867,Lojas Teixeira Ltda,STR-006,Matriz Caxias do Sul,RS,Caxias do Sul,PROD-ANALYTICS,VendeFácil Analytics,2025-07-31 11:17:24,Boleto Bancário,585.35,Caixa 01,Aprovada
SLS-11798,CUST1867,Lojas Teixeira Ltda,STR-006,Matriz Caxias do Sul,RS,Caxias do Sul,PROD-ESTOQUE,VendeFácil Estoque,2025-07-07 02:46:47,Dinheiro,1494.73,Caixa 01,Aprovada
SLS-11799,CUST833,Lojas Azevedo Comercial,STR-023,Filial Centro Taguatinga,DF,Taguatinga,PROD-LOJA,VendeFácil Loja,2025-04-11 09:44:26,Boleto Bancário,1247.42,Caixa 09,Aprovada
SLS-11800,CUST833,Lojas Azevedo Comercial,STR-023,Filial Centro Taguatinga,DF,Taguatinga,PROD-PAY,VendeFácil Pay,2025-09-27 19:35:12,Cartão de Débito,2020.33,Caixa 02,Aprovada
SLS-11801,CUST1637,Atacado Mendonça S.A.,STR-036,Matriz Contagem,MG,Contagem,PROD-LOJA,VendeFácil Loja,2025-06-25 22:40:07,Dinheiro,454.25,Caixa 05,Cancelada
SLS-11802,CUST1887,Mercado Aparecida Ltda,STR-020,Filial Bairro Serra,ES,Serra,PROD-PDV,VendeFácil PDV,2025-03-29 20:10:13,Boleto Bancário,528.36,Caixa 03,Aprovada
SLS-11803,CUST625,Comércio de Macedo Eireli,STR-025,Matriz Chapecó,SC,Chapecó,PROD-LOJA,VendeFácil Loja,2026-01-24 22:36:13,Cartão de Crédito,628.8,Caixa 01,Aprovada
SLS-11804,CUST009,Empório Gourmet Mineiro,STR-038,Express Ouro Preto,MG,Ouro Preto,PROD-LOJA,VendeFácil Loja,2025-09-30 20:49:25,PIX,997.98,Caixa 01,Estornada
SLS-11805,CUST008,Auto Peças Central,STR-004,Matriz Ribeirão Preto,SP,Ribeirão Preto,PROD-PAY,VendeFácil Pay,2025-02-03 09:24:02,Boleto Bancário,683.45,Caixa 03,Estornada
SLS-11806,CUST717,Rede da Mota S.A.,STR-039,Filial Shopping Cariacica,ES,Cariacica,PROD-ESTOQUE,VendeFácil Estoque,2025-06-09 05:42:56,PIX,1516.81,Caixa 01,Cancelada
SLS-11807,CUST365,Rede Casa Grande Comercial,STR-030,Filial Shopping Aparecida de Goiânia,GO,Aparecida de Goiânia,PROD-ESTOQUE,VendeFácil Estoque,2026-01-26 01:53:38,Dinheiro,1585.9,Caixa 01,Aprovada
SLS-11808,CUST1875,Empório da Cunha Eireli,STR-005,Filial Shopping Rio de Janeiro,RJ,Rio de Janeiro,PROD-LOJA,VendeFácil Loja,2025-03-21 17:11:29,Cartão de Crédito,717.66,Caixa 01,Aprovada
SLS-11809,CUST1427,Lojas Vieira Comercial,STR-047,Matriz Vitória da Conquista,BA,Vitória da Conquista,PROD-PDV,VendeFácil PDV,2025-04-11 09:04:57,PIX,529.46,Caixa 03,Aprovada
SLS-11810,CUST1499,Distribuidora Costa Me,STR-024,Filial Centro Sorocaba,SP,Sorocaba,PROD-PDV,VendeFácil PDV,2025-02-02 11:40:38,Cartão de Crédito,371.06,Caixa 01,Aprovada
SLS-11811,CUST475,Centro de Aragão Ltda,STR-019,Matriz Serra,ES,Serra,PROD-ANALYTICS,VendeFácil Analytics,2025-08-14 19:23:58,PIX,720.2,Caixa 01,Aprovada
SLS-11812,CUST934,Lojas Campos Ltda,STR-040,Express Brasília,DF,Brasília,PROD-ANALYTICS,VendeFácil Analytics,2025-07-04 22:21:06,Dinheiro,462.16,Caixa 02,Aprovada
SLS-11813,CUST365,Rede Casa Grande Comercial,STR-030,Filial Shopping Aparecida de Goiânia,GO,Aparecida de Goiânia,PROD-ANALYTICS,VendeFácil Analytics,2025-05-02 11:07:12,Cartão de Débito,941.57,Caixa 03,Aprovada
SLS-11814,CUST1637,Atacado Mendonça S.A.,STR-036,Matriz Contagem,MG,Contagem,PROD-ESTOQUE,VendeFácil Estoque,2025-11-02 21:31:05,PIX,700.63,Caixa 05,Cancelada
SLS-11815,CUST714,Rede Borges Ltda,STR-018,Filial Zona Sul Porto Alegre,RS,Porto Alegre,PROD-ESTOQUE,VendeFácil Estoque,2025-01-29 15:10:53,Cartão de Débito,1509.81,Caixa 01,Aprovada
SLS-11816,CUST1410,Empório Campos Ltda,STR-027,Filial Centro Porto Alegre,RS,Porto Alegre,PROD-PDV,VendeFácil PDV,2025-12-22 13:55:27,Boleto Bancário,722.61,Caixa 01,Aprovada
SLS-11817,CUST008,Auto Peças Central,STR-004,Matriz Ribeirão Preto,SP,Ribeirão Preto,PROD-PAY,VendeFácil Pay,2025-11-22 04:49:15,Cartão de Crédito,2099.18,Caixa 03,Estornada
SLS-11818,CUST409,Rede da Cruz Eireli,STR-008,Matriz Fortaleza,CE,Fortaleza,PROD-PAY,VendeFácil Pay,2025-03-14 15:11:49,Dinheiro,2876.66,Caixa 01,Estornada
SLS-11819,CUST1867,Lojas Teixeira Ltda,STR-006,Matriz Caxias do Sul,RS,Caxias do Sul,PROD-ANALYTICS,VendeFácil Analytics,2025-07-02 23:13:48,Boleto Bancário,369.35,Caixa 04,Cancelada
SLS-11820,CUST065,Centro de da Rocha Ltda,STR-037,Express Rio Verde,GO,Rio Verde,PROD-ANALYTICS,VendeFácil Analytics,2025-03-16 01:06:34,Dinheiro,385.49,Caixa 03,Aprovada
SLS-11821,CUST065,Centro de da Rocha Ltda,STR-037,Express Rio Verde,GO,Rio Verde,PROD-PDV,VendeFácil PDV,2026-01-17 00:08:28,PIX,536.44,Caixa 02,Aprovada
SLS-11822,CUST224,Empório Moraes Ltda,STR-043,Filial Bairro Rio Verde,GO,Rio Verde,PROD-LOJA,VendeFácil Loja,2025-09-10 04:42:54,Cartão de Crédito,1001.91,Caixa 04,Aprovada
SLS-11823,CUST210,Lojas Cunha Eireli,STR-046,Filial Zona Sul Niterói,RJ,Niterói,PROD-ESTOQUE,VendeFácil Estoque,2025-03-16 01:06:38,PIX,1920.64,Caixa 03,Aprovada
SLS-11824,CUST714,Rede Borges Ltda,STR-018,Filial Zona Sul Porto Alegre,RS,Porto Alegre,PROD-LOJA,VendeFácil Loja,2025-11-12 17:57:43,Cartão de Crédito,672.04,Caixa 01,Cancelada
SLS-11825,CUST365,Rede Casa Grande Comercial,STR-030,Filial Shopping Aparecida de Goiânia,GO,Aparecida de Goiânia,PROD-PDV,VendeFácil PDV,2025-03-16 22:12:41,Cartão de Débito,397.72,Caixa 03,Aprovada
SLS-11826,CUST210,Lojas Cunha Eireli,STR-046,Filial Zona Sul Niterói,RJ,Niterói,PROD-PDV,VendeFácil PDV,2025-06-19 18:37:52,PIX,731.51,Caixa 01,Estornada
SLS-11827,CUST1689,Comércio de Ribeiro Comercial,STR-034,Filial Zona Sul Caucaia,CE,Caucaia,PROD-PDV,VendeFácil PDV,2026-02-17 13:50:20,PIX,505.54,Caixa 01,Aprovada
SLS-11828,CUST1903,Comércio de Ferreira Ltda,STR-012,Filial Shopping Caucaia,CE,Caucaia,PROD-PDV,VendeFácil PDV,2025-08-03 13:03:24,Cartão de Débito,828.66,Caixa 03,Aprovada
SLS-11829,CUST034,Rede Pires Comercial,STR-026,Filial Shopping Caruaru,PE,Caruaru,PROD-PAY,VendeFácil Pay,2025-06-24 01:31:00,Dinheiro,189.42,Caixa 01,Estornada
SLS-11830,CUST1398,Centro de Andrade Ltda,STR-033,Filial Zona Sul Curitiba,PR,Curitiba,PROD-PAY,VendeFácil Pay,2025-09-16 12:01:56,Boleto Bancário,1288.58,Caixa 03,Aprovada
SLS-11831,CUST024,Casa do Sá Ltda,STR-014,Filial Shopping Rio Verde,GO,Rio Verde,PROD-PDV,VendeFácil PDV,2025-07-19 11:59:12,Cartão de Débito,582.96,Caixa 01,Aprovada
SLS-11832,CUST1398,Centro de Andrade Ltda,STR-033,Filial Zona Sul Curitiba,PR,Curitiba,PROD-ANALYTICS,VendeFácil Analytics,2025-09-29 18:31:10,Dinheiro,559.96,Caixa 02,Aprovada
SLS-11833,CUST1612,Comércio de Garcia Me,STR-028,Filial Centro Uberaba,MG,Uberaba,PROD-PAY,VendeFácil Pay,2025-11-16 08:39:09,PIX,733.89,Caixa 01,Aprovada
SLS-11834,CUST1907,Mundo da Pimenta Comercial,STR-042,Filial Shopping Niterói,RJ,Niterói,PROD-ESTOQUE,VendeFácil Estoque,2025-10-30 00:50:18,PIX,1968.51,Caixa 01,Cancelada
SLS-11835,CUST625,Comércio de Macedo Eireli,STR-025,Matriz Chapecó,SC,Chapecó,PROD-LOJA,VendeFácil Loja,2025-09-04 21:26:57,Cartão de Débito,1128.6,Caixa 01,Aprovada
SLS-11836,CUST556,Lojas Cunha S.A.,STR-049,Filial Bairro Santa Maria,RS,Santa Maria,PROD-PAY,VendeFácil Pay,2025-01-08 07:48:11,Dinheiro,169.7,Caixa 02,Aprovada
SLS-11837,CUST556,Lojas Cunha S.A.,STR-049,Filial Bairro Santa Maria,RS,Santa Maria,PROD-LOJA,VendeFácil Loja,2025-09-24 21:22:01,Cartão de Débito,1200.14,Caixa 03,Aprovada
SLS-11838,CUST210,Lojas Cunha Eireli,STR-046,Filial Zona Sul Niterói,RJ,Niterói,PROD-LOJA,VendeFácil Loja,2025-06-07 02:40:23,Dinheiro,1179.54,Caixa 01,Aprovada
SLS-11839,CUST365,Rede Casa Grande Comercial,STR-030,Filial Shopping Aparecida de Goiânia,GO,Aparecida de Goiânia,PROD-PAY,VendeFácil Pay,2026-01-10 01:44:22,Cartão de Débito,815.41,Caixa 04,Aprovada
SLS-11840,CUST1637,Atacado Mendonça S.A.,STR-036,Matriz Contagem,MG,Contagem,PROD-PAY,VendeFácil Pay,2025-07-03 03:23:06,Boleto Bancário,1533.21,Caixa 06,Aprovada
SLS-11841,CUST065,Centro de da Rocha Ltda,STR-037,Express Rio Verde,GO,Rio Verde,PROD-ESTOQUE,VendeFácil Estoque,2025-03-06 23:56:20,Boleto Bancário,1225.2,Caixa 05,Aprovada
SLS-11842,CUST1398,Centro de Andrade Ltda,STR-033,Filial Zona Sul Curitiba,PR,Curitiba,PROD-PAY,VendeFácil Pay,2025-07-26 22:49:14,Dinheiro,2349.68,Caixa 02,Aprovada
SLS-11843,CUST625,Comércio de Macedo Eireli,STR-025,Matriz Chapecó,SC,Chapecó,PROD-ESTOQUE,VendeFácil Estoque,2025-10-31 06:04:22,Cartão de Débito,1643.7,Caixa 01,Aprovada
SLS-11844,CUST1689,Comércio de Ribeiro Comercial,STR-034,Filial Zona Sul Caucaia,CE,Caucaia,PROD-ESTOQUE,VendeFácil Estoque,2026-01-03 19:32:02,PIX,1622.6,Caixa 01,Cancelada
SLS-11845,CUST024,Casa do Sá Ltda,STR-014,Filial Shopping Rio Verde,GO,Rio Verde,PROD-ESTOQUE,VendeFácil Estoque,2025-07-11 07:38:01,PIX,1140.82,Caixa 01,Aprovada
SLS-11846,CUST1162,Empório Monteiro Eireli,STR-035,Filial Zona Sul Juazeiro do Norte,CE,Juazeiro do Norte,PROD-LOJA,VendeFácil Loja,2025-12-15 15:22:45,Boleto Bancário,1396.38,Caixa 04,Cancelada
SLS-11847,CUST001,Supermercado Boa Compra,STR-002,Filial Savassi,MG,Belo Horizonte,PROD-ANALYTICS,VendeFácil Analytics,2025-05-23 11:47:40,Dinheiro,403.17,Caixa 03,Estornada
SLS-11848,CUST714,Rede Borges Ltda,STR-018,Filial Zona Sul Porto Alegre,RS,Porto Alegre,PROD-LOJA,VendeFácil Loja,2025-10-22 17:17:31,Cartão de Débito,552.68,Caixa 01,Aprovada
SLS-11849,CUST1015,Distribuidora Montenegro Me,STR-041,Filial Centro Rio de Janeiro,RJ,Rio de Janeiro,PROD-PDV,VendeFácil PDV,2025-09-02 11:44:14,Cartão de Débito,719.19,Caixa 06,Cancelada
SLS-11850,CUST1015,Distribuidora Montenegro Me,STR-041,Filial Centro Rio de Janeiro,RJ,Rio de Janeiro,PROD-PAY,VendeFácil Pay,2025-12-25 22:40:12,Boleto Bancário,938.12,Caixa 08,Aprovada
SLS-11851,CUST1867,Lojas Teixeira Ltda,STR-006,Matriz Caxias do Sul,RS,Caxias do Sul,PROD-PDV,VendeFácil PDV,2025-12-28 23:09:36,Cartão de Débito,874.2,Caixa 04,Estornada
SLS-11852,CUST1247,Centro de Aparecida Eireli,STR-011,Filial Shopping Brasília,DF,Brasília,PROD-ANALYTICS,VendeFácil Analytics,2025-06-15 04:22:48,PIX,802.94,Caixa 03,Aprovada
SLS-11853,CUST1612,Comércio de Garcia Me,STR-028,Filial Centro Uberaba,MG,Uberaba,PROD-LOJA,VendeFácil Loja,2025-04-25 09:45:56,Dinheiro,840.95,Caixa 03,Aprovada
SLS-11854,CUST401,Comércio de Costela Eireli,STR-050,Express Contagem,MG,Contagem,PROD-ANALYTICS,VendeFácil Analytics,2025-06-09 04:03:46,Dinheiro,532.31,Caixa 02,Aprovada
SLS-11855,CUST1427,Lojas Vieira Comercial,STR-047,Matriz Vitória da Conquista,BA,Vitória da Conquista,PROD-PDV,VendeFácil PDV,2025-10-17 07:31:12,Cartão de Débito,747.65,Caixa 01,Aprovada
SLS-11856,CUST409,Rede da Cruz Eireli,STR-008,Matriz Fortaleza,CE,Fortaleza,PROD-ESTOQUE,VendeFácil Estoque,2025-01-20 03:07:34,Cartão de Débito,1347.65,Caixa 03,Estornada
SLS-11857,CUST108,Lojas Abreu Ltda,STR-010,Matriz São Paulo,SP,São Paulo,PROD-LOJA,VendeFácil Loja,2025-03-16 04:35:48,Dinheiro,701.65,Caixa 01,Aprovada
SLS-11858,CUST401,Comércio de Costela Eireli,STR-050,Express Contagem,MG,Contagem,PROD-PAY,VendeFácil Pay,2025-03-27 17:27:41,Boleto Bancário,1342.43,Caixa 01,Cancelada
SLS-11859,CUST1015,Distribuidora Montenegro Me,STR-041,Filial Centro Rio de Janeiro,RJ,Rio de Janeiro,PROD-LOJA,VendeFácil Loja,2025-08-12 23:50:39,PIX,1449.96,Caixa 011,Cancelada
SLS-11860,CUST005,Materiais de Construção Silva,STR-003,Matriz Juiz de Fora,MG,Juiz de Fora,PROD-PDV,VendeFácil PDV,2026-02-11 07:25:36,Cartão de Crédito,841.39,Caixa 05,Aprovada
SLS-11861,CUST1875,Empório da Cunha Eireli,STR-005,Filial Shopping Rio de Janeiro,RJ,Rio de Janeiro,PROD-LOJA,VendeFácil Loja,2025-04-23 15:58:12,Cartão de Crédito,805.95,Caixa 03,Aprovada
SLS-11862,CUST034,Rede Pires Comercial,STR-026,Filial Shopping Caruaru,PE,Caruaru,PROD-ANALYTICS,VendeFácil Analytics,2025-02-23 12:35:40,Cartão de Débito,432.85,Caixa 01,Aprovada
SLS-11863,CUST833,Lojas Azevedo Comercial,STR-023,Filial Centro Taguatinga,DF,Taguatinga,PROD-PAY,VendeFácil Pay,2025-03-20 14:18:24,PIX,1952.86,Caixa 07,Aprovada
SLS-11864,CUST714,Rede Borges Ltda,STR-018,Filial Zona Sul Porto Alegre,RS,Porto Alegre,PROD-ANALYTICS,VendeFácil Analytics,2025-11-21 05:00:59,Boleto Bancário,345.22,Caixa 01,Estornada
SLS-11865,CUST024,Casa do Sá Ltda,STR-014,Filial Shopping Rio Verde,GO,Rio Verde,PROD-LOJA,VendeFácil Loja,2025-11-16 20:52:34,PIX,508.86,Caixa 01,Estornada
SLS-11866,CUST1689,Comércio de Ribeiro Comercial,STR-034,Filial Zona Sul Caucaia,CE,Caucaia,PROD-LOJA,VendeFácil Loja,2025-07-29 16:10:54,Cartão de Crédito,1281.35,Caixa 02,Estornada
SLS-11867,CUST005,Materiais de Construção Silva,STR-003,Matriz Juiz de Fora,MG,Juiz de Fora,PROD-PDV,VendeFácil PDV,2025-07-02 11:41:11,Cartão de Crédito,650.82,Caixa 01,Estornada
SLS-11868,CUST1139,Empório Freitas Me,STR-032,Filial Bairro Juiz de Fora,MG,Juiz de Fora,PROD-LOJA,VendeFácil Loja,2025-06-13 19:59:21,Cartão de Crédito,489.17,Caixa 03,Aprovada
SLS-11869,CUST1903,Comércio de Ferreira Ltda,STR-012,Filial Shopping Caucaia,CE,Caucaia,PROD-LOJA,VendeFácil Loja,2025-04-22 22:06:45,Cartão de Débito,831.41,Caixa 03,Aprovada
SLS-11870,CUST1220,Atacado Gonçalves Eireli,STR-048,Matriz Caucaia,CE,Caucaia,PROD-PDV,VendeFácil PDV,2025-08-17 20:25:54,Dinheiro,769.45,Caixa 01,Aprovada
SLS-11871,CUST552,Distribuidora Cavalcante Eireli,STR-022,Filial Bairro Jaboatão dos Guararapes,PE,Jaboatão dos Guararapes,PROD-PAY,VendeFácil Pay,2025-12-23 20:44:07,PIX,1929.31,Caixa 01,Aprovada
SLS-11872,CUST1187,Mercado Almeida S.A.,STR-031,Filial Centro Vila Velha,ES,Vila Velha,PROD-LOJA,VendeFácil Loja,2025-02-05 05:34:37,Dinheiro,1142.12,Caixa 02,Aprovada
SLS-11873,CUST1037,Casa do Sampaio S.A.,STR-007,Express Cascavel,PR,Cascavel,PROD-LOJA,VendeFácil Loja,2025-11-06 06:00:54,Cartão de Débito,618.67,Caixa 02,Aprovada
SLS-11874,CUST714,Rede Borges Ltda,STR-018,Filial Zona Sul Porto Alegre,RS,Porto Alegre,PROD-PAY,VendeFácil Pay,2025-04-02 18:55:59,Cartão de Crédito,1661.7,Caixa 01,Estornada
SLS-11875,CUST065,Centro de da Rocha Ltda,STR-037,Express Rio Verde,GO,Rio Verde,PROD-LOJA,VendeFácil Loja,2025-08-14 16:11:59,Boleto Bancário,779.06,Caixa 03,Cancelada
SLS-11876,CUST005,Materiais de Construção Silva,STR-003,Matriz Juiz de Fora,MG,Juiz de Fora,PROD-PDV,VendeFácil PDV,2025-07-05 11:52:28,Cartão de Débito,741.65,Caixa 03,Estornada
SLS-11877,CUST210,Lojas Cunha Eireli,STR-046,Filial Zona Sul Niterói,RJ,Niterói,PROD-LOJA,VendeFácil Loja,2025-04-24 15:43:31,Dinheiro,912.53,Caixa 02,Aprovada
SLS-11878,CUST552,Distribuidora Cavalcante Eireli,STR-022,Filial Bairro Jaboatão dos Guararapes,PE,Jaboatão dos Guararapes,PROD-ANALYTICS,VendeFácil Analytics,2026-02-14 20:31:22,Cartão de Crédito,915.52,Caixa 01,Cancelada
SLS-11879,CUST714,Rede Borges Ltda,STR-018,Filial Zona Sul Porto Alegre,RS,Porto Alegre,PROD-PAY,VendeFácil Pay,2025-01-28 17:43:35,Boleto Bancário,2940.89,Caixa 01,Aprovada
SLS-11880,CUST409,Rede da Cruz Eireli,STR-008,Matriz Fortaleza,CE,Fortaleza,PROD-ESTOQUE,VendeFácil Estoque,2025-07-04 21:37:02,Boleto Bancário,1185.27,Caixa 01,Estornada
SLS-11881,CUST008,Auto Peças Central,STR-004,Matriz Ribeirão Preto,SP,Ribeirão Preto,PROD-PDV,VendeFácil PDV,2025-06-20 23:25:38,Cartão de Débito,599.67,Caixa 04,Aprovada
SLS-11882,CUST934,Lojas Campos Ltda,STR-040,Express Brasília,DF,Brasília,PROD-LOJA,VendeFácil Loja,2025-05-04 02:36:45,Cartão de Débito,1160.6,Caixa 02,Aprovada
SLS-11883,CUST1903,Comércio de Ferreira Ltda,STR-012,Filial Shopping Caucaia,CE,Caucaia,PROD-LOJA,VendeFácil Loja,2025-08-28 18:13:19,Cartão de Débito,835.43,Caixa 01,Aprovada
SLS-11884,CUST552,Distribuidora Cavalcante Eireli,STR-022,Filial Bairro Jaboatão dos Guararapes,PE,Jaboatão dos Guararapes,PROD-ANALYTICS,VendeFácil Analytics,2025-06-08 03:28:02,Boleto Bancário,623.78,Caixa 02,Aprovada
SLS-11885,CUST024,Casa do Sá Ltda,STR-014,Filial Shopping Rio Verde,GO,Rio Verde,PROD-LOJA,VendeFácil Loja,2025-03-19 08:39:27,Cartão de Crédito,985.41,Caixa 01,Aprovada
SLS-11886,CUST1637,Atacado Mendonça S.A.,STR-036,Matriz Contagem,MG,Contagem,PROD-PAY,VendeFácil Pay,2026-02-07 12:31:30,Boleto Bancário,2345.58,Caixa 03,Aprovada
SLS-11887,CUST1499,Distribuidora Costa Me,STR-024,Filial Centro Sorocaba,SP,Sorocaba,PROD-PAY,VendeFácil Pay,2025-02-20 23:47:51,Boleto Bancário,1319.31,Caixa 03,Cancelada
SLS-11888,CUST401,Comércio de Costela Eireli,STR-050,Express Contagem,MG,Contagem,PROD-LOJA,VendeFácil Loja,2025-11-18 23:18:42,PIX,1252.13,Caixa 02,Aprovada
SLS-11889,CUST1271,Mundo da da Cruz Ltda,STR-016,Filial Zona Sul Olinda,PE,Olinda,PROD-LOJA,VendeFácil Loja,2025-08-16 00:04:06,Cartão de Débito,410.25,Caixa 01,Aprovada
SLS-11890,CUST034,Rede Pires Comercial,STR-026,Filial Shopping Caruaru,PE,Caruaru,PROD-PAY,VendeFácil Pay,2025-08-16 23:04:07,PIX,878.37,Caixa 01,Estornada
SLS-11891,CUST009,Empório Gourmet Mineiro,STR-038,Express Ouro Preto,MG,Ouro Preto,PROD-ESTOQUE,VendeFácil Estoque,2025-05-29 04:31:56,Dinheiro,1010.46,Caixa 01,Cancelada
SLS-11892,CUST552,Distribuidora Cavalcante Eireli,STR-022,Filial Bairro Jaboatão dos Guararapes,PE,Jaboatão dos Guararapes,PROD-PAY,VendeFácil Pay,2025-12-31 07:53:30,Boleto Bancário,2917.71,Caixa 02,Estornada
SLS-11893,CUST401,Comércio de Costela Eireli,STR-050,Express Contagem,MG,Contagem,PROD-PDV,VendeFácil PDV,2025-03-04 16:48:07,PIX,453.12,Caixa 02,Aprovada
SLS-11894,CUST001,Supermercado Boa Compra,STR-002,Filial Savassi,MG,Belo Horizonte,PROD-ANALYTICS,VendeFácil Analytics,2025-06-28 22:25:10,PIX,711.34,Caixa 01,Aprovada
SLS-11895,CUST1629,Mundo da Vieira Comercial,STR-029,Matriz Águas Claras,DF,Águas Claras,PROD-PDV,VendeFácil PDV,2025-07-16 16:44:54,Dinheiro,776.91,Caixa 03,Cancelada
SLS-11896,CUST005,Materiais de Construção Silva,STR-003,Matriz Juiz de Fora,MG,Juiz de Fora,PROD-PAY,VendeFácil Pay,2025-08-10 21:45:00,Cartão de Crédito,2933.59,Caixa 03,Aprovada
SLS-11897,CUST1611,Comércio de Fogaça S.A.,STR-044,Filial Zona Sul Caucaia,CE,Caucaia,PROD-ANALYTICS,VendeFácil Analytics,2025-12-27 05:40:59,PIX,774.48,Caixa 03,Cancelada
SLS-11898,CUST401,Comércio de Costela Eireli,STR-050,Express Contagem,MG,Contagem,PROD-PAY,VendeFácil Pay,2026-01-30 21:18:46,Boleto Bancário,1446.61,Caixa 01,Aprovada
SLS-11899,CUST102,Rede Cardoso Me,STR-013,Filial Centro Uberlândia,MG,Uberlândia,PROD-ANALYTICS,VendeFácil Analytics,2025-09-07 08:44:37,Cartão de Débito,865.43,Caixa 01,Estornada
SLS-11900,CUST1689,Comércio de Ribeiro Comercial,STR-034,Filial Zona Sul Caucaia,CE,Caucaia,PROD-ANALYTICS,VendeFácil Analytics,2025-01-24 17:48:20,PIX,568.12,Caixa 01,Cancelada
SLS-11901,CUST1162,Empório Monteiro Eireli,STR-035,Filial Zona Sul Juazeiro do Norte,CE,Juazeiro do Norte,PROD-LOJA,VendeFácil Loja,2026-02-03 03:06:30,Cartão de Crédito,645.84,Caixa 03,Aprovada
SLS-11902,CUST556,Lojas Cunha S.A.,STR-049,Filial Bairro Santa Maria,RS,Santa Maria,PROD-PAY,VendeFácil Pay,2025-01-04 02:42:33,Cartão de Débito,684.89,Caixa 03,Aprovada
SLS-11903,CUST1887,Mercado Aparecida Ltda,STR-020,Filial Bairro Serra,ES,Serra,PROD-ANALYTICS,VendeFácil Analytics,2025-11-22 11:16:40,Dinheiro,408.7,Caixa 02,Estornada
SLS-11904,CUST391,Distribuidora Oliveira Eireli,STR-015,Filial Bairro Anápolis,GO,Anápolis,PROD-ANALYTICS,VendeFácil Analytics,2025-12-31 20:40:19,Boleto Bancário,559.14,Caixa 01,Estornada
SLS-11905,CUST714,Rede Borges Ltda,STR-018,Filial Zona Sul Porto Alegre,RS,Porto Alegre,PROD-PDV,VendeFácil PDV,2025-04-11 00:24:02,PIX,843.65,Caixa 01,Aprovada
SLS-11906,CUST401,Comércio de Costela Eireli,STR-050,Express Contagem,MG,Contagem,PROD-ANALYTICS,VendeFácil Analytics,2025-07-06 20:24:54,Cartão de Crédito,522.88,Caixa 01,Cancelada
SLS-11907,CUST1903,Comércio de Ferreira Ltda,STR-012,Filial Shopping Caucaia,CE,Caucaia,PROD-LOJA,VendeFácil Loja,2025-04-03 15:06:45,Cartão de Crédito,1385.59,Caixa 04,Cancelada
SLS-11908,CUST835,Empório Marques Me,STR-017,Filial Centro Santos,SP,Santos,PROD-PDV,VendeFácil PDV,2025-03-14 18:26:38,Dinheiro,560.78,Caixa 05,Aprovada
SLS-11909,CUST1867,Lojas Teixeira Ltda,STR-006,Matriz Caxias do Sul,RS,Caxias do Sul,PROD-ESTOQUE,VendeFácil Estoque,2025-12-11 04:40:32,Cartão de Crédito,1677.18,Caixa 02,Aprovada
SLS-11910,CUST835,Empório Marques Me,STR-017,Filial Centro Santos,SP,Santos,PROD-ESTOQUE,VendeFácil Estoque,2025-06-15 05:47:29,Boleto Bancário,613.09,Caixa 01,Cancelada
SLS-11911,CUST1139,Empório Freitas Me,STR-032,Filial Bairro Juiz de Fora,MG,Juiz de Fora,PROD-PAY,VendeFácil Pay,2025-10-18 05:20:34,Cartão de Débito,2533.84,Caixa 05,Aprovada
SLS-11912,CUST556,Lojas Cunha S.A.,STR-049,Filial Bairro Santa Maria,RS,Santa Maria,PROD-LOJA,VendeFácil Loja,2025-08-20 09:36:56,Cartão de Débito,809.07,Caixa 02,Estornada
SLS-11913,CUST024,Casa do Sá Ltda,STR-014,Filial Shopping Rio Verde,GO,Rio Verde,PROD-LOJA,VendeFácil Loja,2025-12-18 11:32:33,Cartão de Débito,707.92,Caixa 01,Aprovada
SLS-11914,CUST1689,Comércio de Ribeiro Comercial,STR-034,Filial Zona Sul Caucaia,CE,Caucaia,PROD-PAY,VendeFácil Pay,2025-12-07 12:28:26,PIX,757.21,Caixa 02,Aprovada
SLS-11915,CUST1398,Centro de Andrade Ltda,STR-033,Filial Zona Sul Curitiba,PR,Curitiba,PROD-PDV,VendeFácil PDV,2025-12-18 12:18:39,Cartão de Crédito,381.29,Caixa 03,Estornada
SLS-11916,CUST1907,Mundo da Pimenta Comercial,STR-042,Filial Shopping Niterói,RJ,Niterói,PROD-PDV,VendeFácil PDV,2025-12-20 21:35:40,Cartão de Crédito,590.06,Caixa 02,Cancelada
SLS-11917,CUST1887,Mercado Aparecida Ltda,STR-020,Filial Bairro Serra,ES,Serra,PROD-PDV,VendeFácil PDV,2025-10-02 10:10:29,Boleto Bancário,857.11,Caixa 02,Aprovada
SLS-11918,CUST224,Empório Moraes Ltda,STR-043,Filial Bairro Rio Verde,GO,Rio Verde,PROD-ESTOQUE,VendeFácil Estoque,2025-01-15 02:42:44,Cartão de Débito,1476.2,Caixa 02,Aprovada
SLS-11919,CUST1271,Mundo da da Cruz Ltda,STR-016,Filial Zona Sul Olinda,PE,Olinda,PROD-LOJA,VendeFácil Loja,2025-01-31 03:32:52,PIX,594.89,Caixa 02,Cancelada
SLS-11920,CUST024,Casa do Sá Ltda,STR-014,Filial Shopping Rio Verde,GO,Rio Verde,PROD-ANALYTICS,VendeFácil Analytics,2025-01-06 07:07:17,PIX,605.71,Caixa 01,Aprovada
SLS-11921,CUST365,Rede Casa Grande Comercial,STR-030,Filial Shopping Aparecida de Goiânia,GO,Aparecida de Goiânia,PROD-ANALYTICS,VendeFácil Analytics,2025-01-24 20:51:45,PIX,943.97,Caixa 04,Aprovada
SLS-11922,CUST1037,Casa do Sampaio S.A.,STR-007,Express Cascavel,PR,Cascavel,PROD-PAY,VendeFácil Pay,2025-05-02 16:55:52,Boleto Bancário,550.26,Caixa 06,Aprovada
SLS-11923,CUST1187,Mercado Almeida S.A.,STR-031,Filial Centro Vila Velha,ES,Vila Velha,PROD-ANALYTICS,VendeFácil Analytics,2025-12-19 02:23:28,Boleto Bancário,379.88,Caixa 01,Aprovada
SLS-11924,CUST108,Lojas Abreu Ltda,STR-010,Matriz São Paulo,SP,São Paulo,PROD-LOJA,VendeFácil Loja,2025-10-07 19:03:43,Dinheiro,828.17,Caixa 01,Estornada
SLS-11925,CUST1887,Mercado Aparecida Ltda,STR-020,Filial Bairro Serra,ES,Serra,PROD-PAY,VendeFácil Pay,2025-07-19 20:54:35,Cartão de Crédito,253.25,Caixa 03,Aprovada
SLS-11926,CUST625,Comércio de Macedo Eireli,STR-025,Matriz Chapecó,SC,Chapecó,PROD-LOJA,VendeFácil Loja,2025-12-02 11:57:38,Boleto Bancário,674.94,Caixa 01,Aprovada
SLS-11927,CUST1887,Mercado Aparecida Ltda,STR-020,Filial Bairro Serra,ES,Serra,PROD-PAY,VendeFácil Pay,2025-11-10 03:02:00,Boleto Bancário,230.27,Caixa 03,Estornada
SLS-11928,CUST556,Lojas Cunha S.A.,STR-049,Filial Bairro Santa Maria,RS,Santa Maria,PROD-PAY,VendeFácil Pay,2025-12-16 00:44:38,Boleto Bancário,2458.19,Caixa 02,Cancelada
SLS-11929,CUST005,Materiais de Construção Silva,STR-003,Matriz Juiz de Fora,MG,Juiz de Fora,PROD-PAY,VendeFácil Pay,2026-01-04 17:42:52,PIX,803.81,Caixa 02,Aprovada
SLS-11930,CUST224,Empório Moraes Ltda,STR-043,Filial Bairro Rio Verde,GO,Rio Verde,PROD-PAY,VendeFácil Pay,2025-08-19 01:55:57,PIX,1765.89,Caixa 06,Aprovada
SLS-11931,CUST1637,Atacado Mendonça S.A.,STR-036,Matriz Contagem,MG,Contagem,PROD-PDV,VendeFácil PDV,2025-04-07 14:27:29,Dinheiro,426.79,Caixa 04,Aprovada
SLS-11932,CUST001,Supermercado Boa Compra,STR-001,Filial Matriz - Centro BH,MG,Belo Horizonte,PROD-LOJA,VendeFácil Loja,2025-03-31 04:17:28,Cartão de Débito,1413.72,Caixa 02,Cancelada
SLS-11933,CUST1271,Mundo da da Cruz Ltda,STR-016,Filial Zona Sul Olinda,PE,Olinda,PROD-ANALYTICS,VendeFácil Analytics,2026-01-09 05:02:39,Cartão de Débito,916.82,Caixa 04,Aprovada
SLS-11934,CUST1610,Comércio de da Rocha Ltda,STR-009,Express Jaboatão dos Guararapes,PE,Jaboatão dos Guararapes,PROD-PDV,VendeFácil PDV,2025-08-05 20:48:12,PIX,647.22,Caixa 01,Aprovada
SLS-11935,CUST714,Rede Borges Ltda,STR-018,Filial Zona Sul Porto Alegre,RS,Porto Alegre,PROD-PDV,VendeFácil PDV,2025-03-14 21:58:19,Cartão de Crédito,457.45,Caixa 01,Cancelada
SLS-11936,CUST391,Distribuidora Oliveira Eireli,STR-015,Filial Bairro Anápolis,GO,Anápolis,PROD-PAY,VendeFácil Pay,2025-06-02 06:59:42,Dinheiro,2023.56,Caixa 01,Aprovada
SLS-11937,CUST1499,Distribuidora Costa Me,STR-024,Filial Centro Sorocaba,SP,Sorocaba,PROD-ESTOQUE,VendeFácil Estoque,2026-02-16 11:52:45,PIX,1205.23,Caixa 06,Aprovada
SLS-11938,CUST625,Comércio de Macedo Eireli,STR-025,Matriz Chapecó,SC,Chapecó,PROD-ESTOQUE,VendeFácil Estoque,2026-01-31 12:34:00,PIX,528.74,Caixa 01,Estornada
SLS-11939,CUST1867,Lojas Teixeira Ltda,STR-006,Matriz Caxias do Sul,RS,Caxias do Sul,PROD-PDV,VendeFácil PDV,2026-02-18 03:13:10,Cartão de Crédito,841.88,Caixa 02,Aprovada
SLS-11940,CUST1867,Lojas Teixeira Ltda,STR-006,Matriz Caxias do Sul,RS,Caxias do Sul,PROD-LOJA,VendeFácil Loja,2025-07-08 18:41:09,Dinheiro,1174.25,Caixa 01,Aprovada
SLS-11941,CUST552,Distribuidora Cavalcante Eireli,STR-022,Filial Bairro Jaboatão dos Guararapes,PE,Jaboatão dos Guararapes,PROD-PAY,VendeFácil Pay,2025-08-21 03:38:22,Boleto Bancário,2888.26,Caixa 01,Aprovada
SLS-11942,CUST1490,Mundo da da Mota Me,STR-045,Filial Shopping Vila Velha,ES,Vila Velha,PROD-ESTOQUE,VendeFácil Estoque,2025-01-17 12:34:32,Boleto Bancário,1235.47,Caixa 01,Cancelada
SLS-11943,CUST1887,Mercado Aparecida Ltda,STR-020,Filial Bairro Serra,ES,Serra,PROD-ESTOQUE,VendeFácil Estoque,2025-05-10 13:54:27,PIX,981.64,Caixa 02,Aprovada
SLS-11944,CUST1162,Empório Monteiro Eireli,STR-035,Filial Zona Sul Juazeiro do Norte,CE,Juazeiro do Norte,PROD-ESTOQUE,VendeFácil Estoque,2026-01-25 23:06:17,Dinheiro,1369.99,Caixa 02,Aprovada
SLS-11945,CUST1629,Mundo da Vieira Comercial,STR-029,Matriz Águas Claras,DF,Águas Claras,PROD-PAY,VendeFácil Pay,2025-05-13 04:11:53,Dinheiro,1471.57,Caixa 04,Aprovada
SLS-11946,CUST365,Rede Casa Grande Comercial,STR-030,Filial Shopping Aparecida de Goiânia,GO,Aparecida de Goiânia,PROD-ANALYTICS,VendeFácil Analytics,2025-02-01 00:20:30,Boleto Bancário,445.87,Caixa 03,Aprovada
SLS-11947,CUST1907,Mundo da Pimenta Comercial,STR-042,Filial Shopping Niterói,RJ,Niterói,PROD-PAY,VendeFácil Pay,2026-02-14 16:34:03,Cartão de Crédito,2631.42,Caixa 02,Aprovada
SLS-11948,CUST005,Materiais de Construção Silva,STR-003,Matriz Juiz de Fora,MG,Juiz de Fora,PROD-ESTOQUE,VendeFácil Estoque,2025-04-01 09:37:08,Dinheiro,1668.96,Caixa 06,Estornada
SLS-11949,CUST1427,Lojas Vieira Comercial,STR-047,Matriz Vitória da Conquista,BA,Vitória da Conquista,PROD-LOJA,VendeFácil Loja,2026-01-22 18:11:59,Cartão de Débito,1493.94,Caixa 02,Aprovada
SLS-11950,CUST401,Comércio de Costela Eireli,STR-050,Express Contagem,MG,Contagem,PROD-LOJA,VendeFácil Loja,2025-10-05 10:13:38,Dinheiro,1343.25,Caixa 02,Estornada
SLS-11951,CUST1629,Mundo da Vieira Comercial,STR-029,Matriz Águas Claras,DF,Águas Claras,PROD-ESTOQUE,VendeFácil Estoque,2025-03-01 19:42:42,PIX,1966.33,Caixa 04,Aprovada
SLS-11952,CUST552,Distribuidora Cavalcante Eireli,STR-022,Filial Bairro Jaboatão dos Guararapes,PE,Jaboatão dos Guararapes,PROD-LOJA,VendeFácil Loja,2025-03-25 17:36:32,PIX,895.07,Caixa 02,Cancelada
SLS-11953,CUST210,Lojas Cunha Eireli,STR-046,Filial Zona Sul Niterói,RJ,Niterói,PROD-LOJA,VendeFácil Loja,2026-02-16 17:22:43,Boleto Bancário,1313.47,Caixa 01,Aprovada
SLS-11954,CUST008,Auto Peças Central,STR-004,Matriz Ribeirão Preto,SP,Ribeirão Preto,PROD-PAY,VendeFácil Pay,2025-08-31 14:16:47,Cartão de Débito,2745.72,Caixa 06,Aprovada
SLS-11955,CUST1611,Comércio de Fogaça S.A.,STR-044,Filial Zona Sul Caucaia,CE,Caucaia,PROD-LOJA,VendeFácil Loja,2025-08-03 12:25:50,Boleto Bancário,556.34,Caixa 04,Aprovada
SLS-11956,CUST1247,Centro de Aparecida Eireli,STR-011,Filial Shopping Brasília,DF,Brasília,PROD-PAY,VendeFácil Pay,2025-04-18 10:46:42,Dinheiro,1126.8,Caixa 03,Aprovada
SLS-11957,CUST556,Lojas Cunha S.A.,STR-049,Filial Bairro Santa Maria,RS,Santa Maria,PROD-PAY,VendeFácil Pay,2025-01-06 22:10:03,Dinheiro,888.31,Caixa 03,Aprovada
SLS-11958,CUST1689,Comércio de Ribeiro Comercial,STR-034,Filial Zona Sul Caucaia,CE,Caucaia,PROD-LOJA,VendeFácil Loja,2026-01-15 15:10:38,PIX,1325.56,Caixa 02,Estornada
SLS-11959,CUST009,Empório Gourmet Mineiro,STR-038,Express Ouro Preto,MG,Ouro Preto,PROD-PAY,VendeFácil Pay,2025-04-04 23:39:50,Boleto Bancário,321.68,Caixa 01,Aprovada
SLS-11960,CUST1637,Atacado Mendonça S.A.,STR-036,Matriz Contagem,MG,Contagem,PROD-PDV,VendeFácil PDV,2025-11-16 16:07:26,Boleto Bancário,830.8,Caixa 04,Cancelada
SLS-11961,CUST1499,Distribuidora Costa Me,STR-024,Filial Centro Sorocaba,SP,Sorocaba,PROD-PDV,VendeFácil PDV,2026-01-23 23:49:14,Cartão de Crédito,657.53,Caixa 07,Aprovada
SLS-11962,CUST625,Comércio de Macedo Eireli,STR-025,Matriz Chapecó,SC,Chapecó,PROD-ANALYTICS,VendeFácil Analytics,2025-08-28 21:27:15,Cartão de Crédito,865.54,Caixa 01,Aprovada
SLS-11963,CUST224,Empório Moraes Ltda,STR-043,Filial Bairro Rio Verde,GO,Rio Verde,PROD-PDV,VendeFácil PDV,2025-01-29 15:56:23,Cartão de Crédito,883.71,Caixa 01,Aprovada
SLS-11964,CUST1637,Atacado Mendonça S.A.,STR-036,Matriz Contagem,MG,Contagem,PROD-ANALYTICS,VendeFácil Analytics,2025-03-30 06:49:27,PIX,534.81,Caixa 06,Aprovada
SLS-11965,CUST475,Centro de Aragão Ltda,STR-019,Matriz Serra,ES,Serra,PROD-ESTOQUE,VendeFácil Estoque,2025-04-29 07:00:43,Cartão de Crédito,567.31,Caixa 01,Aprovada
SLS-11966,CUST934,Lojas Campos Ltda,STR-040,Express Brasília,DF,Brasília,PROD-ESTOQUE,VendeFácil Estoque,2025-05-10 10:11:30,Boleto Bancário,523.61,Caixa 02,Estornada
SLS-11967,CUST001,Supermercado Boa Compra,STR-002,Filial Savassi,MG,Belo Horizonte,PROD-ANALYTICS,VendeFácil Analytics,2025-10-17 09:24:53,Cartão de Crédito,726.04,Caixa 01,Aprovada
SLS-11968,CUST934,Lojas Campos Ltda,STR-040,Express Brasília,DF,Brasília,PROD-ESTOQUE,VendeFácil Estoque,2025-04-08 12:24:58,Boleto Bancário,1291.15,Caixa 02,Aprovada
SLS-11969,CUST401,Comércio de Costela Eireli,STR-050,Express Contagem,MG,Contagem,PROD-PAY,VendeFácil Pay,2025-06-06 03:17:21,Cartão de Crédito,1627.43,Caixa 01,Aprovada
SLS-11970,CUST210,Lojas Cunha Eireli,STR-046,Filial Zona Sul Niterói,RJ,Niterói,PROD-PDV,VendeFácil PDV,2025-01-17 13:55:40,Cartão de Débito,487.06,Caixa 03,Aprovada
SLS-11971,CUST475,Centro de Aragão Ltda,STR-019,Matriz Serra,ES,Serra,PROD-ANALYTICS,VendeFácil Analytics,2026-02-04 12:24:08,Cartão de Crédito,324.64,Caixa 01,Aprovada
SLS-11972,CUST1247,Centro de Aparecida Eireli,STR-011,Filial Shopping Brasília,DF,Brasília,PROD-LOJA,VendeFácil Loja,2025-06-09 05:12:45,Dinheiro,1280.4,Caixa 02,Aprovada
SLS-11973,CUST1629,Mundo da Vieira Comercial,STR-029,Matriz Águas Claras,DF,Águas Claras,PROD-LOJA,VendeFácil Loja,2025-03-09 13:17:42,Cartão de Débito,1278.79,Caixa 04,Cancelada
SLS-11974,CUST1612,Comércio de Garcia Me,STR-028,Filial Centro Uberaba,MG,Uberaba,PROD-PAY,VendeFácil Pay,2025-11-23 16:15:40,Dinheiro,1302.72,Caixa 02,Aprovada
SLS-11975,CUST391,Distribuidora Oliveira Eireli,STR-015,Filial Bairro Anápolis,GO,Anápolis,PROD-PAY,VendeFácil Pay,2025-03-08 06:08:42,PIX,862.34,Caixa 01,Aprovada
SLS-11976,CUST005,Materiais de Construção Silva,STR-003,Matriz Juiz de Fora,MG,Juiz de Fora,PROD-PDV,VendeFácil PDV,2025-11-15 11:52:13,Dinheiro,566.69,Caixa 04,Aprovada
SLS-11977,CUST009,Empório Gourmet Mineiro,STR-038,Express Ouro Preto,MG,Ouro Preto,PROD-PAY,VendeFácil Pay,2025-12-05 04:47:44,Dinheiro,2537.11,Caixa 01,Aprovada
SLS-11978,CUST1689,Comércio de Ribeiro Comercial,STR-034,Filial Zona Sul Caucaia,CE,Caucaia,PROD-ESTOQUE,VendeFácil Estoque,2026-02-13 02:46:39,Cartão de Débito,1684.14,Caixa 02,Cancelada
SLS-11979,CUST1499,Distribuidora Costa Me,STR-024,Filial Centro Sorocaba,SP,Sorocaba,PROD-ANALYTICS,VendeFácil Analytics,2025-03-30 20:58:53,PIX,581.72,Caixa 07,Aprovada
SLS-11980,CUST1887,Mercado Aparecida Ltda,STR-020,Filial Bairro Serra,ES,Serra,PROD-ANALYTICS,VendeFácil Analytics,2025-01-05 08:32:10,Cartão de Crédito,782.17,Caixa 03,Cancelada
SLS-11981,CUST1398,Centro de Andrade Ltda,STR-033,Filial Zona Sul Curitiba,PR,Curitiba,PROD-ANALYTICS,VendeFácil Analytics,2025-01-03 00:42:20,Cartão de Débito,305.01,Caixa 01,Aprovada
SLS-11982,CUST1689,Comércio de Ribeiro Comercial,STR-034,Filial Zona Sul Caucaia,CE,Caucaia,PROD-LOJA,VendeFácil Loja,2025-06-23 02:53:12,Cartão de Crédito,1432.29,Caixa 01,Estornada
SLS-11983,CUST1247,Centro de Aparecida Eireli,STR-011,Filial Shopping Brasília,DF,Brasília,PROD-PDV,VendeFácil PDV,2025-02-12 17:48:27,Cartão de Débito,510.68,Caixa 02,Aprovada
SLS-11984,CUST034,Rede Pires Comercial,STR-026,Filial Shopping Caruaru,PE,Caruaru,PROD-PAY,VendeFácil Pay,2025-09-13 22:33:20,Cartão de Crédito,2082.47,Caixa 01,Aprovada
SLS-11985,CUST714,Rede Borges Ltda,STR-018,Filial Zona Sul Porto Alegre,RS,Porto Alegre,PROD-ANALYTICS,VendeFácil Analytics,2025-03-09 16:59:00,Cartão de Débito,705.16,Caixa 01,Aprovada
SLS-11986,CUST833,Lojas Azevedo Comercial,STR-023,Filial Centro Taguatinga,DF,Taguatinga,PROD-ANALYTICS,VendeFácil Analytics,2025-12-15 20:47:42,Boleto Bancário,427.0,Caixa 03,Aprovada
SLS-11987,CUST391,Distribuidora Oliveira Eireli,STR-015,Filial Bairro Anápolis,GO,Anápolis,PROD-ANALYTICS,VendeFácil Analytics,2025-01-29 17:31:22,Dinheiro,885.98,Caixa 01,Aprovada
SLS-11988,CUST1220,Atacado Gonçalves Eireli,STR-048,Matriz Caucaia,CE,Caucaia,PROD-ESTOQUE,VendeFácil Estoque,2025-04-14 00:29:15,Dinheiro,1931.72,Caixa 05,Aprovada
SLS-11989,CUST108,Lojas Abreu Ltda,STR-010,Matriz São Paulo,SP,São Paulo,PROD-ESTOQUE,VendeFácil Estoque,2025-12-19 20:13:16,Cartão de Crédito,1082.87,Caixa 01,Aprovada
SLS-11990,CUST008,Auto Peças Central,STR-004,Matriz Ribeirão Preto,SP,Ribeirão Preto,PROD-PDV,VendeFácil PDV,2025-05-13 12:13:04,Boleto Bancário,878.02,Caixa 03,Aprovada
SLS-11991,CUST1610,Comércio de da Rocha Ltda,STR-009,Express Jaboatão dos Guararapes,PE,Jaboatão dos Guararapes,PROD-ANALYTICS,VendeFácil Analytics,2025-02-08 09:45:13,Dinheiro,489.57,Caixa 01,Cancelada
SLS-11992,CUST1015,Distribuidora Montenegro Me,STR-041,Filial Centro Rio de Janeiro,RJ,Rio de Janeiro,PROD-PDV,VendeFácil PDV,2025-02-18 13:17:18,PIX,740.08,Caixa 010,Aprovada
SLS-11993,CUST1139,Empório Freitas Me,STR-032,Filial Bairro Juiz de Fora,MG,Juiz de Fora,PROD-ANALYTICS,VendeFácil Analytics,2025-12-09 04:48:52,PIX,682.2,Caixa 06,Aprovada
SLS-11994,CUST065,Centro de da Rocha Ltda,STR-037,Express Rio Verde,GO,Rio Verde,PROD-PDV,VendeFácil PDV,2025-03-03 20:28:28,Cartão de Crédito,646.84,Caixa 06,Aprovada
SLS-11995,CUST1610,Comércio de da Rocha Ltda,STR-009,Express Jaboatão dos Guararapes,PE,Jaboatão dos Guararapes,PROD-ESTOQUE,VendeFácil Estoque,2025-12-27 05:26:21,Dinheiro,1160.45,Caixa 01,Aprovada
SLS-11996,CUST065,Centro de da Rocha Ltda,STR-037,Express Rio Verde,GO,Rio Verde,PROD-ESTOQUE,VendeFácil Estoque,2026-01-22 17:21:11,Dinheiro,997.29,Caixa 02,Cancelada
SLS-11997,CUST1037,Casa do Sampaio S.A.,STR-007,Express Cascavel,PR,Cascavel,PROD-PAY,VendeFácil Pay,2025-11-20 13:32:32,Cartão de Débito,2535.45,Caixa 02,Aprovada
SLS-11998,CUST024,Casa do Sá Ltda,STR-014,Filial Shopping Rio Verde,GO,Rio Verde,PROD-PAY,VendeFácil Pay,2025-11-27 16:09:07,PIX,961.62,Caixa 01,Aprovada
SLS-11999,CUST365,Rede Casa Grande Comercial,STR-030,Filial Shopping Aparecida de Goiânia,GO,Aparecida de Goiânia,PROD-ANALYTICS,VendeFácil Analytics,2025-06-04 04:01:49,Cartão de Débito,890.32,Caixa 03,Cancelada
SLS-12000,CUST365,Rede Casa Grande Comercial,STR-030,Filial Shopping Aparecida de Goiânia,GO,Aparecida de Goiânia,PROD-ESTOQUE,VendeFácil Estoque,2025-10-26 15:00:07,Cartão de Crédito,1064.36,Caixa 03,Cancelada
SLS-12001,CUST1867,Lojas Teixeira Ltda,STR-006,Matriz Caxias do Sul,RS,Caxias do Sul,PROD-PAY,VendeFácil Pay,2025-05-02 02:33:06,Cartão de Crédito,1015.13,Caixa 04,Estornada
SLS-12002,CUST1629,Mundo da Vieira Comercial,STR-029,Matriz Águas Claras,DF,Águas Claras,PROD-ANALYTICS,VendeFácil Analytics,2025-12-29 16:47:15,Boleto Bancário,370.3,Caixa 03,Aprovada
SLS-12003,CUST102,Rede Cardoso Me,STR-013,Filial Centro Uberlândia,MG,Uberlândia,PROD-LOJA,VendeFácil Loja,2025-04-12 22:55:31,Cartão de Débito,1344.52,Caixa 01,Cancelada
SLS-12004,CUST1139,Empório Freitas Me,STR-032,Filial Bairro Juiz de Fora,MG,Juiz de Fora,PROD-PAY,VendeFácil Pay,2025-07-12 13:10:35,Boleto Bancário,448.75,Caixa 07,Estornada
SLS-12005,CUST1887,Mercado Aparecida Ltda,STR-020,Filial Bairro Serra,ES,Serra,PROD-PAY,VendeFácil Pay,2025-12-13 23:34:40,PIX,2608.06,Caixa 03,Cancelada
SLS-12006,CUST008,Auto Peças Central,STR-004,Matriz Ribeirão Preto,SP,Ribeirão Preto,PROD-ESTOQUE,VendeFácil Estoque,2025-05-19 19:26:24,PIX,1444.65,Caixa 03,Aprovada
SLS-12007,CUST1187,Mercado Almeida S.A.,STR-031,Filial Centro Vila Velha,ES,Vila Velha,PROD-ANALYTICS,VendeFácil Analytics,2025-01-26 22:48:34,PIX,754.7,Caixa 02,Aprovada
SLS-12008,CUST717,Rede da Mota S.A.,STR-039,Filial Shopping Cariacica,ES,Cariacica,PROD-ANALYTICS,VendeFácil Analytics,2025-12-24 12:54:03,Boleto Bancário,409.64,Caixa 01,Aprovada
SLS-12009,CUST475,Centro de Aragão Ltda,STR-019,Matriz Serra,ES,Serra,PROD-ESTOQUE,VendeFácil Estoque,2025-07-27 13:54:22,Cartão de Crédito,677.58,Caixa 01,Cancelada
SLS-12010,CUST108,Lojas Abreu Ltda,STR-010,Matriz São Paulo,SP,São Paulo,PROD-PDV,VendeFácil PDV,2025-04-24 15:01:19,Dinheiro,474.7,Caixa 01,Estornada
SLS-12011,CUST714,Rede Borges Ltda,STR-018,Filial Zona Sul Porto Alegre,RS,Porto Alegre,PROD-PDV,VendeFácil PDV,2025-02-21 12:05:27,Cartão de Crédito,602.05,Caixa 01,Estornada
SLS-12012,CUST409,Rede da Cruz Eireli,STR-008,Matriz Fortaleza,CE,Fortaleza,PROD-ANALYTICS,VendeFácil Analytics,2025-04-05 06:38:11,Boleto Bancário,467.52,Caixa 01,Aprovada
SLS-12013,CUST1139,Empório Freitas Me,STR-032,Filial Bairro Juiz de Fora,MG,Juiz de Fora,PROD-LOJA,VendeFácil Loja,2025-08-04 20:48:37,PIX,1365.47,Caixa 02,Cancelada
SLS-12014,CUST714,Rede Borges Ltda,STR-018,Filial Zona Sul Porto Alegre,RS,Porto Alegre,PROD-PAY,VendeFácil Pay,2026-02-13 08:06:39,Cartão de Crédito,3037.1,Caixa 01,Aprovada
SLS-12015,CUST1887,Mercado Aparecida Ltda,STR-020,Filial Bairro Serra,ES,Serra,PROD-ESTOQUE,VendeFácil Estoque,2025-10-22 19:36:49,Cartão de Crédito,1732.76,Caixa 03,Aprovada
SLS-12016,CUST934,Lojas Campos Ltda,STR-040,Express Brasília,DF,Brasília,PROD-ANALYTICS,VendeFácil Analytics,2025-12-22 17:31:24,Boleto Bancário,808.08,Caixa 01,Aprovada
SLS-12017,CUST1271,Mundo da da Cruz Ltda,STR-016,Filial Zona Sul Olinda,PE,Olinda,PROD-PAY,VendeFácil Pay,2025-01-11 06:08:46,Cartão de Crédito,1405.2,Caixa 02,Estornada
SLS-12018,CUST1887,Mercado Aparecida Ltda,STR-020,Filial Bairro Serra,ES,Serra,PROD-ESTOQUE,VendeFácil Estoque,2025-07-26 11:48:45,PIX,553.63,Caixa 01,Aprovada
SLS-12019,CUST717,Rede da Mota S.A.,STR-039,Filial Shopping Cariacica,ES,Cariacica,PROD-PDV,VendeFácil PDV,2025-10-22 01:22:52,PIX,583.45,Caixa 01,Aprovada
SLS-12020,CUST1875,Empório da Cunha Eireli,STR-005,Filial Shopping Rio de Janeiro,RJ,Rio de Janeiro,PROD-LOJA,VendeFácil Loja,2025-06-04 05:18:10,Boleto Bancário,948.59,Caixa 01,Estornada
SLS-12021,CUST210,Lojas Cunha Eireli,STR-046,Filial Zona Sul Niterói,RJ,Niterói,PROD-LOJA,VendeFácil Loja,2025-05-14 23:58:51,PIX,1182.98,Caixa 02,Aprovada
SLS-12022,CUST1907,Mundo da Pimenta Comercial,STR-042,Filial Shopping Niterói,RJ,Niterói,PROD-PDV,VendeFácil PDV,2025-07-25 22:32:45,Boleto Bancário,673.29,Caixa 01,Estornada
SLS-12023,CUST1612,Comércio de Garcia Me,STR-028,Filial Centro Uberaba,MG,Uberaba,PROD-LOJA,VendeFácil Loja,2026-02-20 09:44:40,Dinheiro,639.34,Caixa 02,Aprovada
SLS-12024,CUST391,Distribuidora Oliveira Eireli,STR-015,Filial Bairro Anápolis,GO,Anápolis,PROD-PAY,VendeFácil Pay,2025-07-24 21:23:22,PIX,945.99,Caixa 01,Estornada
SLS-12025,CUST401,Comércio de Costela Eireli,STR-050,Express Contagem,MG,Contagem,PROD-PAY,VendeFácil Pay,2025-04-04 12:37:30,Cartão de Crédito,1649.88,Caixa 01,Aprovada
SLS-12026,CUST365,Rede Casa Grande Comercial,STR-030,Filial Shopping Aparecida de Goiânia,GO,Aparecida de Goiânia,PROD-ESTOQUE,VendeFácil Estoque,2026-02-13 18:36:10,PIX,1818.99,Caixa 02,Aprovada
SLS-12027,CUST1187,Mercado Almeida S.A.,STR-031,Filial Centro Vila Velha,ES,Vila Velha,PROD-LOJA,VendeFácil Loja,2025-06-24 09:02:58,Cartão de Crédito,446.03,Caixa 01,Aprovada
SLS-12028,CUST1887,Mercado Aparecida Ltda,STR-020,Filial Bairro Serra,ES,Serra,PROD-ESTOQUE,VendeFácil Estoque,2025-03-20 10:40:19,Boleto Bancário,1880.77,Caixa 01,Estornada
SLS-12029,CUST065,Centro de da Rocha Ltda,STR-037,Express Rio Verde,GO,Rio Verde,PROD-LOJA,VendeFácil Loja,2025-04-08 16:41:54,Cartão de Crédito,451.01,Caixa 02,Aprovada
SLS-12030,CUST005,Materiais de Construção Silva,STR-003,Matriz Juiz de Fora,MG,Juiz de Fora,PROD-PDV,VendeFácil PDV,2025-07-24 01:45:17,Cartão de Crédito,484.21,Caixa 02,Aprovada
SLS-12031,CUST1037,Casa do Sampaio S.A.,STR-007,Express Cascavel,PR,Cascavel,PROD-PDV,VendeFácil PDV,2025-09-07 03:16:06,Cartão de Débito,861.49,Caixa 06,Cancelada
SLS-12032,CUST1139,Empório Freitas Me,STR-032,Filial Bairro Juiz de Fora,MG,Juiz de Fora,PROD-PAY,VendeFácil Pay,2025-05-17 23:05:06,PIX,934.68,Caixa 03,Estornada
SLS-12033,CUST1611,Comércio de Fogaça S.A.,STR-044,Filial Zona Sul Caucaia,CE,Caucaia,PROD-LOJA,VendeFácil Loja,2025-06-24 14:19:06,Cartão de Débito,469.04,Caixa 02,Aprovada
SLS-12034,CUST1499,Distribuidora Costa Me,STR-024,Filial Centro Sorocaba,SP,Sorocaba,PROD-PDV,VendeFácil PDV,2025-03-09 11:40:40,Cartão de Crédito,625.77,Caixa 01,Aprovada
SLS-12035,CUST401,Comércio de Costela Eireli,STR-050,Express Contagem,MG,Contagem,PROD-PDV,VendeFácil PDV,2025-10-28 03:19:04,Cartão de Crédito,794.04,Caixa 02,Aprovada
SLS-12036,CUST833,Lojas Azevedo Comercial,STR-023,Filial Centro Taguatinga,DF,Taguatinga,PROD-ESTOQUE,VendeFácil Estoque,2026-01-09 11:17:20,Dinheiro,1921.89,Caixa 02,Cancelada
SLS-12037,CUST210,Lojas Cunha Eireli,STR-046,Filial Zona Sul Niterói,RJ,Niterói,PROD-ANALYTICS,VendeFácil Analytics,2025-02-26 12:07:50,Boleto Bancário,850.83,Caixa 02,Aprovada
SLS-12038,CUST1139,Empório Freitas Me,STR-032,Filial Bairro Juiz de Fora,MG,Juiz de Fora,PROD-PDV,VendeFácil PDV,2025-07-20 15:44:14,Cartão de Crédito,443.79,Caixa 09,Estornada
SLS-12039,CUST1907,Mundo da Pimenta Comercial,STR-042,Filial Shopping Niterói,RJ,Niterói,PROD-LOJA,VendeFácil Loja,2025-07-29 08:57:27,PIX,1322.28,Caixa 02,Aprovada
SLS-12040,CUST1220,Atacado Gonçalves Eireli,STR-048,Matriz Caucaia,CE,Caucaia,PROD-ESTOQUE,VendeFácil Estoque,2025-02-08 19:31:53,Cartão de Débito,1818.75,Caixa 06,Aprovada
SLS-12041,CUST1271,Mundo da da Cruz Ltda,STR-016,Filial Zona Sul Olinda,PE,Olinda,PROD-ESTOQUE,VendeFácil Estoque,2025-01-05 00:01:41,Boleto Bancário,1139.37,Caixa 01,Aprovada
SLS-12042,CUST005,Materiais de Construção Silva,STR-003,Matriz Juiz de Fora,MG,Juiz de Fora,PROD-ESTOQUE,VendeFácil Estoque,2025-01-29 11:26:48,Dinheiro,1327.94,Caixa 04,Cancelada
SLS-12043,CUST833,Lojas Azevedo Comercial,STR-023,Filial Centro Taguatinga,DF,Taguatinga,PROD-ANALYTICS,VendeFácil Analytics,2025-11-01 16:12:58,Boleto Bancário,864.09,Caixa 05,Aprovada
SLS-12044,CUST1611,Comércio de Fogaça S.A.,STR-044,Filial Zona Sul Caucaia,CE,Caucaia,PROD-ANALYTICS,VendeFácil Analytics,2025-01-13 18:23:35,PIX,771.61,Caixa 01,Aprovada
SLS-12045,CUST005,Materiais de Construção Silva,STR-003,Matriz Juiz de Fora,MG,Juiz de Fora,PROD-LOJA,VendeFácil Loja,2026-01-27 15:12:15,PIX,1333.03,Caixa 06,Aprovada
SLS-12046,CUST717,Rede da Mota S.A.,STR-039,Filial Shopping Cariacica,ES,Cariacica,PROD-ANALYTICS,VendeFácil Analytics,2025-09-20 19:05:40,Dinheiro,640.09,Caixa 01,Aprovada
SLS-12047,CUST714,Rede Borges Ltda,STR-018,Filial Zona Sul Porto Alegre,RS,Porto Alegre,PROD-ANALYTICS,VendeFácil Analytics,2025-12-03 04:10:18,Boleto Bancário,906.79,Caixa 01,Aprovada
SLS-12048,CUST1398,Centro de Andrade Ltda,STR-033,Filial Zona Sul Curitiba,PR,Curitiba,PROD-PAY,VendeFácil Pay,2026-01-11 12:49:38,PIX,1691.78,Caixa 03,Aprovada
SLS-12049,CUST1410,Empório Campos Ltda,STR-027,Filial Centro Porto Alegre,RS,Porto Alegre,PROD-PAY,VendeFácil Pay,2025-01-24 12:45:43,PIX,2089.3,Caixa 02,Aprovada
SLS-12050,CUST034,Rede Pires Comercial,STR-026,Filial Shopping Caruaru,PE,Caruaru,PROD-PAY,VendeFácil Pay,2025-10-02 05:50:12,Boleto Bancário,1546.33,Caixa 01,Aprovada
SLS-12051,CUST1187,Mercado Almeida S.A.,STR-031,Filial Centro Vila Velha,ES,Vila Velha,PROD-ESTOQUE,VendeFácil Estoque,2026-01-01 17:46:39,Cartão de Crédito,1717.94,Caixa 01,Estornada
SLS-12052,CUST224,Empório Moraes Ltda,STR-043,Filial Bairro Rio Verde,GO,Rio Verde,PROD-LOJA,VendeFácil Loja,2025-08-18 05:37:09,Cartão de Crédito,898.49,Caixa 03,Aprovada
SLS-12053,CUST475,Centro de Aragão Ltda,STR-019,Matriz Serra,ES,Serra,PROD-ANALYTICS,VendeFácil Analytics,2025-09-22 08:07:45,PIX,921.6,Caixa 01,Aprovada
SLS-12054,CUST401,Comércio de Costela Eireli,STR-050,Express Contagem,MG,Contagem,PROD-PAY,VendeFácil Pay,2025-08-16 18:56:53,Dinheiro,1860.29,Caixa 02,Aprovada
SLS-12055,CUST1907,Mundo da Pimenta Comercial,STR-042,Filial Shopping Niterói,RJ,Niterói,PROD-LOJA,VendeFácil Loja,2025-05-26 22:07:14,Dinheiro,616.91,Caixa 02,Aprovada
SLS-12056,CUST835,Empório Marques Me,STR-017,Filial Centro Santos,SP,Santos,PROD-ANALYTICS,VendeFácil Analytics,2025-05-15 20:32:43,PIX,910.67,Caixa 04,Cancelada
SLS-12057,CUST1398,Centro de Andrade Ltda,STR-033,Filial Zona Sul Curitiba,PR,Curitiba,PROD-ANALYTICS,VendeFácil Analytics,2025-08-19 13:33:54,PIX,857.88,Caixa 02,Aprovada
SLS-12058,CUST1037,Casa do Sampaio S.A.,STR-007,Express Cascavel,PR,Cascavel,PROD-ANALYTICS,VendeFácil Analytics,2025-06-05 12:54:01,Boleto Bancário,281.8,Caixa 06,Aprovada
SLS-12059,CUST024,Casa do Sá Ltda,STR-014,Filial Shopping Rio Verde,GO,Rio Verde,PROD-ESTOQUE,VendeFácil Estoque,2026-01-20 03:15:18,Dinheiro,562.73,Caixa 01,Aprovada
SLS-12060,CUST009,Empório Gourmet Mineiro,STR-038,Express Ouro Preto,MG,Ouro Preto,PROD-ESTOQUE,VendeFácil Estoque,2025-01-09 01:10:43,Cartão de Crédito,1010.74,Caixa 01,Aprovada
SLS-12061,CUST552,Distribuidora Cavalcante Eireli,STR-022,Filial Bairro Jaboatão dos Guararapes,PE,Jaboatão dos Guararapes,PROD-ESTOQUE,VendeFácil Estoque,2025-05-03 17:06:07,Boleto Bancário,1208.35,Caixa 01,Aprovada
SLS-12062,CUST1611,Comércio de Fogaça S.A.,STR-044,Filial Zona Sul Caucaia,CE,Caucaia,PROD-PDV,VendeFácil PDV,2025-07-13 18:01:37,Dinheiro,609.76,Caixa 02,Aprovada
SLS-12063,CUST1037,Casa do Sampaio S.A.,STR-007,Express Cascavel,PR,Cascavel,PROD-LOJA,VendeFácil Loja,2025-10-08 17:29:38,Cartão de Crédito,404.0,Caixa 02,Aprovada
SLS-12064,CUST835,Empório Marques Me,STR-017,Filial Centro Santos,SP,Santos,PROD-PDV,VendeFácil PDV,2025-03-12 13:39:05,Cartão de Débito,531.99,Caixa 01,Estornada
SLS-12065,CUST008,Auto Peças Central,STR-004,Matriz Ribeirão Preto,SP,Ribeirão Preto,PROD-LOJA,VendeFácil Loja,2025-10-30 01:08:29,Dinheiro,1492.82,Caixa 01,Estornada
SLS-12066,CUST065,Centro de da Rocha Ltda,STR-037,Express Rio Verde,GO,Rio Verde,PROD-PAY,VendeFácil Pay,2025-04-17 20:40:52,Boleto Bancário,1316.36,Caixa 04,Aprovada
SLS-12067,CUST1689,Comércio de Ribeiro Comercial,STR-034,Filial Zona Sul Caucaia,CE,Caucaia,PROD-ANALYTICS,VendeFácil Analytics,2025-03-11 11:16:53,Boleto Bancário,318.18,Caixa 01,Aprovada
SLS-12068,CUST102,Rede Cardoso Me,STR-013,Filial Centro Uberlândia,MG,Uberlândia,PROD-LOJA,VendeFácil Loja,2025-05-08 19:09:23,Cartão de Crédito,1247.42,Caixa 01,Aprovada
SLS-12069,CUST001,Supermercado Boa Compra,STR-002,Filial Savassi,MG,Belo Horizonte,PROD-PDV,VendeFácil PDV,2025-05-30 08:08:01,Cartão de Débito,434.99,Caixa 03,Cancelada
SLS-12070,CUST391,Distribuidora Oliveira Eireli,STR-015,Filial Bairro Anápolis,GO,Anápolis,PROD-ANALYTICS,VendeFácil Analytics,2025-12-21 10:07:15,PIX,556.38,Caixa 01,Aprovada
SLS-12071,CUST714,Rede Borges Ltda,STR-018,Filial Zona Sul Porto Alegre,RS,Porto Alegre,PROD-ANALYTICS,VendeFácil Analytics,2025-03-20 18:38:26,Dinheiro,597.57,Caixa 01,Aprovada
SLS-12072,CUST1037,Casa do Sampaio S.A.,STR-007,Express Cascavel,PR,Cascavel,PROD-PAY,VendeFácil Pay,2026-02-13 13:44:51,Cartão de Crédito,552.91,Caixa 03,Aprovada
SLS-12073,CUST401,Comércio de Costela Eireli,STR-050,Express Contagem,MG,Contagem,PROD-ANALYTICS,VendeFácil Analytics,2025-01-29 00:09:07,Cartão de Crédito,339.18,Caixa 01,Aprovada
SLS-12074,CUST391,Distribuidora Oliveira Eireli,STR-015,Filial Bairro Anápolis,GO,Anápolis,PROD-LOJA,VendeFácil Loja,2025-01-20 13:33:15,Boleto Bancário,1215.35,Caixa 01,Aprovada
SLS-12075,CUST1903,Comércio de Ferreira Ltda,STR-012,Filial Shopping Caucaia,CE,Caucaia,PROD-PDV,VendeFácil PDV,2025-12-04 13:26:00,Dinheiro,654.49,Caixa 01,Aprovada
SLS-12076,CUST1037,Casa do Sampaio S.A.,STR-007,Express Cascavel,PR,Cascavel,PROD-PAY,VendeFácil Pay,2025-11-19 06:02:38,Dinheiro,2750.03,Caixa 01,Aprovada
SLS-12077,CUST1875,Empório da Cunha Eireli,STR-005,Filial Shopping Rio de Janeiro,RJ,Rio de Janeiro,PROD-ANALYTICS,VendeFácil Analytics,2025-08-09 01:34:54,Dinheiro,810.73,Caixa 01,Aprovada
SLS-12078,CUST009,Empório Gourmet Mineiro,STR-038,Express Ouro Preto,MG,Ouro Preto,PROD-ANALYTICS,VendeFácil Analytics,2025-09-27 20:08:45,Cartão de Débito,789.93,Caixa 01,Estornada
SLS-12079,CUST934,Lojas Campos Ltda,STR-040,Express Brasília,DF,Brasília,PROD-PAY,VendeFácil Pay,2025-10-13 13:53:39,Cartão de Crédito,1360.53,Caixa 02,Aprovada
SLS-12080,CUST1187,Mercado Almeida S.A.,STR-031,Filial Centro Vila Velha,ES,Vila Velha,PROD-PAY,VendeFácil Pay,2025-06-15 20:05:06,Cartão de Débito,1022.18,Caixa 01,Aprovada
SLS-12081,CUST108,Lojas Abreu Ltda,STR-010,Matriz São Paulo,SP,São Paulo,PROD-LOJA,VendeFácil Loja,2025-12-22 20:13:07,Cartão de Crédito,668.68,Caixa 02,Aprovada
SLS-12082,CUST1427,Lojas Vieira Comercial,STR-047,Matriz Vitória da Conquista,BA,Vitória da Conquista,PROD-ESTOQUE,VendeFácil Estoque,2025-08-25 08:32:43,Boleto Bancário,604.45,Caixa 02,Aprovada
SLS-12083,CUST391,Distribuidora Oliveira Eireli,STR-015,Filial Bairro Anápolis,GO,Anápolis,PROD-PDV,VendeFácil PDV,2025-02-26 19:24:23,PIX,725.54,Caixa 01,Estornada
SLS-12084,CUST625,Comércio de Macedo Eireli,STR-025,Matriz Chapecó,SC,Chapecó,PROD-PAY,VendeFácil Pay,2026-02-20 04:26:02,Cartão de Débito,2468.2,Caixa 01,Estornada
SLS-12085,CUST065,Centro de da Rocha Ltda,STR-037,Express Rio Verde,GO,Rio Verde,PROD-PDV,VendeFácil PDV,2025-07-16 03:06:16,PIX,492.39,Caixa 01,Cancelada
SLS-12086,CUST065,Centro de da Rocha Ltda,STR-037,Express Rio Verde,GO,Rio Verde,PROD-PDV,VendeFácil PDV,2025-02-22 21:07:22,Dinheiro,417.61,Caixa 03,Aprovada
SLS-12087,CUST224,Empório Moraes Ltda,STR-043,Filial Bairro Rio Verde,GO,Rio Verde,PROD-PAY,VendeFácil Pay,2025-03-15 11:03:36,Boleto Bancário,1339.44,Caixa 05,Estornada
SLS-12088,CUST401,Comércio de Costela Eireli,STR-050,Express Contagem,MG,Contagem,PROD-LOJA,VendeFácil Loja,2025-02-02 01:38:53,Cartão de Crédito,680.64,Caixa 02,Aprovada
SLS-12089,CUST102,Rede Cardoso Me,STR-013,Filial Centro Uberlândia,MG,Uberlândia,PROD-PDV,VendeFácil PDV,2025-09-22 03:46:24,PIX,859.69,Caixa 01,Aprovada
SLS-12090,CUST001,Supermercado Boa Compra,STR-001,Filial Matriz - Centro BH,MG,Belo Horizonte,PROD-LOJA,VendeFácil Loja,2025-02-13 08:25:37,Cartão de Crédito,739.5,Caixa 02,Aprovada
SLS-12091,CUST009,Empório Gourmet Mineiro,STR-038,Express Ouro Preto,MG,Ouro Preto,PROD-PDV,VendeFácil PDV,2025-06-08 11:21:10,Boleto Bancário,370.82,Caixa 01,Aprovada
SLS-12092,CUST001,Supermercado Boa Compra,STR-001,Filial Matriz - Centro BH,MG,Belo Horizonte,PROD-LOJA,VendeFácil Loja,2026-02-10 01:44:20,Boleto Bancário,893.09,Caixa 05,Estornada
SLS-12093,CUST1398,Centro de Andrade Ltda,STR-033,Filial Zona Sul Curitiba,PR,Curitiba,PROD-PAY,VendeFácil Pay,2025-04-19 02:31:11,PIX,709.84,Caixa 02,Aprovada
SLS-12094,CUST556,Lojas Cunha S.A.,STR-049,Filial Bairro Santa Maria,RS,Santa Maria,PROD-ANALYTICS,VendeFácil Analytics,2025-05-20 11:27:28,Boleto Bancário,337.6,Caixa 01,Aprovada
SLS-12095,CUST140,Atacado da Rocha Ltda,STR-021,Express Salvador,BA,Salvador,PROD-ANALYTICS,VendeFácil Analytics,2025-11-04 09:47:11,PIX,568.5,Caixa 05,Aprovada
SLS-12096,CUST391,Distribuidora Oliveira Eireli,STR-015,Filial Bairro Anápolis,GO,Anápolis,PROD-ANALYTICS,VendeFácil Analytics,2025-05-16 09:24:12,Dinheiro,689.17,Caixa 01,Aprovada
SLS-12097,CUST717,Rede da Mota S.A.,STR-039,Filial Shopping Cariacica,ES,Cariacica,PROD-ESTOQUE,VendeFácil Estoque,2025-05-07 22:09:11,PIX,1544.95,Caixa 01,Estornada
SLS-12098,CUST934,Lojas Campos Ltda,STR-040,Express Brasília,DF,Brasília,PROD-PDV,VendeFácil PDV,2025-04-06 22:56:25,Boleto Bancário,870.27,Caixa 01,Aprovada
SLS-12099,CUST625,Comércio de Macedo Eireli,STR-025,Matriz Chapecó,SC,Chapecó,PROD-ESTOQUE,VendeFácil Estoque,2025-03-27 15:31:58,Boleto Bancário,1012.38,Caixa 01,Estornada
SLS-12100,CUST1907,Mundo da Pimenta Comercial,STR-042,Filial Shopping Niterói,RJ,Niterói,PROD-PDV,VendeFácil PDV,2025-06-28 17:48:02,Boleto Bancário,480.38,Caixa 01,Aprovada
SLS-12101,CUST001,Supermercado Boa Compra,STR-002,Filial Savassi,MG,Belo Horizonte,PROD-PAY,VendeFácil Pay,2025-07-27 23:26:51,Cartão de Débito,1000.06,Caixa 01,Aprovada
SLS-12102,CUST140,Atacado da Rocha Ltda,STR-021,Express Salvador,BA,Salvador,PROD-ANALYTICS,VendeFácil Analytics,2025-01-20 14:08:41,Cartão de Débito,264.92,Caixa 05,Aprovada
SLS-12103,CUST475,Centro de Aragão Ltda,STR-019,Matriz Serra,ES,Serra,PROD-PAY,VendeFácil Pay,2025-07-24 16:53:21,Dinheiro,1014.93,Caixa 01,Estornada
SLS-12104,CUST1015,Distribuidora Montenegro Me,STR-041,Filial Centro Rio de Janeiro,RJ,Rio de Janeiro,PROD-PAY,VendeFácil Pay,2025-10-30 09:53:22,Dinheiro,871.93,Caixa 02,Aprovada
SLS-12105,CUST001,Supermercado Boa Compra,STR-001,Filial Matriz - Centro BH,MG,Belo Horizonte,PROD-ESTOQUE,VendeFácil Estoque,2025-07-27 03:52:42,PIX,1962.46,Caixa 08,Aprovada
SLS-12106,CUST001,Supermercado Boa Compra,STR-001,Filial Matriz - Centro BH,MG,Belo Horizonte,PROD-PDV,VendeFácil PDV,2025-08-16 17:42:18,Cartão de Crédito,703.07,Caixa 06,Cancelada
SLS-12107,CUST1887,Mercado Aparecida Ltda,STR-020,Filial Bairro Serra,ES,Serra,PROD-ESTOQUE,VendeFácil Estoque,2026-02-19 07:21:15,PIX,1151.79,Caixa 01,Aprovada
SLS-12108,CUST1875,Empório da Cunha Eireli,STR-005,Filial Shopping Rio de Janeiro,RJ,Rio de Janeiro,PROD-PDV,VendeFácil PDV,2025-10-21 15:24:19,PIX,886.06,Caixa 02,Cancelada
SLS-12109,CUST001,Supermercado Boa Compra,STR-002,Filial Savassi,MG,Belo Horizonte,PROD-PDV,VendeFácil PDV,2025-05-18 10:26:07,Cartão de Débito,396.51,Caixa 03,Aprovada
SLS-12110,CUST009,Empório Gourmet Mineiro,STR-038,Express Ouro Preto,MG,Ouro Preto,PROD-ANALYTICS,VendeFácil Analytics,2025-05-24 08:16:52,Cartão de Crédito,413.31,Caixa 01,Estornada
SLS-12111,CUST065,Centro de da Rocha Ltda,STR-037,Express Rio Verde,GO,Rio Verde,PROD-ANALYTICS,VendeFácil Analytics,2025-12-26 12:28:04,Cartão de Débito,908.09,Caixa 02,Cancelada
SLS-12112,CUST1037,Casa do Sampaio S.A.,STR-007,Express Cascavel,PR,Cascavel,PROD-PDV,VendeFácil PDV,2025-04-19 08:31:28,Cartão de Débito,481.65,Caixa 01,Aprovada
SLS-12113,CUST1887,Mercado Aparecida Ltda,STR-020,Filial Bairro Serra,ES,Serra,PROD-PAY,VendeFácil Pay,2025-10-26 06:33:27,Boleto Bancário,1986.99,Caixa 02,Aprovada
SLS-12114,CUST1427,Lojas Vieira Comercial,STR-047,Matriz Vitória da Conquista,BA,Vitória da Conquista,PROD-PDV,VendeFácil PDV,2026-01-14 22:20:02,Boleto Bancário,699.7,Caixa 02,Aprovada
SLS-12115,CUST1037,Casa do Sampaio S.A.,STR-007,Express Cascavel,PR,Cascavel,PROD-ESTOQUE,VendeFácil Estoque,2025-10-18 11:02:52,Boleto Bancário,1524.76,Caixa 03,Aprovada
SLS-12116,CUST1398,Centro de Andrade Ltda,STR-033,Filial Zona Sul Curitiba,PR,Curitiba,PROD-ESTOQUE,VendeFácil Estoque,2025-04-11 20:23:40,Cartão de Débito,1750.24,Caixa 02,Aprovada
SLS-12117,CUST224,Empório Moraes Ltda,STR-043,Filial Bairro Rio Verde,GO,Rio Verde,PROD-PAY,VendeFácil Pay,2025-03-20 17:26:44,Boleto Bancário,1769.16,Caixa 06,Aprovada
SLS-12118,CUST835,Empório Marques Me,STR-017,Filial Centro Santos,SP,Santos,PROD-PDV,VendeFácil PDV,2025-05-04 09:57:25,Dinheiro,458.41,Caixa 01,Aprovada
SLS-12119,CUST717,Rede da Mota S.A.,STR-039,Filial Shopping Cariacica,ES,Cariacica,PROD-ANALYTICS,VendeFácil Analytics,2025-01-18 15:40:16,PIX,505.7,Caixa 01,Aprovada
SLS-12120,CUST391,Distribuidora Oliveira Eireli,STR-015,Filial Bairro Anápolis,GO,Anápolis,PROD-LOJA,VendeFácil Loja,2025-08-25 22:07:09,Cartão de Crédito,521.47,Caixa 01,Aprovada
SLS-12121,CUST1610,Comércio de da Rocha Ltda,STR-009,Express Jaboatão dos Guararapes,PE,Jaboatão dos Guararapes,PROD-PDV,VendeFácil PDV,2025-07-21 21:23:17,Dinheiro,680.67,Caixa 01,Aprovada
SLS-12122,CUST034,Rede Pires Comercial,STR-026,Filial Shopping Caruaru,PE,Caruaru,PROD-ANALYTICS,VendeFácil Analytics,2025-04-17 21:34:24,Dinheiro,735.77,Caixa 01,Aprovada
SLS-12123,CUST1037,Casa do Sampaio S.A.,STR-007,Express Cascavel,PR,Cascavel,PROD-LOJA,VendeFácil Loja,2025-12-06 22:52:44,Cartão de Débito,790.29,Caixa 01,Aprovada
SLS-12124,CUST717,Rede da Mota S.A.,STR-039,Filial Shopping Cariacica,ES,Cariacica,PROD-ESTOQUE,VendeFácil Estoque,2025-05-09 04:49:03,Boleto Bancário,1526.46,Caixa 01,Estornada
SLS-12125,CUST1162,Empório Monteiro Eireli,STR-035,Filial Zona Sul Juazeiro do Norte,CE,Juazeiro do Norte,PROD-ANALYTICS,VendeFácil Analytics,2026-01-18 21:14:00,Cartão de Crédito,503.48,Caixa 02,Cancelada
SLS-12126,CUST1907,Mundo da Pimenta Comercial,STR-042,Filial Shopping Niterói,RJ,Niterói,PROD-LOJA,VendeFácil Loja,2025-01-13 22:36:53,Cartão de Crédito,822.27,Caixa 01,Aprovada
SLS-12127,CUST008,Auto Peças Central,STR-004,Matriz Ribeirão Preto,SP,Ribeirão Preto,PROD-PDV,VendeFácil PDV,2026-02-06 04:02:40,PIX,394.91,Caixa 06,Aprovada
SLS-12128,CUST1875,Empório da Cunha Eireli,STR-005,Filial Shopping Rio de Janeiro,RJ,Rio de Janeiro,PROD-PDV,VendeFácil PDV,2025-10-27 16:44:10,Cartão de Crédito,653.4,Caixa 02,Estornada
SLS-12129,CUST934,Lojas Campos Ltda,STR-040,Express Brasília,DF,Brasília,PROD-PAY,VendeFácil Pay,2025-02-11 05:04:20,PIX,2669.14,Caixa 01,Aprovada
SLS-12130,CUST1611,Comércio de Fogaça S.A.,STR-044,Filial Zona Sul Caucaia,CE,Caucaia,PROD-PAY,VendeFácil Pay,2025-09-20 05:05:41,Cartão de Crédito,1701.95,Caixa 03,Estornada
SLS-12131,CUST625,Comércio de Macedo Eireli,STR-025,Matriz Chapecó,SC,Chapecó,PROD-PAY,VendeFácil Pay,2025-11-16 01:51:55,Dinheiro,2661.04,Caixa 01,Aprovada
SLS-12132,CUST102,Rede Cardoso Me,STR-013,Filial Centro Uberlândia,MG,Uberlândia,PROD-ESTOQUE,VendeFácil Estoque,2025-02-07 02:14:02,Cartão de Débito,1481.31,Caixa 01,Aprovada
SLS-12133,CUST1611,Comércio de Fogaça S.A.,STR-044,Filial Zona Sul Caucaia,CE,Caucaia,PROD-ANALYTICS,VendeFácil Analytics,2025-11-18 08:55:14,Boleto Bancário,849.25,Caixa 03,Aprovada
SLS-12134,CUST1427,Lojas Vieira Comercial,STR-047,Matriz Vitória da Conquista,BA,Vitória da Conquista,PROD-PDV,VendeFácil PDV,2025-11-07 05:02:33,Cartão de Crédito,883.43,Caixa 03,Cancelada
SLS-12135,CUST1610,Comércio de da Rocha Ltda,STR-009,Express Jaboatão dos Guararapes,PE,Jaboatão dos Guararapes,PROD-ESTOQUE,VendeFácil Estoque,2025-01-11 14:57:06,Cartão de Crédito,1608.47,Caixa 01,Aprovada
SLS-12136,CUST409,Rede da Cruz Eireli,STR-008,Matriz Fortaleza,CE,Fortaleza,PROD-ANALYTICS,VendeFácil Analytics,2025-02-02 23:13:53,Cartão de Crédito,829.93,Caixa 01,Aprovada
SLS-12137,CUST1410,Empório Campos Ltda,STR-027,Filial Centro Porto Alegre,RS,Porto Alegre,PROD-PDV,VendeFácil PDV,2025-12-20 22:51:25,Boleto Bancário,678.08,Caixa 02,Cancelada
SLS-12138,CUST102,Rede Cardoso Me,STR-013,Filial Centro Uberlândia,MG,Uberlândia,PROD-PAY,VendeFácil Pay,2025-10-30 02:24:26,Boleto Bancário,2645.9,Caixa 01,Aprovada
SLS-12139,CUST001,Supermercado Boa Compra,STR-001,Filial Matriz - Centro BH,MG,Belo Horizonte,PROD-ESTOQUE,VendeFácil Estoque,2025-03-17 08:12:14,Dinheiro,1482.97,Caixa 04,Estornada
SLS-12140,CUST1903,Comércio de Ferreira Ltda,STR-012,Filial Shopping Caucaia,CE,Caucaia,PROD-ESTOQUE,VendeFácil Estoque,2026-02-08 19:25:47,Cartão de Crédito,1809.41,Caixa 04,Aprovada
SLS-12141,CUST1037,Casa do Sampaio S.A.,STR-007,Express Cascavel,PR,Cascavel,PROD-ANALYTICS,VendeFácil Analytics,2025-11-05 08:45:09,Boleto Bancário,658.22,Caixa 06,Aprovada
SLS-12142,CUST1903,Comércio de Ferreira Ltda,STR-012,Filial Shopping Caucaia,CE,Caucaia,PROD-ESTOQUE,VendeFácil Estoque,2025-11-11 15:05:25,Cartão de Débito,874.63,Caixa 03,Aprovada
SLS-12143,CUST1220,Atacado Gonçalves Eireli,STR-048,Matriz Caucaia,CE,Caucaia,PROD-ANALYTICS,VendeFácil Analytics,2026-01-28 19:44:17,Boleto Bancário,605.11,Caixa 07,Aprovada
SLS-12144,CUST1875,Empório da Cunha Eireli,STR-005,Filial Shopping Rio de Janeiro,RJ,Rio de Janeiro,PROD-ESTOQUE,VendeFácil Estoque,2025-04-24 01:41:12,Boleto Bancário,873.68,Caixa 03,Estornada
SLS-12145,CUST1689,Comércio de Ribeiro Comercial,STR-034,Filial Zona Sul Caucaia,CE,Caucaia,PROD-LOJA,VendeFácil Loja,2025-10-15 18:11:34,Boleto Bancário,484.54,Caixa 02,Aprovada
SLS-12146,CUST1490,Mundo da da Mota Me,STR-045,Filial Shopping Vila Velha,ES,Vila Velha,PROD-PAY,VendeFácil Pay,2025-12-12 02:01:52,Boleto Bancário,2201.83,Caixa 01,Aprovada
SLS-12147,CUST1689,Comércio de Ribeiro Comercial,STR-034,Filial Zona Sul Caucaia,CE,Caucaia,PROD-PAY,VendeFácil Pay,2025-01-27 06:15:09,Cartão de Débito,1839.84,Caixa 01,Aprovada
SLS-12148,CUST210,Lojas Cunha Eireli,STR-046,Filial Zona Sul Niterói,RJ,Niterói,PROD-LOJA,VendeFácil Loja,2025-07-19 08:34:11,Boleto Bancário,576.81,Caixa 02,Aprovada
SLS-12149,CUST1427,Lojas Vieira Comercial,STR-047,Matriz Vitória da Conquista,BA,Vitória da Conquista,PROD-ANALYTICS,VendeFácil Analytics,2025-07-22 00:49:07,Cartão de Crédito,352.03,Caixa 02,Cancelada
SLS-12150,CUST1887,Mercado Aparecida Ltda,STR-020,Filial Bairro Serra,ES,Serra,PROD-PAY,VendeFácil Pay,2026-02-12 00:14:39,Cartão de Crédito,1975.02,Caixa 02,Estornada
SLS-12151,CUST934,Lojas Campos Ltda,STR-040,Express Brasília,DF,Brasília,PROD-PAY,VendeFácil Pay,2025-09-08 17:03:15,Cartão de Crédito,2270.02,Caixa 03,Aprovada
SLS-12152,CUST717,Rede da Mota S.A.,STR-039,Filial Shopping Cariacica,ES,Cariacica,PROD-LOJA,VendeFácil Loja,2025-09-08 21:04:33,Cartão de Débito,1237.64,Caixa 01,Cancelada
SLS-12153,CUST1907,Mundo da Pimenta Comercial,STR-042,Filial Shopping Niterói,RJ,Niterói,PROD-ESTOQUE,VendeFácil Estoque,2025-05-11 16:26:11,Cartão de Débito,1506.46,Caixa 01,Aprovada
SLS-12154,CUST1187,Mercado Almeida S.A.,STR-031,Filial Centro Vila Velha,ES,Vila Velha,PROD-ESTOQUE,VendeFácil Estoque,2025-07-20 16:36:15,PIX,815.44,Caixa 02,Aprovada
SLS-12155,CUST833,Lojas Azevedo Comercial,STR-023,Filial Centro Taguatinga,DF,Taguatinga,PROD-ANALYTICS,VendeFácil Analytics,2025-08-09 03:47:21,PIX,362.22,Caixa 09,Aprovada
SLS-12156,CUST1427,Lojas Vieira Comercial,STR-047,Matriz Vitória da Conquista,BA,Vitória da Conquista,PROD-ESTOQUE,VendeFácil Estoque,2025-04-16 07:34:22,PIX,1676.76,Caixa 03,Aprovada
SLS-12157,CUST1499,Distribuidora Costa Me,STR-024,Filial Centro Sorocaba,SP,Sorocaba,PROD-ESTOQUE,VendeFácil Estoque,2025-01-17 18:30:06,Cartão de Crédito,1351.27,Caixa 03,Estornada
SLS-12158,CUST835,Empório Marques Me,STR-017,Filial Centro Santos,SP,Santos,PROD-PAY,VendeFácil Pay,2025-03-13 18:36:54,Boleto Bancário,785.05,Caixa 07,Aprovada
SLS-12159,CUST409,Rede da Cruz Eireli,STR-008,Matriz Fortaleza,CE,Fortaleza,PROD-ANALYTICS,VendeFácil Analytics,2025-12-16 18:59:40,Dinheiro,391.91,Caixa 01,Estornada
SLS-12160,CUST1629,Mundo da Vieira Comercial,STR-029,Matriz Águas Claras,DF,Águas Claras,PROD-ANALYTICS,VendeFácil Analytics,2025-06-30 10:34:50,Dinheiro,494.25,Caixa 02,Aprovada
SLS-12161,CUST1187,Mercado Almeida S.A.,STR-031,Filial Centro Vila Velha,ES,Vila Velha,PROD-PDV,VendeFácil PDV,2025-02-02 22:28:15,Boleto Bancário,806.28,Caixa 02,Aprovada
SLS-12162,CUST1162,Empório Monteiro Eireli,STR-035,Filial Zona Sul Juazeiro do Norte,CE,Juazeiro do Norte,PROD-LOJA,VendeFácil Loja,2025-12-11 02:31:30,Boleto Bancário,1146.89,Caixa 02,Aprovada
SLS-12163,CUST934,Lojas Campos Ltda,STR-040,Express Brasília,DF,Brasília,PROD-ANALYTICS,VendeFácil Analytics,2026-01-26 07:37:18,Boleto Bancário,478.37,Caixa 01,Cancelada
SLS-12164,CUST1427,Lojas Vieira Comercial,STR-047,Matriz Vitória da Conquista,BA,Vitória da Conquista,PROD-LOJA,VendeFácil Loja,2025-06-30 12:05:18,PIX,1149.72,Caixa 01,Aprovada
SLS-12165,CUST1499,Distribuidora Costa Me,STR-024,Filial Centro Sorocaba,SP,Sorocaba,PROD-PDV,VendeFácil PDV,2025-01-17 18:41:15,PIX,683.96,Caixa 09,Aprovada
SLS-12166,CUST210,Lojas Cunha Eireli,STR-046,Filial Zona Sul Niterói,RJ,Niterói,PROD-ESTOQUE,VendeFácil Estoque,2025-08-08 06:17:44,Cartão de Crédito,1518.22,Caixa 01,Aprovada
SLS-12167,CUST1410,Empório Campos Ltda,STR-027,Filial Centro Porto Alegre,RS,Porto Alegre,PROD-ANALYTICS,VendeFácil Analytics,2025-03-10 04:41:48,Cartão de Crédito,475.57,Caixa 01,Estornada
SLS-12168,CUST1907,Mundo da Pimenta Comercial,STR-042,Filial Shopping Niterói,RJ,Niterói,PROD-ESTOQUE,VendeFácil Estoque,2025-01-02 06:55:56,Cartão de Débito,1507.38,Caixa 02,Aprovada
SLS-12169,CUST365,Rede Casa Grande Comercial,STR-030,Filial Shopping Aparecida de Goiânia,GO,Aparecida de Goiânia,PROD-ESTOQUE,VendeFácil Estoque,2025-10-22 04:10:37,Boleto Bancário,1633.6,Caixa 02,Cancelada
SLS-12170,CUST001,Supermercado Boa Compra,STR-002,Filial Savassi,MG,Belo Horizonte,PROD-PAY,VendeFácil Pay,2025-02-27 15:07:46,Boleto Bancário,778.92,Caixa 04,Aprovada
SLS-12171,CUST934,Lojas Campos Ltda,STR-040,Express Brasília,DF,Brasília,PROD-PAY,VendeFácil Pay,2025-08-30 11:07:28,PIX,861.21,Caixa 01,Aprovada
SLS-12172,CUST1499,Distribuidora Costa Me,STR-024,Filial Centro Sorocaba,SP,Sorocaba,PROD-LOJA,VendeFácil Loja,2025-02-02 00:41:12,Boleto Bancário,500.55,Caixa 07,Aprovada
SLS-12173,CUST009,Empório Gourmet Mineiro,STR-038,Express Ouro Preto,MG,Ouro Preto,PROD-PDV,VendeFácil PDV,2025-01-16 19:54:03,Cartão de Débito,506.68,Caixa 01,Cancelada
SLS-12174,CUST001,Supermercado Boa Compra,STR-002,Filial Savassi,MG,Belo Horizonte,PROD-LOJA,VendeFácil Loja,2026-01-09 23:52:48,PIX,933.68,Caixa 03,Aprovada
SLS-12175,CUST009,Empório Gourmet Mineiro,STR-038,Express Ouro Preto,MG,Ouro Preto,PROD-ANALYTICS,VendeFácil Analytics,2025-12-21 06:11:16,Dinheiro,252.52,Caixa 01,Aprovada
SLS-12176,CUST1037,Casa do Sampaio S.A.,STR-007,Express Cascavel,PR,Cascavel,PROD-LOJA,VendeFácil Loja,2025-01-04 11:34:21,PIX,1116.16,Caixa 07,Cancelada
SLS-12177,CUST065,Centro de da Rocha Ltda,STR-037,Express Rio Verde,GO,Rio Verde,PROD-ANALYTICS,VendeFácil Analytics,2025-02-20 07:06:17,PIX,480.93,Caixa 02,Estornada
SLS-12178,CUST552,Distribuidora Cavalcante Eireli,STR-022,Filial Bairro Jaboatão dos Guararapes,PE,Jaboatão dos Guararapes,PROD-ESTOQUE,VendeFácil Estoque,2025-12-24 08:54:12,Cartão de Crédito,688.41,Caixa 01,Aprovada
SLS-12179,CUST1398,Centro de Andrade Ltda,STR-033,Filial Zona Sul Curitiba,PR,Curitiba,PROD-PAY,VendeFácil Pay,2025-04-09 16:36:12,Boleto Bancário,2015.16,Caixa 01,Aprovada
SLS-12180,CUST714,Rede Borges Ltda,STR-018,Filial Zona Sul Porto Alegre,RS,Porto Alegre,PROD-PDV,VendeFácil PDV,2025-12-25 11:08:36,Boleto Bancário,887.33,Caixa 01,Aprovada
SLS-12181,CUST1220,Atacado Gonçalves Eireli,STR-048,Matriz Caucaia,CE,Caucaia,PROD-ESTOQUE,VendeFácil Estoque,2025-11-02 13:15:27,PIX,1639.67,Caixa 01,Aprovada
SLS-12182,CUST552,Distribuidora Cavalcante Eireli,STR-022,Filial Bairro Jaboatão dos Guararapes,PE,Jaboatão dos Guararapes,PROD-ESTOQUE,VendeFácil Estoque,2025-06-16 11:37:36,Dinheiro,1511.88,Caixa 01,Aprovada
SLS-12183,CUST1629,Mundo da Vieira Comercial,STR-029,Matriz Águas Claras,DF,Águas Claras,PROD-PAY,VendeFácil Pay,2025-10-10 19:35:56,Cartão de Crédito,1317.56,Caixa 02,Aprovada
SLS-12184,CUST1629,Mundo da Vieira Comercial,STR-029,Matriz Águas Claras,DF,Águas Claras,PROD-PAY,VendeFácil Pay,2025-10-28 00:40:48,Cartão de Crédito,179.22,Caixa 03,Cancelada
SLS-12185,CUST1398,Centro de Andrade Ltda,STR-033,Filial Zona Sul Curitiba,PR,Curitiba,PROD-PAY,VendeFácil Pay,2025-08-30 04:17:11,Dinheiro,1406.66,Caixa 02,Aprovada
SLS-12186,CUST1903,Comércio de Ferreira Ltda,STR-012,Filial Shopping Caucaia,CE,Caucaia,PROD-ESTOQUE,VendeFácil Estoque,2025-07-08 11:57:34,Cartão de Débito,1474.52,Caixa 03,Cancelada
SLS-12187,CUST1903,Comércio de Ferreira Ltda,STR-012,Filial Shopping Caucaia,CE,Caucaia,PROD-LOJA,VendeFácil Loja,2026-01-13 12:50:19,Dinheiro,841.51,Caixa 03,Aprovada
SLS-12188,CUST1139,Empório Freitas Me,STR-032,Filial Bairro Juiz de Fora,MG,Juiz de Fora,PROD-PAY,VendeFácil Pay,2025-02-15 03:53:41,Cartão de Crédito,2460.06,Caixa 010,Cancelada
SLS-12189,CUST391,Distribuidora Oliveira Eireli,STR-015,Filial Bairro Anápolis,GO,Anápolis,PROD-LOJA,VendeFácil Loja,2026-01-24 12:03:51,Boleto Bancário,846.96,Caixa 01,Aprovada
SLS-12190,CUST835,Empório Marques Me,STR-017,Filial Centro Santos,SP,Santos,PROD-PDV,VendeFácil PDV,2025-02-14 14:09:54,PIX,646.73,Caixa 07,Aprovada
SLS-12191,CUST1689,Comércio de Ribeiro Comercial,STR-034,Filial Zona Sul Caucaia,CE,Caucaia,PROD-ANALYTICS,VendeFácil Analytics,2025-01-20 03:58:10,Cartão de Débito,711.51,Caixa 01,Aprovada
SLS-12192,CUST409,Rede da Cruz Eireli,STR-008,Matriz Fortaleza,CE,Fortaleza,PROD-ESTOQUE,VendeFácil Estoque,2025-04-14 13:47:45,Dinheiro,1376.72,Caixa 02,Aprovada
SLS-12193,CUST001,Supermercado Boa Compra,STR-001,Filial Matriz - Centro BH,MG,Belo Horizonte,PROD-PAY,VendeFácil Pay,2025-04-11 09:54:50,Boleto Bancário,1409.22,Caixa 02,Aprovada
SLS-12194,CUST224,Empório Moraes Ltda,STR-043,Filial Bairro Rio Verde,GO,Rio Verde,PROD-PAY,VendeFácil Pay,2025-09-22 21:21:41,Dinheiro,2270.12,Caixa 01,Estornada
SLS-12195,CUST1139,Empório Freitas Me,STR-032,Filial Bairro Juiz de Fora,MG,Juiz de Fora,PROD-ANALYTICS,VendeFácil Analytics,2025-02-24 04:15:13,Cartão de Crédito,761.37,Caixa 010,Cancelada
SLS-12196,CUST556,Lojas Cunha S.A.,STR-049,Filial Bairro Santa Maria,RS,Santa Maria,PROD-ANALYTICS,VendeFácil Analytics,2025-10-23 21:38:28,Cartão de Crédito,576.58,Caixa 03,Aprovada
SLS-12197,CUST1490,Mundo da da Mota Me,STR-045,Filial Shopping Vila Velha,ES,Vila Velha,PROD-PDV,VendeFácil PDV,2026-02-05 08:01:18,Cartão de Crédito,631.27,Caixa 02,Estornada
SLS-12198,CUST1162,Empório Monteiro Eireli,STR-035,Filial Zona Sul Juazeiro do Norte,CE,Juazeiro do Norte,PROD-PAY,VendeFácil Pay,2025-12-13 12:50:37,Cartão de Crédito,1649.82,Caixa 04,Cancelada
SLS-12199,CUST1907,Mundo da Pimenta Comercial,STR-042,Filial Shopping Niterói,RJ,Niterói,PROD-PAY,VendeFácil Pay,2026-01-31 09:24:03,Cartão de Crédito,3008.08,Caixa 02,Aprovada
SLS-12200,CUST1490,Mundo da da Mota Me,STR-045,Filial Shopping Vila Velha,ES,Vila Velha,PROD-PDV,VendeFácil PDV,2025-12-31 20:41:50,PIX,698.33,Caixa 02,Aprovada
SLS-12201,CUST1139,Empório Freitas Me,STR-032,Filial Bairro Juiz de Fora,MG,Juiz de Fora,PROD-LOJA,VendeFácil Loja,2025-11-12 21:12:15,Dinheiro,1333.12,Caixa 05,Aprovada
SLS-12202,CUST140,Atacado da Rocha Ltda,STR-021,Express Salvador,BA,Salvador,PROD-LOJA,VendeFácil Loja,2026-02-14 11:16:33,Cartão de Débito,512.45,Caixa 01,Aprovada
SLS-12203,CUST034,Rede Pires Comercial,STR-026,Filial Shopping Caruaru,PE,Caruaru,PROD-ESTOQUE,VendeFácil Estoque,2026-01-16 15:30:42,Cartão de Crédito,1064.55,Caixa 01,Aprovada
SLS-12204,CUST1907,Mundo da Pimenta Comercial,STR-042,Filial Shopping Niterói,RJ,Niterói,PROD-LOJA,VendeFácil Loja,2026-01-29 16:27:14,Cartão de Débito,1492.8,Caixa 01,Estornada
SLS-12205,CUST034,Rede Pires Comercial,STR-026,Filial Shopping Caruaru,PE,Caruaru,PROD-LOJA,VendeFácil Loja,2025-05-08 12:24:40,Dinheiro,1114.01,Caixa 01,Cancelada
SLS-12206,CUST1689,Comércio de Ribeiro Comercial,STR-034,Filial Zona Sul Caucaia,CE,Caucaia,PROD-PAY,VendeFácil Pay,2026-01-15 01:58:22,Boleto Bancário,2540.88,Caixa 02,Aprovada
SLS-12207,CUST1398,Centro de Andrade Ltda,STR-033,Filial Zona Sul Curitiba,PR,Curitiba,PROD-LOJA,VendeFácil Loja,2025-08-19 18:28:23,Cartão de Crédito,1413.35,Caixa 02,Aprovada
SLS-12208,CUST1410,Empório Campos Ltda,STR-027,Filial Centro Porto Alegre,RS,Porto Alegre,PROD-PAY,VendeFácil Pay,2025-02-06 13:46:39,Boleto Bancário,1688.22,Caixa 01,Aprovada
SLS-12209,CUST1611,Comércio de Fogaça S.A.,STR-044,Filial Zona Sul Caucaia,CE,Caucaia,PROD-ANALYTICS,VendeFácil Analytics,2025-12-22 07:39:52,PIX,947.26,Caixa 01,Estornada
SLS-12210,CUST365,Rede Casa Grande Comercial,STR-030,Filial Shopping Aparecida de Goiânia,GO,Aparecida de Goiânia,PROD-ANALYTICS,VendeFácil Analytics,2025-02-18 23:11:09,Cartão de Crédito,471.41,Caixa 01,Estornada
SLS-12211,CUST1015,Distribuidora Montenegro Me,STR-041,Filial Centro Rio de Janeiro,RJ,Rio de Janeiro,PROD-ANALYTICS,VendeFácil Analytics,2025-09-18 19:27:51,Cartão de Crédito,521.53,Caixa 03,Aprovada
SLS-12212,CUST102,Rede Cardoso Me,STR-013,Filial Centro Uberlândia,MG,Uberlândia,PROD-PAY,VendeFácil Pay,2025-06-14 10:17:10,PIX,824.16,Caixa 01,Aprovada
SLS-12213,CUST009,Empório Gourmet Mineiro,STR-038,Express Ouro Preto,MG,Ouro Preto,PROD-PAY,VendeFácil Pay,2025-06-24 04:43:45,Dinheiro,1112.43,Caixa 01,Estornada
SLS-12214,CUST1903,Comércio de Ferreira Ltda,STR-012,Filial Shopping Caucaia,CE,Caucaia,PROD-PDV,VendeFácil PDV,2026-01-27 05:01:59,Boleto Bancário,520.13,Caixa 02,Aprovada
SLS-12215,CUST1271,Mundo da da Cruz Ltda,STR-016,Filial Zona Sul Olinda,PE,Olinda,PROD-LOJA,VendeFácil Loja,2026-02-19 04:19:41,Cartão de Débito,1081.61,Caixa 02,Aprovada
SLS-12216,CUST717,Rede da Mota S.A.,STR-039,Filial Shopping Cariacica,ES,Cariacica,PROD-PDV,VendeFácil PDV,2025-04-07 05:05:04,Cartão de Crédito,482.66,Caixa 01,Aprovada
SLS-12217,CUST1875,Empório da Cunha Eireli,STR-005,Filial Shopping Rio de Janeiro,RJ,Rio de Janeiro,PROD-ANALYTICS,VendeFácil Analytics,2026-02-10 22:17:45,Cartão de Débito,870.36,Caixa 03,Aprovada
SLS-12218,CUST210,Lojas Cunha Eireli,STR-046,Filial Zona Sul Niterói,RJ,Niterói,PROD-LOJA,VendeFácil Loja,2025-07-08 12:32:57,Boleto Bancário,1485.23,Caixa 01,Aprovada
SLS-12219,CUST005,Materiais de Construção Silva,STR-003,Matriz Juiz de Fora,MG,Juiz de Fora,PROD-ANALYTICS,VendeFácil Analytics,2025-02-28 17:07:18,Cartão de Débito,301.55,Caixa 04,Aprovada
SLS-12220,CUST835,Empório Marques Me,STR-017,Filial Centro Santos,SP,Santos,PROD-LOJA,VendeFácil Loja,2025-10-16 09:58:46,Boleto Bancário,1277.11,Caixa 01,Aprovada
SLS-12221,CUST1037,Casa do Sampaio S.A.,STR-007,Express Cascavel,PR,Cascavel,PROD-PAY,VendeFácil Pay,2025-05-08 21:44:18,PIX,2970.52,Caixa 03,Aprovada
SLS-12222,CUST1611,Comércio de Fogaça S.A.,STR-044,Filial Zona Sul Caucaia,CE,Caucaia,PROD-PDV,VendeFácil PDV,2025-08-03 11:49:48,PIX,586.3,Caixa 04,Aprovada
SLS-12223,CUST108,Lojas Abreu Ltda,STR-010,Matriz São Paulo,SP,São Paulo,PROD-ESTOQUE,VendeFácil Estoque,2025-10-05 23:37:59,Cartão de Crédito,1467.76,Caixa 01,Aprovada
SLS-12224,CUST625,Comércio de Macedo Eireli,STR-025,Matriz Chapecó,SC,Chapecó,PROD-LOJA,VendeFácil Loja,2025-08-03 20:17:47,Cartão de Débito,665.65,Caixa 01,Aprovada
SLS-12225,CUST1499,Distribuidora Costa Me,STR-024,Filial Centro Sorocaba,SP,Sorocaba,PROD-LOJA,VendeFácil Loja,2026-02-20 12:22:58,Dinheiro,759.59,Caixa 03,Aprovada
SLS-12226,CUST024,Casa do Sá Ltda,STR-014,Filial Shopping Rio Verde,GO,Rio Verde,PROD-LOJA,VendeFácil Loja,2025-08-08 00:14:27,Boleto Bancário,943.25,Caixa 01,Aprovada
SLS-12227,CUST391,Distribuidora Oliveira Eireli,STR-015,Filial Bairro Anápolis,GO,Anápolis,PROD-ESTOQUE,VendeFácil Estoque,2025-09-07 14:55:31,Cartão de Crédito,1349.07,Caixa 01,Aprovada
SLS-12228,CUST1611,Comércio de Fogaça S.A.,STR-044,Filial Zona Sul Caucaia,CE,Caucaia,PROD-ANALYTICS,VendeFácil Analytics,2025-01-19 01:03:51,Dinheiro,374.56,Caixa 02,Aprovada
SLS-12229,CUST065,Centro de da Rocha Ltda,STR-037,Express Rio Verde,GO,Rio Verde,PROD-ESTOQUE,VendeFácil Estoque,2025-08-06 20:29:28,PIX,763.78,Caixa 06,Aprovada
SLS-12230,CUST108,Lojas Abreu Ltda,STR-010,Matriz São Paulo,SP,São Paulo,PROD-PAY,VendeFácil Pay,2025-08-16 13:38:09,Cartão de Débito,2136.07,Caixa 02,Aprovada
SLS-12231,CUST365,Rede Casa Grande Comercial,STR-030,Filial Shopping Aparecida de Goiânia,GO,Aparecida de Goiânia,PROD-PAY,VendeFácil Pay,2025-01-20 15:42:59,Boleto Bancário,190.8,Caixa 01,Aprovada
SLS-12232,CUST1611,Comércio de Fogaça S.A.,STR-044,Filial Zona Sul Caucaia,CE,Caucaia,PROD-ESTOQUE,VendeFácil Estoque,2025-01-20 02:01:56,Cartão de Crédito,1360.19,Caixa 02,Aprovada
SLS-12233,CUST1887,Mercado Aparecida Ltda,STR-020,Filial Bairro Serra,ES,Serra,PROD-PDV,VendeFácil PDV,2025-08-23 15:53:22,Dinheiro,606.84,Caixa 01,Aprovada
SLS-12234,CUST625,Comércio de Macedo Eireli,STR-025,Matriz Chapecó,SC,Chapecó,PROD-PDV,VendeFácil PDV,2025-10-10 23:37:52,Cartão de Crédito,720.37,Caixa 01,Cancelada
SLS-12235,CUST1220,Atacado Gonçalves Eireli,STR-048,Matriz Caucaia,CE,Caucaia,PROD-PDV,VendeFácil PDV,2026-01-15 21:42:34,Cartão de Crédito,662.12,Caixa 04,Estornada
SLS-12236,CUST934,Lojas Campos Ltda,STR-040,Express Brasília,DF,Brasília,PROD-PDV,VendeFácil PDV,2025-01-02 12:16:34,Cartão de Crédito,363.44,Caixa 01,Aprovada
SLS-12237,CUST1903,Comércio de Ferreira Ltda,STR-012,Filial Shopping Caucaia,CE,Caucaia,PROD-ANALYTICS,VendeFácil Analytics,2025-01-22 02:01:34,Dinheiro,338.15,Caixa 02,Cancelada
SLS-12238,CUST391,Distribuidora Oliveira Eireli,STR-015,Filial Bairro Anápolis,GO,Anápolis,PROD-ANALYTICS,VendeFácil Analytics,2025-08-16 10:11:04,Cartão de Crédito,567.82,Caixa 01,Aprovada
SLS-12239,CUST475,Centro de Aragão Ltda,STR-019,Matriz Serra,ES,Serra,PROD-PAY,VendeFácil Pay,2025-06-15 17:52:35,Dinheiro,1715.63,Caixa 01,Aprovada
SLS-12240,CUST1637,Atacado Mendonça S.A.,STR-036,Matriz Contagem,MG,Contagem,PROD-ESTOQUE,VendeFácil Estoque,2025-02-01 14:34:18,Cartão de Crédito,714.58,Caixa 06,Estornada
SLS-12241,CUST1689,Comércio de Ribeiro Comercial,STR-034,Filial Zona Sul Caucaia,CE,Caucaia,PROD-PDV,VendeFácil PDV,2025-02-10 06:05:42,Boleto Bancário,877.06,Caixa 01,Aprovada
SLS-12242,CUST835,Empório Marques Me,STR-017,Filial Centro Santos,SP,Santos,PROD-ANALYTICS,VendeFácil Analytics,2025-07-07 18:19:24,Dinheiro,476.83,Caixa 06,Aprovada
SLS-12243,CUST1139,Empório Freitas Me,STR-032,Filial Bairro Juiz de Fora,MG,Juiz de Fora,PROD-PDV,VendeFácil PDV,2025-10-18 15:10:51,PIX,699.24,Caixa 05,Aprovada
SLS-12244,CUST108,Lojas Abreu Ltda,STR-010,Matriz São Paulo,SP,São Paulo,PROD-LOJA,VendeFácil Loja,2025-06-25 06:26:24,Cartão de Débito,901.75,Caixa 02,Cancelada
SLS-12245,CUST365,Rede Casa Grande Comercial,STR-030,Filial Shopping Aparecida de Goiânia,GO,Aparecida de Goiânia,PROD-LOJA,VendeFácil Loja,2025-08-29 18:00:56,Dinheiro,1395.82,Caixa 03,Aprovada
SLS-12246,CUST1629,Mundo da Vieira Comercial,STR-029,Matriz Águas Claras,DF,Águas Claras,PROD-PAY,VendeFácil Pay,2025-05-20 15:10:01,Cartão de Débito,1546.08,Caixa 04,Aprovada
SLS-12247,CUST1612,Comércio de Garcia Me,STR-028,Filial Centro Uberaba,MG,Uberaba,PROD-ESTOQUE,VendeFácil Estoque,2025-11-11 18:42:44,Dinheiro,1393.93,Caixa 02,Cancelada
SLS-12248,CUST1887,Mercado Aparecida Ltda,STR-020,Filial Bairro Serra,ES,Serra,PROD-ANALYTICS,VendeFácil Analytics,2025-09-25 02:13:54,Dinheiro,345.43,Caixa 01,Aprovada
SLS-12249,CUST1611,Comércio de Fogaça S.A.,STR-044,Filial Zona Sul Caucaia,CE,Caucaia,PROD-PDV,VendeFácil PDV,2025-12-29 23:26:37,Boleto Bancário,488.87,Caixa 04,Aprovada
SLS-12250,CUST001,Supermercado Boa Compra,STR-001,Filial Matriz - Centro BH,MG,Belo Horizonte,PROD-ESTOQUE,VendeFácil Estoque,2025-09-10 02:42:49,Dinheiro,1892.84,Caixa 01,Aprovada
SLS-12251,CUST625,Comércio de Macedo Eireli,STR-025,Matriz Chapecó,SC,Chapecó,PROD-ANALYTICS,VendeFácil Analytics,2025-10-05 18:45:42,PIX,806.43,Caixa 01,Estornada
SLS-12252,CUST1907,Mundo da Pimenta Comercial,STR-042,Filial Shopping Niterói,RJ,Niterói,PROD-ANALYTICS,VendeFácil Analytics,2025-06-06 17:10:59,Dinheiro,836.68,Caixa 01,Aprovada
SLS-12253,CUST365,Rede Casa Grande Comercial,STR-030,Filial Shopping Aparecida de Goiânia,GO,Aparecida de Goiânia,PROD-PAY,VendeFácil Pay,2025-04-08 04:29:09,Cartão de Crédito,2387.69,Caixa 03,Aprovada
SLS-12254,CUST1637,Atacado Mendonça S.A.,STR-036,Matriz Contagem,MG,Contagem,PROD-LOJA,VendeFácil Loja,2025-05-02 13:35:00,Cartão de Débito,482.36,Caixa 04,Aprovada
SLS-12255,CUST1867,Lojas Teixeira Ltda,STR-006,Matriz Caxias do Sul,RS,Caxias do Sul,PROD-PAY,VendeFácil Pay,2025-02-13 22:27:25,Dinheiro,2149.12,Caixa 01,Cancelada
SLS-12256,CUST1629,Mundo da Vieira Comercial,STR-029,Matriz Águas Claras,DF,Águas Claras,PROD-PDV,VendeFácil PDV,2025-08-30 00:02:33,Dinheiro,770.9,Caixa 06,Aprovada
SLS-12257,CUST1139,Empório Freitas Me,STR-032,Filial Bairro Juiz de Fora,MG,Juiz de Fora,PROD-PDV,VendeFácil PDV,2025-07-07 06:12:34,PIX,608.95,Caixa 02,Estornada
SLS-12258,CUST008,Auto Peças Central,STR-004,Matriz Ribeirão Preto,SP,Ribeirão Preto,PROD-LOJA,VendeFácil Loja,2025-01-30 10:22:33,Cartão de Crédito,639.68,Caixa 09,Cancelada
SLS-12259,CUST1499,Distribuidora Costa Me,STR-024,Filial Centro Sorocaba,SP,Sorocaba,PROD-ANALYTICS,VendeFácil Analytics,2025-11-02 13:48:36,Boleto Bancário,739.57,Caixa 05,Aprovada
SLS-12260,CUST1867,Lojas Teixeira Ltda,STR-006,Matriz Caxias do Sul,RS,Caxias do Sul,PROD-PDV,VendeFácil PDV,2025-06-17 02:27:10,PIX,368.89,Caixa 01,Aprovada
SLS-12261,CUST1611,Comércio de Fogaça S.A.,STR-044,Filial Zona Sul Caucaia,CE,Caucaia,PROD-PDV,VendeFácil PDV,2025-02-24 18:04:19,Dinheiro,747.93,Caixa 01,Estornada
SLS-12262,CUST1903,Comércio de Ferreira Ltda,STR-012,Filial Shopping Caucaia,CE,Caucaia,PROD-LOJA,VendeFácil Loja,2025-01-25 05:24:36,Cartão de Débito,1128.29,Caixa 04,Aprovada
SLS-12263,CUST1611,Comércio de Fogaça S.A.,STR-044,Filial Zona Sul Caucaia,CE,Caucaia,PROD-ESTOQUE,VendeFácil Estoque,2025-12-27 22:29:32,Cartão de Crédito,538.83,Caixa 01,Estornada
SLS-12264,CUST1903,Comércio de Ferreira Ltda,STR-012,Filial Shopping Caucaia,CE,Caucaia,PROD-ANALYTICS,VendeFácil Analytics,2025-07-06 22:43:57,Dinheiro,581.36,Caixa 04,Estornada
SLS-12265,CUST1490,Mundo da da Mota Me,STR-045,Filial Shopping Vila Velha,ES,Vila Velha,PROD-LOJA,VendeFácil Loja,2025-11-24 08:22:35,Dinheiro,858.71,Caixa 02,Estornada
SLS-12266,CUST1887,Mercado Aparecida Ltda,STR-020,Filial Bairro Serra,ES,Serra,PROD-ESTOQUE,VendeFácil Estoque,2025-06-27 05:30:37,Boleto Bancário,1478.03,Caixa 03,Cancelada
SLS-12267,CUST556,Lojas Cunha S.A.,STR-049,Filial Bairro Santa Maria,RS,Santa Maria,PROD-LOJA,VendeFácil Loja,2025-12-09 23:36:33,Cartão de Crédito,452.33,Caixa 01,Aprovada
SLS-12268,CUST475,Centro de Aragão Ltda,STR-019,Matriz Serra,ES,Serra,PROD-LOJA,VendeFácil Loja,2026-02-03 07:41:20,Boleto Bancário,713.81,Caixa 01,Aprovada
SLS-12269,CUST102,Rede Cardoso Me,STR-013,Filial Centro Uberlândia,MG,Uberlândia,PROD-ANALYTICS,VendeFácil Analytics,2026-02-04 22:18:15,Cartão de Crédito,857.88,Caixa 01,Aprovada
SLS-12270,CUST1220,Atacado Gonçalves Eireli,STR-048,Matriz Caucaia,CE,Caucaia,PROD-PAY,VendeFácil Pay,2025-08-18 13:48:38,Dinheiro,463.33,Caixa 06,Aprovada
SLS-12271,CUST401,Comércio de Costela Eireli,STR-050,Express Contagem,MG,Contagem,PROD-PDV,VendeFácil PDV,2025-09-29 11:39:33,Cartão de Débito,618.06,Caixa 01,Aprovada
SLS-12272,CUST1887,Mercado Aparecida Ltda,STR-020,Filial Bairro Serra,ES,Serra,PROD-PDV,VendeFácil PDV,2026-02-14 13:13:21,Dinheiro,511.07,Caixa 03,Aprovada
SLS-12273,CUST1689,Comércio de Ribeiro Comercial,STR-034,Filial Zona Sul Caucaia,CE,Caucaia,PROD-PDV,VendeFácil PDV,2025-05-21 09:56:05,Dinheiro,680.63,Caixa 01,Aprovada
SLS-12274,CUST552,Distribuidora Cavalcante Eireli,STR-022,Filial Bairro Jaboatão dos Guararapes,PE,Jaboatão dos Guararapes,PROD-ANALYTICS,VendeFácil Analytics,2025-03-29 10:18:45,PIX,721.69,Caixa 02,Aprovada
SLS-12275,CUST835,Empório Marques Me,STR-017,Filial Centro Santos,SP,Santos,PROD-PDV,VendeFácil PDV,2025-10-17 22:28:17,Dinheiro,651.23,Caixa 02,Aprovada
SLS-12276,CUST835,Empório Marques Me,STR-017,Filial Centro Santos,SP,Santos,PROD-ESTOQUE,VendeFácil Estoque,2025-06-12 05:17:32,Boleto Bancário,1587.59,Caixa 01,Aprovada
SLS-12277,CUST409,Rede da Cruz Eireli,STR-008,Matriz Fortaleza,CE,Fortaleza,PROD-PDV,VendeFácil PDV,2025-12-25 18:51:45,Cartão de Débito,782.37,Caixa 01,Cancelada
SLS-12278,CUST835,Empório Marques Me,STR-017,Filial Centro Santos,SP,Santos,PROD-ANALYTICS,VendeFácil Analytics,2025-09-19 22:11:53,Dinheiro,717.82,Caixa 06,Aprovada
SLS-12279,CUST717,Rede da Mota S.A.,STR-039,Filial Shopping Cariacica,ES,Cariacica,PROD-ESTOQUE,VendeFácil Estoque,2025-02-09 08:50:19,Cartão de Débito,1721.86,Caixa 01,Aprovada
SLS-12280,CUST1398,Centro de Andrade Ltda,STR-033,Filial Zona Sul Curitiba,PR,Curitiba,PROD-ESTOQUE,VendeFácil Estoque,2025-01-27 23:59:46,Boleto Bancário,1567.59,Caixa 01,Estornada
SLS-12281,CUST714,Rede Borges Ltda,STR-018,Filial Zona Sul Porto Alegre,RS,Porto Alegre,PROD-PAY,VendeFácil Pay,2025-01-05 01:27:07,Cartão de Crédito,560.43,Caixa 01,Aprovada
SLS-12282,CUST108,Lojas Abreu Ltda,STR-010,Matriz São Paulo,SP,São Paulo,PROD-PAY,VendeFácil Pay,2025-09-11 04:53:17,PIX,1118.14,Caixa 02,Aprovada
SLS-12283,CUST1162,Empório Monteiro Eireli,STR-035,Filial Zona Sul Juazeiro do Norte,CE,Juazeiro do Norte,PROD-ESTOQUE,VendeFácil Estoque,2025-10-22 18:49:29,Boleto Bancário,1862.87,Caixa 01,Estornada
SLS-12284,CUST934,Lojas Campos Ltda,STR-040,Express Brasília,DF,Brasília,PROD-PDV,VendeFácil PDV,2026-01-24 10:15:51,Boleto Bancário,874.74,Caixa 02,Cancelada
SLS-12285,CUST1427,Lojas Vieira Comercial,STR-047,Matriz Vitória da Conquista,BA,Vitória da Conquista,PROD-LOJA,VendeFácil Loja,2025-08-17 11:06:23,Boleto Bancário,395.46,Caixa 01,Cancelada
SLS-12286,CUST1271,Mundo da da Cruz Ltda,STR-016,Filial Zona Sul Olinda,PE,Olinda,PROD-ANALYTICS,VendeFácil Analytics,2025-02-23 17:32:27,Dinheiro,893.2,Caixa 04,Aprovada
SLS-12287,CUST1867,Lojas Teixeira Ltda,STR-006,Matriz Caxias do Sul,RS,Caxias do Sul,PROD-ANALYTICS,VendeFácil Analytics,2025-02-10 16:40:32,Cartão de Crédito,599.33,Caixa 01,Aprovada
SLS-12288,CUST833,Lojas Azevedo Comercial,STR-023,Filial Centro Taguatinga,DF,Taguatinga,PROD-ESTOQUE,VendeFácil Estoque,2025-11-15 06:35:14,Boleto Bancário,1154.56,Caixa 07,Cancelada
SLS-12289,CUST1398,Centro de Andrade Ltda,STR-033,Filial Zona Sul Curitiba,PR,Curitiba,PROD-PAY,VendeFácil Pay,2025-08-21 21:28:10,Dinheiro,1683.72,Caixa 02,Aprovada
SLS-12290,CUST475,Centro de Aragão Ltda,STR-019,Matriz Serra,ES,Serra,PROD-LOJA,VendeFácil Loja,2025-09-20 09:23:34,Boleto Bancário,1231.93,Caixa 01,Aprovada
SLS-12291,CUST714,Rede Borges Ltda,STR-018,Filial Zona Sul Porto Alegre,RS,Porto Alegre,PROD-PDV,VendeFácil PDV,2025-11-09 04:57:31,Dinheiro,885.21,Caixa 01,Aprovada
SLS-12292,CUST001,Supermercado Boa Compra,STR-001,Filial Matriz - Centro BH,MG,Belo Horizonte,PROD-LOJA,VendeFácil Loja,2025-11-05 15:50:11,Cartão de Crédito,1161.87,Caixa 06,Estornada
SLS-12293,CUST1875,Empório da Cunha Eireli,STR-005,Filial Shopping Rio de Janeiro,RJ,Rio de Janeiro,PROD-PAY,VendeFácil Pay,2025-04-17 09:08:41,Boleto Bancário,2789.52,Caixa 03,Cancelada
SLS-12294,CUST001,Supermercado Boa Compra,STR-002,Filial Savassi,MG,Belo Horizonte,PROD-ESTOQUE,VendeFácil Estoque,2025-05-23 19:13:24,Cartão de Débito,1663.56,Caixa 04,Cancelada
SLS-12295,CUST1271,Mundo da da Cruz Ltda,STR-016,Filial Zona Sul Olinda,PE,Olinda,PROD-LOJA,VendeFácil Loja,2025-07-28 04:19:35,PIX,1479.12,Caixa 04,Cancelada
SLS-12296,CUST034,Rede Pires Comercial,STR-026,Filial Shopping Caruaru,PE,Caruaru,PROD-ESTOQUE,VendeFácil Estoque,2025-12-26 08:44:16,PIX,1929.47,Caixa 01,Aprovada
SLS-12297,CUST224,Empório Moraes Ltda,STR-043,Filial Bairro Rio Verde,GO,Rio Verde,PROD-LOJA,VendeFácil Loja,2025-11-11 09:11:12,Dinheiro,423.58,Caixa 03,Aprovada
SLS-12298,CUST1037,Casa do Sampaio S.A.,STR-007,Express Cascavel,PR,Cascavel,PROD-PDV,VendeFácil PDV,2025-03-09 04:45:09,Boleto Bancário,693.26,Caixa 05,Aprovada
SLS-12299,CUST1271,Mundo da da Cruz Ltda,STR-016,Filial Zona Sul Olinda,PE,Olinda,PROD-ESTOQUE,VendeFácil Estoque,2025-08-14 06:25:02,Boleto Bancário,590.43,Caixa 04,Estornada
SLS-12300,CUST1907,Mundo da Pimenta Comercial,STR-042,Filial Shopping Niterói,RJ,Niterói,PROD-LOJA,VendeFácil Loja,2025-06-02 16:37:23,Cartão de Débito,854.39,Caixa 01,Aprovada
SLS-12301,CUST1610,Comércio de da Rocha Ltda,STR-009,Express Jaboatão dos Guararapes,PE,Jaboatão dos Guararapes,PROD-PDV,VendeFácil PDV,2025-04-18 19:47:31,PIX,615.43,Caixa 01,Cancelada
SLS-12302,CUST1139,Empório Freitas Me,STR-032,Filial Bairro Juiz de Fora,MG,Juiz de Fora,PROD-PDV,VendeFácil PDV,2025-07-22 15:09:11,PIX,522.23,Caixa 05,Aprovada
SLS-12303,CUST934,Lojas Campos Ltda,STR-040,Express Brasília,DF,Brasília,PROD-PAY,VendeFácil Pay,2025-06-19 18:41:58,Boleto Bancário,1242.59,Caixa 02,Aprovada
SLS-12304,CUST140,Atacado da Rocha Ltda,STR-021,Express Salvador,BA,Salvador,PROD-LOJA,VendeFácil Loja,2025-02-10 19:02:15,PIX,573.42,Caixa 09,Estornada
SLS-12305,CUST1689,Comércio de Ribeiro Comercial,STR-034,Filial Zona Sul Caucaia,CE,Caucaia,PROD-LOJA,VendeFácil Loja,2025-03-13 02:46:04,Cartão de Crédito,1405.51,Caixa 02,Aprovada
SLS-12306,CUST009,Empório Gourmet Mineiro,STR-038,Express Ouro Preto,MG,Ouro Preto,PROD-LOJA,VendeFácil Loja,2025-11-11 09:55:18,Boleto Bancário,1044.16,Caixa 01,Aprovada
SLS-12307,CUST1162,Empório Monteiro Eireli,STR-035,Filial Zona Sul Juazeiro do Norte,CE,Juazeiro do Norte,PROD-ESTOQUE,VendeFácil Estoque,2025-12-21 19:23:30,Cartão de Débito,1159.02,Caixa 01,Aprovada
SLS-12308,CUST108,Lojas Abreu Ltda,STR-010,Matriz São Paulo,SP,São Paulo,PROD-ESTOQUE,VendeFácil Estoque,2025-02-10 08:01:04,Cartão de Crédito,1703.59,Caixa 02,Aprovada
SLS-12309,CUST1427,Lojas Vieira Comercial,STR-047,Matriz Vitória da Conquista,BA,Vitória da Conquista,PROD-ESTOQUE,VendeFácil Estoque,2025-04-18 05:48:05,PIX,799.9,Caixa 02,Aprovada
SLS-12310,CUST1689,Comércio de Ribeiro Comercial,STR-034,Filial Zona Sul Caucaia,CE,Caucaia,PROD-LOJA,VendeFácil Loja,2025-03-06 16:06:41,Boleto Bancário,995.11,Caixa 01,Aprovada
SLS-12311,CUST1162,Empório Monteiro Eireli,STR-035,Filial Zona Sul Juazeiro do Norte,CE,Juazeiro do Norte,PROD-LOJA,VendeFácil Loja,2025-04-06 17:09:20,Cartão de Crédito,977.39,Caixa 04,Aprovada
SLS-12312,CUST1427,Lojas Vieira Comercial,STR-047,Matriz Vitória da Conquista,BA,Vitória da Conquista,PROD-ESTOQUE,VendeFácil Estoque,2025-01-04 18:24:58,Boleto Bancário,1158.77,Caixa 01,Aprovada
SLS-12313,CUST1629,Mundo da Vieira Comercial,STR-029,Matriz Águas Claras,DF,Águas Claras,PROD-PDV,VendeFácil PDV,2026-01-16 00:15:50,Boleto Bancário,448.28,Caixa 05,Aprovada
SLS-12314,CUST391,Distribuidora Oliveira Eireli,STR-015,Filial Bairro Anápolis,GO,Anápolis,PROD-LOJA,VendeFácil Loja,2026-01-22 23:10:41,Cartão de Débito,923.18,Caixa 01,Aprovada
SLS-12315,CUST1903,Comércio de Ferreira Ltda,STR-012,Filial Shopping Caucaia,CE,Caucaia,PROD-ESTOQUE,VendeFácil Estoque,2026-02-16 16:29:24,Boleto Bancário,1450.03,Caixa 01,Aprovada
SLS-12316,CUST835,Empório Marques Me,STR-017,Filial Centro Santos,SP,Santos,PROD-ESTOQUE,VendeFácil Estoque,2025-06-23 19:19:25,Cartão de Débito,1541.52,Caixa 04,Aprovada
SLS-12317,CUST008,Auto Peças Central,STR-004,Matriz Ribeirão Preto,SP,Ribeirão Preto,PROD-ESTOQUE,VendeFácil Estoque,2026-02-02 16:49:52,Cartão de Crédito,1600.74,Caixa 03,Aprovada
SLS-12318,CUST1637,Atacado Mendonça S.A.,STR-036,Matriz Contagem,MG,Contagem,PROD-ANALYTICS,VendeFácil Analytics,2025-01-12 11:21:57,Cartão de Crédito,802.06,Caixa 01,Estornada
SLS-12319,CUST108,Lojas Abreu Ltda,STR-010,Matriz São Paulo,SP,São Paulo,PROD-LOJA,VendeFácil Loja,2025-06-22 10:34:17,Boleto Bancário,968.54,Caixa 01,Cancelada
SLS-12320,CUST1629,Mundo da Vieira Comercial,STR-029,Matriz Águas Claras,DF,Águas Claras,PROD-ANALYTICS,VendeFácil Analytics,2025-11-29 01:24:29,Cartão de Débito,322.98,Caixa 04,Aprovada
SLS-12321,CUST1637,Atacado Mendonça S.A.,STR-036,Matriz Contagem,MG,Contagem,PROD-PDV,VendeFácil PDV,2025-07-04 21:15:17,Boleto Bancário,694.32,Caixa 03,Aprovada
SLS-12322,CUST1907,Mundo da Pimenta Comercial,STR-042,Filial Shopping Niterói,RJ,Niterói,PROD-ESTOQUE,VendeFácil Estoque,2025-09-28 14:14:05,Cartão de Débito,1056.37,Caixa 01,Aprovada
SLS-12323,CUST714,Rede Borges Ltda,STR-018,Filial Zona Sul Porto Alegre,RS,Porto Alegre,PROD-LOJA,VendeFácil Loja,2026-01-18 15:42:02,Boleto Bancário,1218.18,Caixa 01,Aprovada
SLS-12324,CUST210,Lojas Cunha Eireli,STR-046,Filial Zona Sul Niterói,RJ,Niterói,PROD-PAY,VendeFácil Pay,2025-02-06 05:56:09,Cartão de Débito,1742.2,Caixa 02,Aprovada
SLS-12325,CUST1162,Empório Monteiro Eireli,STR-035,Filial Zona Sul Juazeiro do Norte,CE,Juazeiro do Norte,PROD-ANALYTICS,VendeFácil Analytics,2025-01-15 00:23:05,Boleto Bancário,873.82,Caixa 02,Estornada
SLS-12326,CUST934,Lojas Campos Ltda,STR-040,Express Brasília,DF,Brasília,PROD-LOJA,VendeFácil Loja,2025-10-26 21:35:02,Cartão de Débito,1454.36,Caixa 02,Aprovada
SLS-12327,CUST005,Materiais de Construção Silva,STR-003,Matriz Juiz de Fora,MG,Juiz de Fora,PROD-ANALYTICS,VendeFácil Analytics,2025-01-13 23:09:45,Dinheiro,666.25,Caixa 02,Aprovada
SLS-12328,CUST1867,Lojas Teixeira Ltda,STR-006,Matriz Caxias do Sul,RS,Caxias do Sul,PROD-PDV,VendeFácil PDV,2025-04-26 08:55:04,Dinheiro,626.29,Caixa 01,Aprovada
SLS-12329,CUST1427,Lojas Vieira Comercial,STR-047,Matriz Vitória da Conquista,BA,Vitória da Conquista,PROD-PAY,VendeFácil Pay,2025-09-13 03:19:02,Boleto Bancário,548.47,Caixa 01,Aprovada
SLS-12330,CUST833,Lojas Azevedo Comercial,STR-023,Filial Centro Taguatinga,DF,Taguatinga,PROD-PAY,VendeFácil Pay,2025-11-16 01:56:31,Cartão de Débito,2775.46,Caixa 09,Aprovada
SLS-12331,CUST005,Materiais de Construção Silva,STR-003,Matriz Juiz de Fora,MG,Juiz de Fora,PROD-PDV,VendeFácil PDV,2025-03-01 13:19:29,Cartão de Crédito,461.62,Caixa 03,Aprovada
SLS-12332,CUST140,Atacado da Rocha Ltda,STR-021,Express Salvador,BA,Salvador,PROD-ANALYTICS,VendeFácil Analytics,2025-01-11 04:42:27,Boleto Bancário,593.7,Caixa 09,Aprovada
SLS-12333,CUST1875,Empório da Cunha Eireli,STR-005,Filial Shopping Rio de Janeiro,RJ,Rio de Janeiro,PROD-ANALYTICS,VendeFácil Analytics,2025-07-07 22:08:31,Boleto Bancário,712.04,Caixa 02,Aprovada
SLS-12334,CUST1490,Mundo da da Mota Me,STR-045,Filial Shopping Vila Velha,ES,Vila Velha,PROD-PAY,VendeFácil Pay,2025-12-08 10:46:13,Cartão de Débito,2982.93,Caixa 02,Cancelada
SLS-12335,CUST552,Distribuidora Cavalcante Eireli,STR-022,Filial Bairro Jaboatão dos Guararapes,PE,Jaboatão dos Guararapes,PROD-PAY,VendeFácil Pay,2025-07-09 13:23:34,PIX,2775.28,Caixa 02,Estornada
SLS-12336,CUST1271,Mundo da da Cruz Ltda,STR-016,Filial Zona Sul Olinda,PE,Olinda,PROD-ANALYTICS,VendeFácil Analytics,2025-03-10 20:30:12,PIX,560.18,Caixa 03,Cancelada
SLS-12337,CUST1499,Distribuidora Costa Me,STR-024,Filial Centro Sorocaba,SP,Sorocaba,PROD-LOJA,VendeFácil Loja,2025-02-08 20:21:29,Cartão de Crédito,1082.93,Caixa 03,Estornada
SLS-12338,CUST140,Atacado da Rocha Ltda,STR-021,Express Salvador,BA,Salvador,PROD-LOJA,VendeFácil Loja,2025-03-15 02:14:47,Boleto Bancário,1382.58,Caixa 09,Estornada
SLS-12339,CUST1398,Centro de Andrade Ltda,STR-033,Filial Zona Sul Curitiba,PR,Curitiba,PROD-PDV,VendeFácil PDV,2025-07-21 23:40:11,Cartão de Débito,401.99,Caixa 01,Cancelada
SLS-12340,CUST1015,Distribuidora Montenegro Me,STR-041,Filial Centro Rio de Janeiro,RJ,Rio de Janeiro,PROD-ESTOQUE,VendeFácil Estoque,2025-02-17 10:53:58,Cartão de Débito,1222.22,Caixa 05,Aprovada
SLS-12341,CUST108,Lojas Abreu Ltda,STR-010,Matriz São Paulo,SP,São Paulo,PROD-ESTOQUE,VendeFácil Estoque,2025-01-21 04:56:01,Boleto Bancário,1429.71,Caixa 02,Aprovada
SLS-12342,CUST102,Rede Cardoso Me,STR-013,Filial Centro Uberlândia,MG,Uberlândia,PROD-PAY,VendeFácil Pay,2026-01-10 19:54:46,Cartão de Crédito,1014.55,Caixa 01,Aprovada
SLS-12343,CUST1427,Lojas Vieira Comercial,STR-047,Matriz Vitória da Conquista,BA,Vitória da Conquista,PROD-ESTOQUE,VendeFácil Estoque,2025-03-30 03:20:01,Cartão de Crédito,1589.36,Caixa 02,Aprovada
SLS-12344,CUST001,Supermercado Boa Compra,STR-001,Filial Matriz - Centro BH,MG,Belo Horizonte,PROD-ESTOQUE,VendeFácil Estoque,2025-10-26 07:17:30,Boleto Bancário,837.99,Caixa 01,Cancelada
SLS-12345,CUST835,Empório Marques Me,STR-017,Filial Centro Santos,SP,Santos,PROD-ESTOQUE,VendeFácil Estoque,2026-02-13 03:13:26,Dinheiro,1832.76,Caixa 03,Estornada
SLS-12346,CUST224,Empório Moraes Ltda,STR-043,Filial Bairro Rio Verde,GO,Rio Verde,PROD-LOJA,VendeFácil Loja,2025-09-02 20:48:50,Cartão de Débito,1037.12,Caixa 01,Estornada
SLS-12347,CUST001,Supermercado Boa Compra,STR-002,Filial Savassi,MG,Belo Horizonte,PROD-ANALYTICS,VendeFácil Analytics,2025-11-08 09:12:25,PIX,345.41,Caixa 02,Aprovada
SLS-12348,CUST140,Atacado da Rocha Ltda,STR-021,Express Salvador,BA,Salvador,PROD-ANALYTICS,VendeFácil Analytics,2025-01-05 03:08:37,Dinheiro,880.03,Caixa 02,Aprovada
SLS-12349,CUST024,Casa do Sá Ltda,STR-014,Filial Shopping Rio Verde,GO,Rio Verde,PROD-LOJA,VendeFácil Loja,2026-01-15 08:29:29,Cartão de Débito,1279.16,Caixa 01,Aprovada
SLS-12350,CUST1875,Empório da Cunha Eireli,STR-005,Filial Shopping Rio de Janeiro,RJ,Rio de Janeiro,PROD-ESTOQUE,VendeFácil Estoque,2025-11-04 22:41:51,Boleto Bancário,1520.94,Caixa 02,Aprovada
SLS-12351,CUST1162,Empório Monteiro Eireli,STR-035,Filial Zona Sul Juazeiro do Norte,CE,Juazeiro do Norte,PROD-PDV,VendeFácil PDV,2025-04-06 17:58:13,Cartão de Crédito,506.79,Caixa 02,Aprovada
SLS-12352,CUST401,Comércio de Costela Eireli,STR-050,Express Contagem,MG,Contagem,PROD-ESTOQUE,VendeFácil Estoque,2025-01-14 06:01:22,Dinheiro,618.61,Caixa 01,Cancelada
SLS-12353,CUST1867,Lojas Teixeira Ltda,STR-006,Matriz Caxias do Sul,RS,Caxias do Sul,PROD-PDV,VendeFácil PDV,2025-02-17 10:33:30,Dinheiro,814.02,Caixa 01,Aprovada
SLS-12354,CUST934,Lojas Campos Ltda,STR-040,Express Brasília,DF,Brasília,PROD-PAY,VendeFácil Pay,2025-01-26 20:14:43,Dinheiro,2041.28,Caixa 03,Aprovada
SLS-12355,CUST009,Empório Gourmet Mineiro,STR-038,Express Ouro Preto,MG,Ouro Preto,PROD-ANALYTICS,VendeFácil Analytics,2025-06-04 13:07:26,Cartão de Crédito,381.78,Caixa 01,Estornada
SLS-12356,CUST065,Centro de da Rocha Ltda,STR-037,Express Rio Verde,GO,Rio Verde,PROD-PAY,VendeFácil Pay,2025-01-19 18:40:57,Cartão de Crédito,328.91,Caixa 02,Aprovada
SLS-12357,CUST140,Atacado da Rocha Ltda,STR-021,Express Salvador,BA,Salvador,PROD-PAY,VendeFácil Pay,2026-01-08 07:31:58,PIX,1437.96,Caixa 03,Aprovada
SLS-12358,CUST556,Lojas Cunha S.A.,STR-049,Filial Bairro Santa Maria,RS,Santa Maria,PROD-ANALYTICS,VendeFácil Analytics,2025-09-08 01:57:36,Cartão de Débito,931.66,Caixa 03,Estornada
SLS-12359,CUST1875,Empório da Cunha Eireli,STR-005,Filial Shopping Rio de Janeiro,RJ,Rio de Janeiro,PROD-ANALYTICS,VendeFácil Analytics,2025-02-13 00:24:47,Cartão de Crédito,733.55,Caixa 03,Aprovada
SLS-12360,CUST934,Lojas Campos Ltda,STR-040,Express Brasília,DF,Brasília,PROD-PAY,VendeFácil Pay,2026-02-11 17:26:41,Cartão de Débito,226.58,Caixa 01,Aprovada
SLS-12361,CUST1271,Mundo da da Cruz Ltda,STR-016,Filial Zona Sul Olinda,PE,Olinda,PROD-ESTOQUE,VendeFácil Estoque,2026-02-05 05:47:05,PIX,1627.53,Caixa 02,Aprovada
SLS-12362,CUST835,Empório Marques Me,STR-017,Filial Centro Santos,SP,Santos,PROD-LOJA,VendeFácil Loja,2025-08-09 01:00:45,Boleto Bancário,475.04,Caixa 05,Aprovada
SLS-12363,CUST401,Comércio de Costela Eireli,STR-050,Express Contagem,MG,Contagem,PROD-LOJA,VendeFácil Loja,2025-01-30 18:03:22,Boleto Bancário,774.9,Caixa 01,Aprovada
SLS-12364,CUST210,Lojas Cunha Eireli,STR-046,Filial Zona Sul Niterói,RJ,Niterói,PROD-ANALYTICS,VendeFácil Analytics,2025-03-19 08:13:54,PIX,827.86,Caixa 03,Aprovada
SLS-12365,CUST409,Rede da Cruz Eireli,STR-008,Matriz Fortaleza,CE,Fortaleza,PROD-PDV,VendeFácil PDV,2025-04-11 18:06:43,Dinheiro,743.17,Caixa 01,Estornada
SLS-12366,CUST224,Empório Moraes Ltda,STR-043,Filial Bairro Rio Verde,GO,Rio Verde,PROD-PDV,VendeFácil PDV,2025-06-11 16:00:05,PIX,865.22,Caixa 05,Cancelada
SLS-12367,CUST625,Comércio de Macedo Eireli,STR-025,Matriz Chapecó,SC,Chapecó,PROD-ESTOQUE,VendeFácil Estoque,2025-01-31 15:27:23,Boleto Bancário,1785.77,Caixa 01,Aprovada
SLS-12368,CUST833,Lojas Azevedo Comercial,STR-023,Filial Centro Taguatinga,DF,Taguatinga,PROD-PAY,VendeFácil Pay,2025-05-24 14:39:28,Dinheiro,2690.73,Caixa 07,Aprovada
SLS-12369,CUST1611,Comércio de Fogaça S.A.,STR-044,Filial Zona Sul Caucaia,CE,Caucaia,PROD-ESTOQUE,VendeFácil Estoque,2026-01-02 04:59:07,Cartão de Crédito,815.12,Caixa 04,Aprovada
SLS-12370,CUST001,Supermercado Boa Compra,STR-002,Filial Savassi,MG,Belo Horizonte,PROD-PDV,VendeFácil PDV,2026-01-16 11:35:17,Dinheiro,792.15,Caixa 01,Cancelada
SLS-12371,CUST1139,Empório Freitas Me,STR-032,Filial Bairro Juiz de Fora,MG,Juiz de Fora,PROD-PDV,VendeFácil PDV,2025-05-21 23:52:58,PIX,652.09,Caixa 04,Aprovada
SLS-12372,CUST1903,Comércio de Ferreira Ltda,STR-012,Filial Shopping Caucaia,CE,Caucaia,PROD-LOJA,VendeFácil Loja,2025-04-21 01:06:53,Boleto Bancário,764.79,Caixa 04,Aprovada
SLS-12373,CUST475,Centro de Aragão Ltda,STR-019,Matriz Serra,ES,Serra,PROD-PAY,VendeFácil Pay,2025-12-22 19:09:21,Dinheiro,694.24,Caixa 01,Aprovada
SLS-12374,CUST365,Rede Casa Grande Comercial,STR-030,Filial Shopping Aparecida de Goiânia,GO,Aparecida de Goiânia,PROD-PAY,VendeFácil Pay,2026-01-10 00:11:22,Dinheiro,1588.8,Caixa 02,Cancelada
SLS-12375,CUST140,Atacado da Rocha Ltda,STR-021,Express Salvador,BA,Salvador,PROD-PAY,VendeFácil Pay,2025-12-21 05:08:50,Cartão de Débito,1760.22,Caixa 06,Estornada
SLS-12376,CUST714,Rede Borges Ltda,STR-018,Filial Zona Sul Porto Alegre,RS,Porto Alegre,PROD-LOJA,VendeFácil Loja,2025-02-27 07:42:11,Dinheiro,1243.92,Caixa 01,Aprovada
SLS-12377,CUST024,Casa do Sá Ltda,STR-014,Filial Shopping Rio Verde,GO,Rio Verde,PROD-LOJA,VendeFácil Loja,2025-09-23 06:00:39,Cartão de Crédito,865.49,Caixa 01,Cancelada
SLS-12378,CUST210,Lojas Cunha Eireli,STR-046,Filial Zona Sul Niterói,RJ,Niterói,PROD-ESTOQUE,VendeFácil Estoque,2025-07-22 20:29:00,Cartão de Crédito,706.6,Caixa 01,Cancelada
SLS-12379,CUST001,Supermercado Boa Compra,STR-002,Filial Savassi,MG,Belo Horizonte,PROD-LOJA,VendeFácil Loja,2025-12-22 08:34:12,Boleto Bancário,673.42,Caixa 03,Cancelada
SLS-12380,CUST1887,Mercado Aparecida Ltda,STR-020,Filial Bairro Serra,ES,Serra,PROD-ANALYTICS,VendeFácil Analytics,2026-02-14 09:57:24,Dinheiro,551.51,Caixa 02,Estornada
SLS-12381,CUST714,Rede Borges Ltda,STR-018,Filial Zona Sul Porto Alegre,RS,Porto Alegre,PROD-ANALYTICS,VendeFácil Analytics,2025-04-29 17:52:48,PIX,341.19,Caixa 01,Aprovada
SLS-12382,CUST1037,Casa do Sampaio S.A.,STR-007,Express Cascavel,PR,Cascavel,PROD-LOJA,VendeFácil Loja,2025-06-26 06:08:26,Dinheiro,880.91,Caixa 07,Aprovada
SLS-12383,CUST409,Rede da Cruz Eireli,STR-008,Matriz Fortaleza,CE,Fortaleza,PROD-LOJA,VendeFácil Loja,2025-09-20 10:59:31,PIX,959.29,Caixa 01,Estornada
SLS-12384,CUST401,Comércio de Costela Eireli,STR-050,Express Contagem,MG,Contagem,PROD-LOJA,VendeFácil Loja,2026-02-14 02:53:36,Cartão de Débito,877.75,Caixa 01,Estornada
SLS-12385,CUST1887,Mercado Aparecida Ltda,STR-020,Filial Bairro Serra,ES,Serra,PROD-ESTOQUE,VendeFácil Estoque,2025-12-26 13:48:28,PIX,598.31,Caixa 03,Aprovada
SLS-12386,CUST409,Rede da Cruz Eireli,STR-008,Matriz Fortaleza,CE,Fortaleza,PROD-LOJA,VendeFácil Loja,2025-07-17 01:07:49,Cartão de Crédito,1363.97,Caixa 01,Aprovada
SLS-12387,CUST1689,Comércio de Ribeiro Comercial,STR-034,Filial Zona Sul Caucaia,CE,Caucaia,PROD-ESTOQUE,VendeFácil Estoque,2025-07-24 00:48:21,Cartão de Débito,999.13,Caixa 02,Aprovada
SLS-12388,CUST833,Lojas Azevedo Comercial,STR-023,Filial Centro Taguatinga,DF,Taguatinga,PROD-LOJA,VendeFácil Loja,2025-03-31 14:29:57,Dinheiro,1466.45,Caixa 07,Cancelada
SLS-12389,CUST556,Lojas Cunha S.A.,STR-049,Filial Bairro Santa Maria,RS,Santa Maria,PROD-ESTOQUE,VendeFácil Estoque,2025-09-13 16:27:34,PIX,1963.07,Caixa 01,Aprovada
SLS-12390,CUST475,Centro de Aragão Ltda,STR-019,Matriz Serra,ES,Serra,PROD-LOJA,VendeFácil Loja,2025-11-20 11:27:36,Cartão de Débito,1490.99,Caixa 01,Estornada
SLS-12391,CUST1410,Empório Campos Ltda,STR-027,Filial Centro Porto Alegre,RS,Porto Alegre,PROD-ANALYTICS,VendeFácil Analytics,2025-01-15 00:19:22,Cartão de Crédito,944.73,Caixa 01,Aprovada
SLS-12392,CUST717,Rede da Mota S.A.,STR-039,Filial Shopping Cariacica,ES,Cariacica,PROD-ANALYTICS,VendeFácil Analytics,2025-11-26 05:00:44,Cartão de Crédito,597.58,Caixa 01,Aprovada
SLS-12393,CUST1689,Comércio de Ribeiro Comercial,STR-034,Filial Zona Sul Caucaia,CE,Caucaia,PROD-PAY,VendeFácil Pay,2025-08-30 09:43:23,Cartão de Crédito,2177.59,Caixa 02,Estornada
SLS-12394,CUST024,Casa do Sá Ltda,STR-014,Filial Shopping Rio Verde,GO,Rio Verde,PROD-PAY,VendeFácil Pay,2025-04-29 19:28:53,Cartão de Débito,2081.2,Caixa 01,Cancelada
SLS-12395,CUST140,Atacado da Rocha Ltda,STR-021,Express Salvador,BA,Salvador,PROD-ANALYTICS,VendeFácil Analytics,2025-01-11 21:18:59,Cartão de Crédito,431.05,Caixa 012,Cancelada
SLS-12396,CUST065,Centro de da Rocha Ltda,STR-037,Express Rio Verde,GO,Rio Verde,PROD-ANALYTICS,VendeFácil Analytics,2025-12-16 13:07:59,PIX,630.52,Caixa 01,Aprovada
SLS-12397,CUST1410,Empório Campos Ltda,STR-027,Filial Centro Porto Alegre,RS,Porto Alegre,PROD-LOJA,VendeFácil Loja,2026-01-21 00:42:04,Cartão de Crédito,695.35,Caixa 03,Estornada
SLS-12398,CUST835,Empório Marques Me,STR-017,Filial Centro Santos,SP,Santos,PROD-LOJA,VendeFácil Loja,2025-04-07 17:15:09,Boleto Bancário,427.66,Caixa 06,Aprovada
SLS-12399,CUST1903,Comércio de Ferreira Ltda,STR-012,Filial Shopping Caucaia,CE,Caucaia,PROD-ANALYTICS,VendeFácil Analytics,2025-10-20 12:02:28,Dinheiro,484.77,Caixa 01,Aprovada
SLS-12400,CUST1903,Comércio de Ferreira Ltda,STR-012,Filial Shopping Caucaia,CE,Caucaia,PROD-LOJA,VendeFácil Loja,2025-05-11 10:22:46,Dinheiro,1221.22,Caixa 04,Cancelada
SLS-12401,CUST552,Distribuidora Cavalcante Eireli,STR-022,Filial Bairro Jaboatão dos Guararapes,PE,Jaboatão dos Guararapes,PROD-ESTOQUE,VendeFácil Estoque,2025-02-13 17:19:47,Cartão de Débito,1748.66,Caixa 01,Aprovada
SLS-12402,CUST552,Distribuidora Cavalcante Eireli,STR-022,Filial Bairro Jaboatão dos Guararapes,PE,Jaboatão dos Guararapes,PROD-PAY,VendeFácil Pay,2025-01-04 00:26:10,PIX,1356.42,Caixa 01,Estornada
SLS-12403,CUST1629,Mundo da Vieira Comercial,STR-029,Matriz Águas Claras,DF,Águas Claras,PROD-LOJA,VendeFácil Loja,2025-06-06 16:46:58,Dinheiro,1125.11,Caixa 03,Estornada
SLS-12404,CUST556,Lojas Cunha S.A.,STR-049,Filial Bairro Santa Maria,RS,Santa Maria,PROD-PAY,VendeFácil Pay,2025-04-05 08:31:41,Cartão de Débito,2128.99,Caixa 02,Estornada
SLS-12405,CUST024,Casa do Sá Ltda,STR-014,Filial Shopping Rio Verde,GO,Rio Verde,PROD-ESTOQUE,VendeFácil Estoque,2025-03-25 15:23:06,Cartão de Débito,1845.08,Caixa 01,Estornada
SLS-12406,CUST1867,Lojas Teixeira Ltda,STR-006,Matriz Caxias do Sul,RS,Caxias do Sul,PROD-PDV,VendeFácil PDV,2025-01-28 03:17:41,Boleto Bancário,356.89,Caixa 01,Aprovada
SLS-12407,CUST1611,Comércio de Fogaça S.A.,STR-044,Filial Zona Sul Caucaia,CE,Caucaia,PROD-PAY,VendeFácil Pay,2025-05-26 23:09:55,Cartão de Débito,1456.45,Caixa 01,Estornada
SLS-12408,CUST1220,Atacado Gonçalves Eireli,STR-048,Matriz Caucaia,CE,Caucaia,PROD-PDV,VendeFácil PDV,2025-05-19 20:37:03,Cartão de Débito,652.1,Caixa 01,Estornada
SLS-12409,CUST475,Centro de Aragão Ltda,STR-019,Matriz Serra,ES,Serra,PROD-ESTOQUE,VendeFácil Estoque,2025-06-10 12:45:54,Cartão de Crédito,1662.89,Caixa 01,Estornada
SLS-12410,CUST024,Casa do Sá Ltda,STR-014,Filial Shopping Rio Verde,GO,Rio Verde,PROD-ESTOQUE,VendeFácil Estoque,2025-12-12 19:28:27,Boleto Bancário,1552.28,Caixa 01,Estornada
SLS-12411,CUST1139,Empório Freitas Me,STR-032,Filial Bairro Juiz de Fora,MG,Juiz de Fora,PROD-PAY,VendeFácil Pay,2025-03-05 07:34:38,PIX,2856.55,Caixa 07,Aprovada
SLS-12412,CUST625,Comércio de Macedo Eireli,STR-025,Matriz Chapecó,SC,Chapecó,PROD-ANALYTICS,VendeFácil Analytics,2025-12-31 17:11:52,PIX,829.56,Caixa 01,Cancelada
SLS-12413,CUST1637,Atacado Mendonça S.A.,STR-036,Matriz Contagem,MG,Contagem,PROD-PDV,VendeFácil PDV,2025-09-26 17:03:59,PIX,714.57,Caixa 05,Cancelada
SLS-12414,CUST714,Rede Borges Ltda,STR-018,Filial Zona Sul Porto Alegre,RS,Porto Alegre,PROD-PDV,VendeFácil PDV,2025-09-07 21:00:09,PIX,412.64,Caixa 01,Aprovada
SLS-12415,CUST1875,Empório da Cunha Eireli,STR-005,Filial Shopping Rio de Janeiro,RJ,Rio de Janeiro,PROD-ANALYTICS,VendeFácil Analytics,2025-05-12 09:16:08,Boleto Bancário,748.79,Caixa 01,Aprovada
SLS-12416,CUST009,Empório Gourmet Mineiro,STR-038,Express Ouro Preto,MG,Ouro Preto,PROD-PAY,VendeFácil Pay,2025-05-04 02:11:50,Dinheiro,1483.28,Caixa 01,Aprovada
SLS-12417,CUST1427,Lojas Vieira Comercial,STR-047,Matriz Vitória da Conquista,BA,Vitória da Conquista,PROD-LOJA,VendeFácil Loja,2025-09-08 07:45:03,Dinheiro,1408.14,Caixa 03,Aprovada
SLS-12418,CUST210,Lojas Cunha Eireli,STR-046,Filial Zona Sul Niterói,RJ,Niterói,PROD-ESTOQUE,VendeFácil Estoque,2025-09-12 17:34:48,Cartão de Débito,1323.76,Caixa 03,Aprovada
SLS-12419,CUST365,Rede Casa Grande Comercial,STR-030,Filial Shopping Aparecida de Goiânia,GO,Aparecida de Goiânia,PROD-PDV,VendeFácil PDV,2025-08-29 20:24:01,Dinheiro,829.17,Caixa 02,Aprovada
SLS-12420,CUST1271,Mundo da da Cruz Ltda,STR-016,Filial Zona Sul Olinda,PE,Olinda,PROD-LOJA,VendeFácil Loja,2025-02-18 05:42:35,PIX,1223.57,Caixa 01,Cancelada
SLS-12421,CUST1247,Centro de Aparecida Eireli,STR-011,Filial Shopping Brasília,DF,Brasília,PROD-ESTOQUE,VendeFácil Estoque,2025-07-27 17:35:17,Dinheiro,1937.67,Caixa 01,Cancelada
SLS-12422,CUST1410,Empório Campos Ltda,STR-027,Filial Centro Porto Alegre,RS,Porto Alegre,PROD-ANALYTICS,VendeFácil Analytics,2025-07-30 00:42:39,Cartão de Crédito,628.8,Caixa 02,Estornada
SLS-12423,CUST024,Casa do Sá Ltda,STR-014,Filial Shopping Rio Verde,GO,Rio Verde,PROD-ESTOQUE,VendeFácil Estoque,2025-10-20 23:32:29,Cartão de Débito,1174.47,Caixa 01,Aprovada
SLS-12424,CUST034,Rede Pires Comercial,STR-026,Filial Shopping Caruaru,PE,Caruaru,PROD-PAY,VendeFácil Pay,2025-03-10 03:56:50,PIX,2590.74,Caixa 01,Estornada
SLS-12425,CUST1220,Atacado Gonçalves Eireli,STR-048,Matriz Caucaia,CE,Caucaia,PROD-PDV,VendeFácil PDV,2026-01-23 21:37:01,PIX,591.39,Caixa 07,Aprovada
SLS-12426,CUST1139,Empório Freitas Me,STR-032,Filial Bairro Juiz de Fora,MG,Juiz de Fora,PROD-PDV,VendeFácil PDV,2025-09-28 22:59:33,Dinheiro,755.98,Caixa 07,Estornada
SLS-12427,CUST210,Lojas Cunha Eireli,STR-046,Filial Zona Sul Niterói,RJ,Niterói,PROD-ANALYTICS,VendeFácil Analytics,2026-01-20 21:07:07,Cartão de Crédito,364.95,Caixa 02,Estornada
SLS-12428,CUST005,Materiais de Construção Silva,STR-003,Matriz Juiz de Fora,MG,Juiz de Fora,PROD-PAY,VendeFácil Pay,2025-05-01 09:56:17,Dinheiro,928.53,Caixa 02,Estornada
SLS-12429,CUST1490,Mundo da da Mota Me,STR-045,Filial Shopping Vila Velha,ES,Vila Velha,PROD-ANALYTICS,VendeFácil Analytics,2025-09-09 11:05:07,Dinheiro,558.18,Caixa 02,Estornada
SLS-12430,CUST1903,Comércio de Ferreira Ltda,STR-012,Filial Shopping Caucaia,CE,Caucaia,PROD-ANALYTICS,VendeFácil Analytics,2025-06-27 02:09:28,Boleto Bancário,808.91,Caixa 03,Aprovada
SLS-12431,CUST034,Rede Pires Comercial,STR-026,Filial Shopping Caruaru,PE,Caruaru,PROD-ANALYTICS,VendeFácil Analytics,2025-03-10 15:32:56,Boleto Bancário,526.62,Caixa 01,Aprovada
SLS-12432,CUST401,Comércio de Costela Eireli,STR-050,Express Contagem,MG,Contagem,PROD-PAY,VendeFácil Pay,2025-03-24 18:16:57,PIX,1451.31,Caixa 02,Aprovada
SLS-12433,CUST1187,Mercado Almeida S.A.,STR-031,Filial Centro Vila Velha,ES,Vila Velha,PROD-LOJA,VendeFácil Loja,2025-01-02 01:28:09,Cartão de Crédito,731.14,Caixa 01,Aprovada
SLS-12434,CUST008,Auto Peças Central,STR-004,Matriz Ribeirão Preto,SP,Ribeirão Preto,PROD-ANALYTICS,VendeFácil Analytics,2025-04-02 14:27:42,Dinheiro,944.19,Caixa 04,Aprovada
SLS-12435,CUST024,Casa do Sá Ltda,STR-014,Filial Shopping Rio Verde,GO,Rio Verde,PROD-ANALYTICS,VendeFácil Analytics,2025-12-06 09:18:33,Cartão de Débito,370.28,Caixa 01,Aprovada
SLS-12436,CUST391,Distribuidora Oliveira Eireli,STR-015,Filial Bairro Anápolis,GO,Anápolis,PROD-PDV,VendeFácil PDV,2025-11-10 01:12:06,Boleto Bancário,756.88,Caixa 01,Aprovada
SLS-12437,CUST1427,Lojas Vieira Comercial,STR-047,Matriz Vitória da Conquista,BA,Vitória da Conquista,PROD-ESTOQUE,VendeFácil Estoque,2025-06-21 03:09:03,Boleto Bancário,1257.26,Caixa 01,Estornada
SLS-12438,CUST108,Lojas Abreu Ltda,STR-010,Matriz São Paulo,SP,São Paulo,PROD-ANALYTICS,VendeFácil Analytics,2025-07-24 17:25:35,Cartão de Débito,335.52,Caixa 02,Estornada
SLS-12439,CUST1637,Atacado Mendonça S.A.,STR-036,Matriz Contagem,MG,Contagem,PROD-ANALYTICS,VendeFácil Analytics,2026-01-25 23:02:32,Dinheiro,665.49,Caixa 01,Aprovada
SLS-12440,CUST1427,Lojas Vieira Comercial,STR-047,Matriz Vitória da Conquista,BA,Vitória da Conquista,PROD-LOJA,VendeFácil Loja,2025-04-18 14:32:35,Boleto Bancário,1056.53,Caixa 01,Aprovada
SLS-12441,CUST1610,Comércio de da Rocha Ltda,STR-009,Express Jaboatão dos Guararapes,PE,Jaboatão dos Guararapes,PROD-ANALYTICS,VendeFácil Analytics,2025-04-29 07:54:15,Cartão de Débito,340.66,Caixa 01,Estornada
SLS-12442,CUST034,Rede Pires Comercial,STR-026,Filial Shopping Caruaru,PE,Caruaru,PROD-PAY,VendeFácil Pay,2025-04-29 16:56:34,Cartão de Crédito,2787.72,Caixa 01,Aprovada
SLS-12443,CUST1611,Comércio de Fogaça S.A.,STR-044,Filial Zona Sul Caucaia,CE,Caucaia,PROD-ESTOQUE,VendeFácil Estoque,2025-06-22 21:06:26,Cartão de Crédito,641.99,Caixa 02,Aprovada
SLS-12444,CUST210,Lojas Cunha Eireli,STR-046,Filial Zona Sul Niterói,RJ,Niterói,PROD-PDV,VendeFácil PDV,2025-01-04 19:46:40,Dinheiro,518.58,Caixa 03,Aprovada
SLS-12445,CUST835,Empório Marques Me,STR-017,Filial Centro Santos,SP,Santos,PROD-PDV,VendeFácil PDV,2025-04-15 16:13:48,PIX,494.23,Caixa 02,Aprovada
SLS-12446,CUST556,Lojas Cunha S.A.,STR-049,Filial Bairro Santa Maria,RS,Santa Maria,PROD-PDV,VendeFácil PDV,2025-11-20 22:49:08,Dinheiro,829.11,Caixa 03,Aprovada
SLS-12447,CUST1162,Empório Monteiro Eireli,STR-035,Filial Zona Sul Juazeiro do Norte,CE,Juazeiro do Norte,PROD-LOJA,VendeFácil Loja,2025-07-24 23:06:20,PIX,531.95,Caixa 04,Cancelada
SLS-12448,CUST1015,Distribuidora Montenegro Me,STR-041,Filial Centro Rio de Janeiro,RJ,Rio de Janeiro,PROD-PDV,VendeFácil PDV,2025-05-18 16:55:14,Cartão de Crédito,587.54,Caixa 010,Cancelada
SLS-12449,CUST210,Lojas Cunha Eireli,STR-046,Filial Zona Sul Niterói,RJ,Niterói,PROD-LOJA,VendeFácil Loja,2026-01-21 04:08:19,Boleto Bancário,1443.92,Caixa 03,Estornada
SLS-12450,CUST625,Comércio de Macedo Eireli,STR-025,Matriz Chapecó,SC,Chapecó,PROD-PDV,VendeFácil PDV,2025-12-01 22:51:31,Boleto Bancário,509.73,Caixa 01,Aprovada
SLS-12451,CUST1887,Mercado Aparecida Ltda,STR-020,Filial Bairro Serra,ES,Serra,PROD-ESTOQUE,VendeFácil Estoque,2025-02-19 13:23:08,Boleto Bancário,1481.87,Caixa 03,Aprovada
SLS-12452,CUST365,Rede Casa Grande Comercial,STR-030,Filial Shopping Aparecida de Goiânia,GO,Aparecida de Goiânia,PROD-ESTOQUE,VendeFácil Estoque,2025-08-11 10:32:07,PIX,971.58,Caixa 02,Estornada
SLS-12453,CUST1629,Mundo da Vieira Comercial,STR-029,Matriz Águas Claras,DF,Águas Claras,PROD-PAY,VendeFácil Pay,2025-08-08 19:01:11,Dinheiro,1200.73,Caixa 02,Aprovada
SLS-12454,CUST1427,Lojas Vieira Comercial,STR-047,Matriz Vitória da Conquista,BA,Vitória da Conquista,PROD-ESTOQUE,VendeFácil Estoque,2025-09-27 20:14:48,Cartão de Crédito,1437.13,Caixa 03,Aprovada
SLS-12455,CUST391,Distribuidora Oliveira Eireli,STR-015,Filial Bairro Anápolis,GO,Anápolis,PROD-ANALYTICS,VendeFácil Analytics,2025-11-11 22:06:25,Boleto Bancário,889.59,Caixa 01,Estornada
SLS-12456,CUST024,Casa do Sá Ltda,STR-014,Filial Shopping Rio Verde,GO,Rio Verde,PROD-LOJA,VendeFácil Loja,2025-01-12 08:39:58,Cartão de Crédito,495.01,Caixa 01,Cancelada
SLS-12457,CUST1611,Comércio de Fogaça S.A.,STR-044,Filial Zona Sul Caucaia,CE,Caucaia,PROD-LOJA,VendeFácil Loja,2026-02-13 13:12:33,PIX,1145.84,Caixa 01,Aprovada
SLS-12458,CUST552,Distribuidora Cavalcante Eireli,STR-022,Filial Bairro Jaboatão dos Guararapes,PE,Jaboatão dos Guararapes,PROD-ANALYTICS,VendeFácil Analytics,2025-08-12 15:48:57,Dinheiro,533.35,Caixa 01,Aprovada
SLS-12459,CUST1907,Mundo da Pimenta Comercial,STR-042,Filial Shopping Niterói,RJ,Niterói,PROD-ESTOQUE,VendeFácil Estoque,2025-06-02 17:59:37,Boleto Bancário,1191.84,Caixa 02,Cancelada
SLS-12460,CUST065,Centro de da Rocha Ltda,STR-037,Express Rio Verde,GO,Rio Verde,PROD-PAY,VendeFácil Pay,2025-08-08 08:58:44,Cartão de Crédito,1787.35,Caixa 03,Estornada
SLS-12461,CUST934,Lojas Campos Ltda,STR-040,Express Brasília,DF,Brasília,PROD-PDV,VendeFácil PDV,2025-04-29 19:12:51,Cartão de Débito,450.01,Caixa 01,Aprovada
SLS-12462,CUST625,Comércio de Macedo Eireli,STR-025,Matriz Chapecó,SC,Chapecó,PROD-ESTOQUE,VendeFácil Estoque,2025-02-22 11:50:31,Cartão de Débito,1333.31,Caixa 01,Aprovada
SLS-12463,CUST1611,Comércio de Fogaça S.A.,STR-044,Filial Zona Sul Caucaia,CE,Caucaia,PROD-LOJA,VendeFácil Loja,2025-04-16 20:51:12,Boleto Bancário,642.92,Caixa 03,Cancelada
SLS-12464,CUST552,Distribuidora Cavalcante Eireli,STR-022,Filial Bairro Jaboatão dos Guararapes,PE,Jaboatão dos Guararapes,PROD-PAY,VendeFácil Pay,2025-05-28 00:15:46,Cartão de Crédito,1777.87,Caixa 02,Aprovada
SLS-12465,CUST1220,Atacado Gonçalves Eireli,STR-048,Matriz Caucaia,CE,Caucaia,PROD-ANALYTICS,VendeFácil Analytics,2025-07-05 15:51:19,Cartão de Débito,388.87,Caixa 04,Aprovada
SLS-12466,CUST1398,Centro de Andrade Ltda,STR-033,Filial Zona Sul Curitiba,PR,Curitiba,PROD-ESTOQUE,VendeFácil Estoque,2025-01-17 01:57:02,Cartão de Crédito,1590.11,Caixa 01,Aprovada
SLS-12467,CUST224,Empório Moraes Ltda,STR-043,Filial Bairro Rio Verde,GO,Rio Verde,PROD-ANALYTICS,VendeFácil Analytics,2025-04-15 13:50:29,Boleto Bancário,405.01,Caixa 06,Aprovada
SLS-12468,CUST833,Lojas Azevedo Comercial,STR-023,Filial Centro Taguatinga,DF,Taguatinga,PROD-ANALYTICS,VendeFácil Analytics,2025-12-03 16:47:30,Cartão de Crédito,753.87,Caixa 03,Aprovada
SLS-12469,CUST1427,Lojas Vieira Comercial,STR-047,Matriz Vitória da Conquista,BA,Vitória da Conquista,PROD-LOJA,VendeFácil Loja,2025-09-16 16:27:26,Cartão de Débito,1016.35,Caixa 03,Aprovada
SLS-12470,CUST1612,Comércio de Garcia Me,STR-028,Filial Centro Uberaba,MG,Uberaba,PROD-ANALYTICS,VendeFácil Analytics,2025-01-03 03:29:47,Dinheiro,336.69,Caixa 01,Aprovada
SLS-12471,CUST1637,Atacado Mendonça S.A.,STR-036,Matriz Contagem,MG,Contagem,PROD-ANALYTICS,VendeFácil Analytics,2025-07-22 00:50:02,Boleto Bancário,395.51,Caixa 06,Aprovada
SLS-12472,CUST1410,Empório Campos Ltda,STR-027,Filial Centro Porto Alegre,RS,Porto Alegre,PROD-LOJA,VendeFácil Loja,2026-01-22 16:17:05,Dinheiro,1374.09,Caixa 03,Estornada
SLS-12473,CUST102,Rede Cardoso Me,STR-013,Filial Centro Uberlândia,MG,Uberlândia,PROD-ANALYTICS,VendeFácil Analytics,2025-09-21 13:00:45,Dinheiro,504.15,Caixa 01,Aprovada
SLS-12474,CUST1187,Mercado Almeida S.A.,STR-031,Filial Centro Vila Velha,ES,Vila Velha,PROD-PDV,VendeFácil PDV,2026-02-07 22:26:27,PIX,673.71,Caixa 02,Aprovada
SLS-12475,CUST1410,Empório Campos Ltda,STR-027,Filial Centro Porto Alegre,RS,Porto Alegre,PROD-LOJA,VendeFácil Loja,2025-11-23 20:21:39,PIX,406.07,Caixa 02,Aprovada
SLS-12476,CUST1271,Mundo da da Cruz Ltda,STR-016,Filial Zona Sul Olinda,PE,Olinda,PROD-LOJA,VendeFácil Loja,2025-08-03 15:50:59,Dinheiro,1317.28,Caixa 03,Aprovada
SLS-12477,CUST024,Casa do Sá Ltda,STR-014,Filial Shopping Rio Verde,GO,Rio Verde,PROD-ESTOQUE,VendeFácil Estoque,2025-10-04 16:02:14,Dinheiro,1804.45,Caixa 01,Aprovada
SLS-12478,CUST1398,Centro de Andrade Ltda,STR-033,Filial Zona Sul Curitiba,PR,Curitiba,PROD-PAY,VendeFácil Pay,2025-01-17 00:00:00,Cartão de Débito,1279.19,Caixa 02,Aprovada
SLS-12479,CUST1637,Atacado Mendonça S.A.,STR-036,Matriz Contagem,MG,Contagem,PROD-ANALYTICS,VendeFácil Analytics,2025-10-05 11:01:47,Boleto Bancário,559.78,Caixa 05,Cancelada
SLS-12480,CUST556,Lojas Cunha S.A.,STR-049,Filial Bairro Santa Maria,RS,Santa Maria,PROD-PAY,VendeFácil Pay,2025-05-02 16:12:14,Cartão de Débito,851.62,Caixa 02,Aprovada
SLS-12481,CUST005,Materiais de Construção Silva,STR-003,Matriz Juiz de Fora,MG,Juiz de Fora,PROD-ANALYTICS,VendeFácil Analytics,2025-09-18 11:36:40,Dinheiro,400.03,Caixa 01,Aprovada
SLS-12482,CUST1247,Centro de Aparecida Eireli,STR-011,Filial Shopping Brasília,DF,Brasília,PROD-LOJA,VendeFácil Loja,2025-01-30 05:27:14,Cartão de Crédito,440.04,Caixa 03,Estornada
SLS-12483,CUST009,Empório Gourmet Mineiro,STR-038,Express Ouro Preto,MG,Ouro Preto,PROD-ANALYTICS,VendeFácil Analytics,2025-05-24 14:19:08,Dinheiro,916.61,Caixa 01,Aprovada
SLS-12484,CUST391,Distribuidora Oliveira Eireli,STR-015,Filial Bairro Anápolis,GO,Anápolis,PROD-ESTOQUE,VendeFácil Estoque,2025-07-03 09:08:36,Dinheiro,1094.49,Caixa 01,Aprovada
SLS-12485,CUST409,Rede da Cruz Eireli,STR-008,Matriz Fortaleza,CE,Fortaleza,PROD-PDV,VendeFácil PDV,2025-12-18 12:56:58,Boleto Bancário,367.38,Caixa 01,Cancelada
SLS-12486,CUST1629,Mundo da Vieira Comercial,STR-029,Matriz Águas Claras,DF,Águas Claras,PROD-PDV,VendeFácil PDV,2025-09-24 19:52:32,PIX,463.17,Caixa 03,Aprovada
SLS-12487,CUST934,Lojas Campos Ltda,STR-040,Express Brasília,DF,Brasília,PROD-ANALYTICS,VendeFácil Analytics,2025-08-07 00:01:30,Cartão de Débito,661.18,Caixa 01,Aprovada
SLS-12488,CUST1187,Mercado Almeida S.A.,STR-031,Filial Centro Vila Velha,ES,Vila Velha,PROD-LOJA,VendeFácil Loja,2025-08-14 10:03:22,Boleto Bancário,867.65,Caixa 01,Estornada
SLS-12489,CUST1220,Atacado Gonçalves Eireli,STR-048,Matriz Caucaia,CE,Caucaia,PROD-PDV,VendeFácil PDV,2025-08-07 02:57:05,Cartão de Crédito,445.81,Caixa 07,Aprovada
SLS-12490,CUST005,Materiais de Construção Silva,STR-003,Matriz Juiz de Fora,MG,Juiz de Fora,PROD-ESTOQUE,VendeFácil Estoque,2026-01-08 20:55:07,Boleto Bancário,1531.14,Caixa 03,Cancelada
SLS-12491,CUST1410,Empório Campos Ltda,STR-027,Filial Centro Porto Alegre,RS,Porto Alegre,PROD-PAY,VendeFácil Pay,2025-12-31 02:33:12,Dinheiro,2810.76,Caixa 01,Aprovada
SLS-12492,CUST1887,Mercado Aparecida Ltda,STR-020,Filial Bairro Serra,ES,Serra,PROD-LOJA,VendeFácil Loja,2025-09-24 21:55:28,Cartão de Crédito,628.49,Caixa 02,Aprovada
SLS-12493,CUST1162,Empório Monteiro Eireli,STR-035,Filial Zona Sul Juazeiro do Norte,CE,Juazeiro do Norte,PROD-ANALYTICS,VendeFácil Analytics,2025-01-01 03:39:21,Cartão de Crédito,610.94,Caixa 03,Estornada
SLS-12494,CUST001,Supermercado Boa Compra,STR-001,Filial Matriz - Centro BH,MG,Belo Horizonte,PROD-PDV,VendeFácil PDV,2025-03-27 21:20:24,Cartão de Débito,774.12,Caixa 08,Aprovada
SLS-12495,CUST1689,Comércio de Ribeiro Comercial,STR-034,Filial Zona Sul Caucaia,CE,Caucaia,PROD-PDV,VendeFácil PDV,2025-01-16 02:29:48,Cartão de Crédito,812.01,Caixa 02,Aprovada
SLS-12496,CUST1037,Casa do Sampaio S.A.,STR-007,Express Cascavel,PR,Cascavel,PROD-PAY,VendeFácil Pay,2025-02-17 13:38:43,Dinheiro,283.3,Caixa 02,Cancelada
SLS-12497,CUST475,Centro de Aragão Ltda,STR-019,Matriz Serra,ES,Serra,PROD-PAY,VendeFácil Pay,2026-01-30 21:03:31,PIX,685.28,Caixa 01,Estornada
SLS-12498,CUST1427,Lojas Vieira Comercial,STR-047,Matriz Vitória da Conquista,BA,Vitória da Conquista,PROD-PDV,VendeFácil PDV,2025-07-02 12:14:05,PIX,660.82,Caixa 03,Estornada
SLS-12499,CUST009,Empório Gourmet Mineiro,STR-038,Express Ouro Preto,MG,Ouro Preto,PROD-PAY,VendeFácil Pay,2025-07-30 19:22:43,Boleto Bancário,362.82,Caixa 01,Estornada
SLS-12500,CUST1139,Empório Freitas Me,STR-032,Filial Bairro Juiz de Fora,MG,Juiz de Fora,PROD-ANALYTICS,VendeFácil Analytics,2025-01-04 19:31:29,PIX,699.41,Caixa 010,Aprovada
SLS-12501,CUST717,Rede da Mota S.A.,STR-039,Filial Shopping Cariacica,ES,Cariacica,PROD-ESTOQUE,VendeFácil Estoque,2025-12-29 05:55:56,Dinheiro,1841.69,Caixa 01,Aprovada
SLS-12502,CUST1139,Empório Freitas Me,STR-032,Filial Bairro Juiz de Fora,MG,Juiz de Fora,PROD-PDV,VendeFácil PDV,2025-11-04 15:23:06,PIX,433.0,Caixa 010,Aprovada
SLS-12503,CUST024,Casa do Sá Ltda,STR-014,Filial Shopping Rio Verde,GO,Rio Verde,PROD-ESTOQUE,VendeFácil Estoque,2025-02-08 07:05:21,Cartão de Débito,1348.97,Caixa 01,Aprovada
SLS-12504,CUST005,Materiais de Construção Silva,STR-003,Matriz Juiz de Fora,MG,Juiz de Fora,PROD-LOJA,VendeFácil Loja,2025-01-22 01:53:56,Cartão de Crédito,920.58,Caixa 06,Aprovada
SLS-12505,CUST1187,Mercado Almeida S.A.,STR-031,Filial Centro Vila Velha,ES,Vila Velha,PROD-LOJA,VendeFácil Loja,2025-09-25 20:13:52,Cartão de Débito,817.75,Caixa 02,Aprovada
SLS-12506,CUST1162,Empório Monteiro Eireli,STR-035,Filial Zona Sul Juazeiro do Norte,CE,Juazeiro do Norte,PROD-ANALYTICS,VendeFácil Analytics,2025-07-24 03:52:02,PIX,733.35,Caixa 02,Aprovada
SLS-12507,CUST1220,Atacado Gonçalves Eireli,STR-048,Matriz Caucaia,CE,Caucaia,PROD-PDV,VendeFácil PDV,2025-11-29 08:21:27,PIX,887.13,Caixa 05,Aprovada
SLS-12508,CUST1875,Empório da Cunha Eireli,STR-005,Filial Shopping Rio de Janeiro,RJ,Rio de Janeiro,PROD-LOJA,VendeFácil Loja,2025-09-09 03:23:49,Cartão de Crédito,512.29,Caixa 03,Aprovada
SLS-12509,CUST008,Auto Peças Central,STR-004,Matriz Ribeirão Preto,SP,Ribeirão Preto,PROD-PDV,VendeFácil PDV,2025-10-05 02:58:50,PIX,710.3,Caixa 03,Estornada
SLS-12510,CUST210,Lojas Cunha Eireli,STR-046,Filial Zona Sul Niterói,RJ,Niterói,PROD-ESTOQUE,VendeFácil Estoque,2025-12-14 22:22:34,Dinheiro,1869.99,Caixa 01,Aprovada
SLS-12511,CUST1903,Comércio de Ferreira Ltda,STR-012,Filial Shopping Caucaia,CE,Caucaia,PROD-LOJA,VendeFácil Loja,2025-10-26 18:29:40,Boleto Bancário,1034.7,Caixa 02,Aprovada
SLS-12512,CUST1612,Comércio de Garcia Me,STR-028,Filial Centro Uberaba,MG,Uberaba,PROD-ESTOQUE,VendeFácil Estoque,2025-04-24 04:11:16,Cartão de Débito,1705.83,Caixa 03,Cancelada
SLS-12513,CUST1612,Comércio de Garcia Me,STR-028,Filial Centro Uberaba,MG,Uberaba,PROD-PAY,VendeFácil Pay,2025-12-25 22:02:18,PIX,2640.54,Caixa 04,Estornada
SLS-12514,CUST1037,Casa do Sampaio S.A.,STR-007,Express Cascavel,PR,Cascavel,PROD-ANALYTICS,VendeFácil Analytics,2025-10-08 01:45:44,Cartão de Débito,501.52,Caixa 06,Aprovada
SLS-12515,CUST1867,Lojas Teixeira Ltda,STR-006,Matriz Caxias do Sul,RS,Caxias do Sul,PROD-ESTOQUE,VendeFácil Estoque,2026-01-22 01:46:56,Cartão de Crédito,1670.98,Caixa 01,Cancelada
SLS-12516,CUST409,Rede da Cruz Eireli,STR-008,Matriz Fortaleza,CE,Fortaleza,PROD-LOJA,VendeFácil Loja,2026-02-02 03:45:29,Dinheiro,1243.23,Caixa 02,Aprovada
SLS-12517,CUST1220,Atacado Gonçalves Eireli,STR-048,Matriz Caucaia,CE,Caucaia,PROD-ANALYTICS,VendeFácil Analytics,2025-01-22 19:42:05,PIX,734.25,Caixa 04,Aprovada
SLS-12518,CUST835,Empório Marques Me,STR-017,Filial Centro Santos,SP,Santos,PROD-PAY,VendeFácil Pay,2025-05-01 09:56:45,Boleto Bancário,1800.49,Caixa 03,Aprovada
SLS-12519,CUST065,Centro de da Rocha Ltda,STR-037,Express Rio Verde,GO,Rio Verde,PROD-LOJA,VendeFácil Loja,2025-01-16 14:42:25,PIX,1045.59,Caixa 06,Aprovada
SLS-12520,CUST1398,Centro de Andrade Ltda,STR-033,Filial Zona Sul Curitiba,PR,Curitiba,PROD-ANALYTICS,VendeFácil Analytics,2025-03-09 16:37:44,Cartão de Débito,488.34,Caixa 02,Cancelada
SLS-12521,CUST1637,Atacado Mendonça S.A.,STR-036,Matriz Contagem,MG,Contagem,PROD-PAY,VendeFácil Pay,2025-11-23 19:53:35,Cartão de Débito,1823.07,Caixa 01,Aprovada
SLS-12522,CUST835,Empório Marques Me,STR-017,Filial Centro Santos,SP,Santos,PROD-PAY,VendeFácil Pay,2025-05-21 02:50:46,Cartão de Débito,546.36,Caixa 05,Estornada
SLS-12523,CUST001,Supermercado Boa Compra,STR-002,Filial Savassi,MG,Belo Horizonte,PROD-PAY,VendeFácil Pay,2025-07-03 16:32:26,Boleto Bancário,2824.95,Caixa 02,Aprovada
SLS-12524,CUST102,Rede Cardoso Me,STR-013,Filial Centro Uberlândia,MG,Uberlândia,PROD-PAY,VendeFácil Pay,2025-05-28 16:32:04,Boleto Bancário,2363.19,Caixa 01,Cancelada
SLS-12525,CUST833,Lojas Azevedo Comercial,STR-023,Filial Centro Taguatinga,DF,Taguatinga,PROD-PDV,VendeFácil PDV,2025-02-19 14:13:35,Cartão de Débito,617.5,Caixa 09,Estornada
SLS-12526,CUST034,Rede Pires Comercial,STR-026,Filial Shopping Caruaru,PE,Caruaru,PROD-ANALYTICS,VendeFácil Analytics,2025-05-31 13:39:54,Dinheiro,474.12,Caixa 01,Aprovada
SLS-12527,CUST1611,Comércio de Fogaça S.A.,STR-044,Filial Zona Sul Caucaia,CE,Caucaia,PROD-ESTOQUE,VendeFácil Estoque,2025-11-08 16:14:16,Boleto Bancário,616.36,Caixa 04,Aprovada
SLS-12528,CUST1610,Comércio de da Rocha Ltda,STR-009,Express Jaboatão dos Guararapes,PE,Jaboatão dos Guararapes,PROD-PAY,VendeFácil Pay,2025-07-24 15:51:06,PIX,2408.62,Caixa 01,Cancelada
SLS-12529,CUST1689,Comércio de Ribeiro Comercial,STR-034,Filial Zona Sul Caucaia,CE,Caucaia,PROD-LOJA,VendeFácil Loja,2026-02-18 14:33:51,Dinheiro,1049.89,Caixa 02,Aprovada
SLS-12530,CUST1907,Mundo da Pimenta Comercial,STR-042,Filial Shopping Niterói,RJ,Niterói,PROD-PDV,VendeFácil PDV,2025-07-22 13:27:21,Boleto Bancário,435.0,Caixa 02,Estornada
SLS-12531,CUST1139,Empório Freitas Me,STR-032,Filial Bairro Juiz de Fora,MG,Juiz de Fora,PROD-LOJA,VendeFácil Loja,2025-01-23 05:45:27,PIX,1385.5,Caixa 08,Aprovada
SLS-12532,CUST024,Casa do Sá Ltda,STR-014,Filial Shopping Rio Verde,GO,Rio Verde,PROD-ESTOQUE,VendeFácil Estoque,2025-06-15 05:23:13,Cartão de Débito,757.17,Caixa 01,Aprovada
SLS-12533,CUST108,Lojas Abreu Ltda,STR-010,Matriz São Paulo,SP,São Paulo,PROD-ANALYTICS,VendeFácil Analytics,2025-01-18 00:01:30,Dinheiro,474.72,Caixa 02,Cancelada
SLS-12534,CUST625,Comércio de Macedo Eireli,STR-025,Matriz Chapecó,SC,Chapecó,PROD-PDV,VendeFácil PDV,2025-08-20 06:32:40,PIX,545.46,Caixa 01,Aprovada
SLS-12535,CUST401,Comércio de Costela Eireli,STR-050,Express Contagem,MG,Contagem,PROD-PDV,VendeFácil PDV,2025-11-17 13:06:23,Cartão de Crédito,528.45,Caixa 01,Aprovada
SLS-12536,CUST1427,Lojas Vieira Comercial,STR-047,Matriz Vitória da Conquista,BA,Vitória da Conquista,PROD-PAY,VendeFácil Pay,2025-05-20 13:31:28,Boleto Bancário,169.64,Caixa 03,Cancelada
SLS-12537,CUST391,Distribuidora Oliveira Eireli,STR-015,Filial Bairro Anápolis,GO,Anápolis,PROD-ESTOQUE,VendeFácil Estoque,2025-05-05 05:26:25,Cartão de Crédito,1571.15,Caixa 01,Aprovada
SLS-12538,CUST717,Rede da Mota S.A.,STR-039,Filial Shopping Cariacica,ES,Cariacica,PROD-ESTOQUE,VendeFácil Estoque,2025-10-24 09:51:43,Cartão de Débito,1814.77,Caixa 01,Estornada
SLS-12539,CUST1037,Casa do Sampaio S.A.,STR-007,Express Cascavel,PR,Cascavel,PROD-LOJA,VendeFácil Loja,2025-12-24 23:19:34,PIX,701.95,Caixa 01,Cancelada
SLS-12540,CUST1139,Empório Freitas Me,STR-032,Filial Bairro Juiz de Fora,MG,Juiz de Fora,PROD-ESTOQUE,VendeFácil Estoque,2025-05-16 07:09:59,Boleto Bancário,1795.17,Caixa 08,Cancelada
SLS-12541,CUST556,Lojas Cunha S.A.,STR-049,Filial Bairro Santa Maria,RS,Santa Maria,PROD-ESTOQUE,VendeFácil Estoque,2025-12-19 11:03:31,PIX,1616.92,Caixa 01,Aprovada
SLS-12542,CUST1612,Comércio de Garcia Me,STR-028,Filial Centro Uberaba,MG,Uberaba,PROD-PAY,VendeFácil Pay,2025-03-17 08:18:15,PIX,766.69,Caixa 01,Cancelada
SLS-12543,CUST1037,Casa do Sampaio S.A.,STR-007,Express Cascavel,PR,Cascavel,PROD-PDV,VendeFácil PDV,2025-01-22 20:38:19,Boleto Bancário,431.33,Caixa 05,Aprovada
SLS-12544,CUST1410,Empório Campos Ltda,STR-027,Filial Centro Porto Alegre,RS,Porto Alegre,PROD-ANALYTICS,VendeFácil Analytics,2025-09-23 22:26:52,Boleto Bancário,817.54,Caixa 03,Aprovada
SLS-12545,CUST1499,Distribuidora Costa Me,STR-024,Filial Centro Sorocaba,SP,Sorocaba,PROD-ANALYTICS,VendeFácil Analytics,2025-08-20 10:16:33,Cartão de Débito,856.79,Caixa 07,Aprovada
SLS-12546,CUST401,Comércio de Costela Eireli,STR-050,Express Contagem,MG,Contagem,PROD-LOJA,VendeFácil Loja,2025-09-15 19:01:48,Dinheiro,549.51,Caixa 02,Estornada
SLS-12547,CUST108,Lojas Abreu Ltda,STR-010,Matriz São Paulo,SP,São Paulo,PROD-LOJA,VendeFácil Loja,2025-06-01 06:45:37,Cartão de Crédito,1099.73,Caixa 01,Aprovada
SLS-12548,CUST409,Rede da Cruz Eireli,STR-008,Matriz Fortaleza,CE,Fortaleza,PROD-ANALYTICS,VendeFácil Analytics,2025-09-27 20:17:00,Cartão de Crédito,637.48,Caixa 02,Aprovada
SLS-12549,CUST1271,Mundo da da Cruz Ltda,STR-016,Filial Zona Sul Olinda,PE,Olinda,PROD-LOJA,VendeFácil Loja,2025-07-07 08:23:19,Dinheiro,1207.2,Caixa 02,Cancelada
SLS-12550,CUST1187,Mercado Almeida S.A.,STR-031,Filial Centro Vila Velha,ES,Vila Velha,PROD-PDV,VendeFácil PDV,2025-05-15 16:04:12,Boleto Bancário,605.32,Caixa 02,Aprovada
SLS-12551,CUST210,Lojas Cunha Eireli,STR-046,Filial Zona Sul Niterói,RJ,Niterói,PROD-PAY,VendeFácil Pay,2025-03-07 19:40:22,Dinheiro,3010.21,Caixa 02,Aprovada
SLS-12552,CUST210,Lojas Cunha Eireli,STR-046,Filial Zona Sul Niterói,RJ,Niterói,PROD-PAY,VendeFácil Pay,2025-08-17 02:52:38,Cartão de Crédito,285.73,Caixa 02,Aprovada
SLS-12553,CUST024,Casa do Sá Ltda,STR-014,Filial Shopping Rio Verde,GO,Rio Verde,PROD-ESTOQUE,VendeFácil Estoque,2026-01-02 14:12:01,Dinheiro,1026.26,Caixa 01,Aprovada
SLS-12554,CUST1499,Distribuidora Costa Me,STR-024,Filial Centro Sorocaba,SP,Sorocaba,PROD-ESTOQUE,VendeFácil Estoque,2025-07-22 04:40:28,PIX,1468.43,Caixa 01,Aprovada
SLS-12555,CUST475,Centro de Aragão Ltda,STR-019,Matriz Serra,ES,Serra,PROD-PDV,VendeFácil PDV,2025-05-12 09:35:14,Cartão de Crédito,352.05,Caixa 01,Aprovada
SLS-12556,CUST625,Comércio de Macedo Eireli,STR-025,Matriz Chapecó,SC,Chapecó,PROD-LOJA,VendeFácil Loja,2025-05-27 12:56:32,Cartão de Crédito,1045.88,Caixa 01,Aprovada
SLS-12557,CUST833,Lojas Azevedo Comercial,STR-023,Filial Centro Taguatinga,DF,Taguatinga,PROD-ANALYTICS,VendeFácil Analytics,2025-06-09 09:52:29,Cartão de Crédito,399.47,Caixa 08,Aprovada
SLS-12558,CUST409,Rede da Cruz Eireli,STR-008,Matriz Fortaleza,CE,Fortaleza,PROD-LOJA,VendeFácil Loja,2025-04-27 08:16:04,Cartão de Crédito,1374.75,Caixa 03,Aprovada
SLS-12559,CUST1247,Centro de Aparecida Eireli,STR-011,Filial Shopping Brasília,DF,Brasília,PROD-ANALYTICS,VendeFácil Analytics,2025-11-12 17:01:03,PIX,314.56,Caixa 01,Estornada
SLS-12560,CUST024,Casa do Sá Ltda,STR-014,Filial Shopping Rio Verde,GO,Rio Verde,PROD-LOJA,VendeFácil Loja,2025-04-26 10:43:19,Cartão de Débito,1055.73,Caixa 01,Aprovada
SLS-12561,CUST1220,Atacado Gonçalves Eireli,STR-048,Matriz Caucaia,CE,Caucaia,PROD-PAY,VendeFácil Pay,2025-12-25 12:57:34,Dinheiro,2256.48,Caixa 06,Aprovada
SLS-12562,CUST1427,Lojas Vieira Comercial,STR-047,Matriz Vitória da Conquista,BA,Vitória da Conquista,PROD-PAY,VendeFácil Pay,2025-09-17 03:21:40,Boleto Bancário,1644.97,Caixa 01,Estornada
SLS-12563,CUST1610,Comércio de da Rocha Ltda,STR-009,Express Jaboatão dos Guararapes,PE,Jaboatão dos Guararapes,PROD-LOJA,VendeFácil Loja,2025-10-21 21:30:32,Cartão de Crédito,944.05,Caixa 01,Aprovada
SLS-12564,CUST365,Rede Casa Grande Comercial,STR-030,Filial Shopping Aparecida de Goiânia,GO,Aparecida de Goiânia,PROD-ESTOQUE,VendeFácil Estoque,2025-09-21 04:38:40,Boleto Bancário,1835.5,Caixa 01,Aprovada
SLS-12565,CUST024,Casa do Sá Ltda,STR-014,Filial Shopping Rio Verde,GO,Rio Verde,PROD-ESTOQUE,VendeFácil Estoque,2025-03-27 06:46:47,Cartão de Crédito,1787.71,Caixa 01,Aprovada
SLS-12566,CUST1637,Atacado Mendonça S.A.,STR-036,Matriz Contagem,MG,Contagem,PROD-ANALYTICS,VendeFácil Analytics,2025-01-08 10:33:09,Boleto Bancário,394.72,Caixa 01,Aprovada
SLS-12567,CUST1427,Lojas Vieira Comercial,STR-047,Matriz Vitória da Conquista,BA,Vitória da Conquista,PROD-PAY,VendeFácil Pay,2025-04-22 14:25:49,Dinheiro,1500.7,Caixa 02,Aprovada
SLS-12568,CUST1427,Lojas Vieira Comercial,STR-047,Matriz Vitória da Conquista,BA,Vitória da Conquista,PROD-ANALYTICS,VendeFácil Analytics,2025-05-11 00:13:55,Boleto Bancário,262.6,Caixa 02,Aprovada
SLS-12569,CUST1410,Empório Campos Ltda,STR-027,Filial Centro Porto Alegre,RS,Porto Alegre,PROD-LOJA,VendeFácil Loja,2025-07-25 00:27:21,PIX,1136.15,Caixa 02,Aprovada
SLS-12570,CUST210,Lojas Cunha Eireli,STR-046,Filial Zona Sul Niterói,RJ,Niterói,PROD-ESTOQUE,VendeFácil Estoque,2025-10-09 05:37:50,PIX,1779.53,Caixa 01,Estornada
SLS-12571,CUST1907,Mundo da Pimenta Comercial,STR-042,Filial Shopping Niterói,RJ,Niterói,PROD-ESTOQUE,VendeFácil Estoque,2025-03-03 21:09:16,Cartão de Crédito,1769.49,Caixa 02,Cancelada
SLS-12572,CUST1247,Centro de Aparecida Eireli,STR-011,Filial Shopping Brasília,DF,Brasília,PROD-PAY,VendeFácil Pay,2026-02-09 09:31:27,Boleto Bancário,518.32,Caixa 02,Estornada
SLS-12573,CUST024,Casa do Sá Ltda,STR-014,Filial Shopping Rio Verde,GO,Rio Verde,PROD-ESTOQUE,VendeFácil Estoque,2025-04-12 00:24:14,Cartão de Débito,1565.66,Caixa 01,Estornada
SLS-12574,CUST009,Empório Gourmet Mineiro,STR-038,Express Ouro Preto,MG,Ouro Preto,PROD-ANALYTICS,VendeFácil Analytics,2025-10-19 06:02:51,PIX,880.09,Caixa 01,Estornada
SLS-12575,CUST034,Rede Pires Comercial,STR-026,Filial Shopping Caruaru,PE,Caruaru,PROD-LOJA,VendeFácil Loja,2025-10-06 12:49:38,Cartão de Crédito,494.9,Caixa 01,Aprovada
SLS-12576,CUST1907,Mundo da Pimenta Comercial,STR-042,Filial Shopping Niterói,RJ,Niterói,PROD-LOJA,VendeFácil Loja,2025-04-16 12:22:51,Dinheiro,1290.62,Caixa 02,Cancelada
SLS-12577,CUST1637,Atacado Mendonça S.A.,STR-036,Matriz Contagem,MG,Contagem,PROD-PDV,VendeFácil PDV,2025-09-24 23:57:02,Cartão de Débito,879.98,Caixa 04,Aprovada
SLS-12578,CUST1037,Casa do Sampaio S.A.,STR-007,Express Cascavel,PR,Cascavel,PROD-LOJA,VendeFácil Loja,2025-04-03 04:18:32,PIX,1358.94,Caixa 04,Aprovada
SLS-12579,CUST1637,Atacado Mendonça S.A.,STR-036,Matriz Contagem,MG,Contagem,PROD-PDV,VendeFácil PDV,2025-08-31 00:41:27,Cartão de Débito,651.92,Caixa 06,Aprovada
SLS-12580,CUST625,Comércio de Macedo Eireli,STR-025,Matriz Chapecó,SC,Chapecó,PROD-PAY,VendeFácil Pay,2025-02-18 03:01:40,Boleto Bancário,2285.3,Caixa 01,Aprovada
SLS-12581,CUST1220,Atacado Gonçalves Eireli,STR-048,Matriz Caucaia,CE,Caucaia,PROD-PAY,VendeFácil Pay,2026-02-17 22:46:15,Cartão de Débito,1826.69,Caixa 03,Aprovada
SLS-12582,CUST1875,Empório da Cunha Eireli,STR-005,Filial Shopping Rio de Janeiro,RJ,Rio de Janeiro,PROD-ESTOQUE,VendeFácil Estoque,2025-09-13 20:53:30,Cartão de Crédito,1862.88,Caixa 01,Aprovada
SLS-12583,CUST102,Rede Cardoso Me,STR-013,Filial Centro Uberlândia,MG,Uberlândia,PROD-ANALYTICS,VendeFácil Analytics,2025-06-22 20:58:43,Boleto Bancário,374.09,Caixa 01,Aprovada
SLS-12584,CUST1612,Comércio de Garcia Me,STR-028,Filial Centro Uberaba,MG,Uberaba,PROD-ANALYTICS,VendeFácil Analytics,2025-09-01 17:46:18,Cartão de Débito,647.57,Caixa 03,Cancelada
SLS-12585,CUST1612,Comércio de Garcia Me,STR-028,Filial Centro Uberaba,MG,Uberaba,PROD-ESTOQUE,VendeFácil Estoque,2026-02-02 11:14:08,PIX,1213.43,Caixa 01,Cancelada
SLS-12586,CUST833,Lojas Azevedo Comercial,STR-023,Filial Centro Taguatinga,DF,Taguatinga,PROD-PAY,VendeFácil Pay,2025-01-13 19:56:31,Dinheiro,2502.35,Caixa 03,Aprovada
SLS-12587,CUST1139,Empório Freitas Me,STR-032,Filial Bairro Juiz de Fora,MG,Juiz de Fora,PROD-ESTOQUE,VendeFácil Estoque,2025-04-09 07:17:57,Dinheiro,1394.33,Caixa 08,Aprovada
SLS-12588,CUST409,Rede da Cruz Eireli,STR-008,Matriz Fortaleza,CE,Fortaleza,PROD-PDV,VendeFácil PDV,2025-01-17 03:25:17,PIX,394.28,Caixa 03,Aprovada
SLS-12589,CUST552,Distribuidora Cavalcante Eireli,STR-022,Filial Bairro Jaboatão dos Guararapes,PE,Jaboatão dos Guararapes,PROD-PAY,VendeFácil Pay,2025-01-01 11:12:26,Cartão de Débito,666.62,Caixa 01,Aprovada
SLS-12590,CUST835,Empório Marques Me,STR-017,Filial Centro Santos,SP,Santos,PROD-PAY,VendeFácil Pay,2025-03-22 02:42:56,Cartão de Débito,3078.61,Caixa 05,Aprovada
SLS-12591,CUST1867,Lojas Teixeira Ltda,STR-006,Matriz Caxias do Sul,RS,Caxias do Sul,PROD-PAY,VendeFácil Pay,2025-07-21 03:32:26,Boleto Bancário,2436.47,Caixa 03,Aprovada
SLS-12592,CUST210,Lojas Cunha Eireli,STR-046,Filial Zona Sul Niterói,RJ,Niterói,PROD-PDV,VendeFácil PDV,2025-06-09 22:53:43,Dinheiro,658.17,Caixa 01,Aprovada
SLS-12593,CUST1187,Mercado Almeida S.A.,STR-031,Filial Centro Vila Velha,ES,Vila Velha,PROD-PAY,VendeFácil Pay,2025-12-05 00:58:27,Boleto Bancário,1473.48,Caixa 02,Aprovada
SLS-12594,CUST224,Empório Moraes Ltda,STR-043,Filial Bairro Rio Verde,GO,Rio Verde,PROD-ANALYTICS,VendeFácil Analytics,2025-08-20 06:36:30,PIX,658.82,Caixa 04,Aprovada
SLS-12595,CUST005,Materiais de Construção Silva,STR-003,Matriz Juiz de Fora,MG,Juiz de Fora,PROD-ESTOQUE,VendeFácil Estoque,2026-01-25 07:03:04,Boleto Bancário,759.99,Caixa 03,Aprovada
SLS-12596,CUST1611,Comércio de Fogaça S.A.,STR-044,Filial Zona Sul Caucaia,CE,Caucaia,PROD-PDV,VendeFácil PDV,2025-07-06 18:31:44,Boleto Bancário,656.51,Caixa 04,Aprovada
SLS-12597,CUST714,Rede Borges Ltda,STR-018,Filial Zona Sul Porto Alegre,RS,Porto Alegre,PROD-LOJA,VendeFácil Loja,2025-11-14 17:04:29,PIX,1127.68,Caixa 01,Aprovada
SLS-12598,CUST1611,Comércio de Fogaça S.A.,STR-044,Filial Zona Sul Caucaia,CE,Caucaia,PROD-PAY,VendeFácil Pay,2025-04-11 05:42:52,Boleto Bancário,1511.38,Caixa 01,Aprovada
SLS-12599,CUST1611,Comércio de Fogaça S.A.,STR-044,Filial Zona Sul Caucaia,CE,Caucaia,PROD-LOJA,VendeFácil Loja,2025-12-14 22:31:18,PIX,1315.23,Caixa 04,Estornada
SLS-12600,CUST1139,Empório Freitas Me,STR-032,Filial Bairro Juiz de Fora,MG,Juiz de Fora,PROD-ESTOQUE,VendeFácil Estoque,2026-01-09 15:03:45,PIX,1707.56,Caixa 010,Aprovada
SLS-12601,CUST1398,Centro de Andrade Ltda,STR-033,Filial Zona Sul Curitiba,PR,Curitiba,PROD-ANALYTICS,VendeFácil Analytics,2025-09-18 20:05:28,Dinheiro,857.24,Caixa 03,Cancelada
SLS-12602,CUST1410,Empório Campos Ltda,STR-027,Filial Centro Porto Alegre,RS,Porto Alegre,PROD-PDV,VendeFácil PDV,2025-01-18 19:04:08,Cartão de Débito,713.72,Caixa 02,Aprovada
SLS-12603,CUST833,Lojas Azevedo Comercial,STR-023,Filial Centro Taguatinga,DF,Taguatinga,PROD-ANALYTICS,VendeFácil Analytics,2025-09-03 21:31:24,Cartão de Débito,830.49,Caixa 04,Aprovada
SLS-12604,CUST714,Rede Borges Ltda,STR-018,Filial Zona Sul Porto Alegre,RS,Porto Alegre,PROD-ANALYTICS,VendeFácil Analytics,2025-01-27 06:07:28,Boleto Bancário,390.54,Caixa 01,Aprovada
SLS-12605,CUST1139,Empório Freitas Me,STR-032,Filial Bairro Juiz de Fora,MG,Juiz de Fora,PROD-ANALYTICS,VendeFácil Analytics,2026-02-15 12:46:00,Dinheiro,525.6,Caixa 05,Estornada
SLS-12606,CUST552,Distribuidora Cavalcante Eireli,STR-022,Filial Bairro Jaboatão dos Guararapes,PE,Jaboatão dos Guararapes,PROD-ANALYTICS,VendeFácil Analytics,2025-12-02 14:05:57,Boleto Bancário,683.31,Caixa 02,Aprovada
SLS-12607,CUST1220,Atacado Gonçalves Eireli,STR-048,Matriz Caucaia,CE,Caucaia,PROD-LOJA,VendeFácil Loja,2025-07-01 22:52:40,Cartão de Crédito,695.33,Caixa 04,Aprovada
SLS-12608,CUST140,Atacado da Rocha Ltda,STR-021,Express Salvador,BA,Salvador,PROD-PDV,VendeFácil PDV,2026-01-03 23:14:52,Cartão de Crédito,486.72,Caixa 06,Aprovada
SLS-12609,CUST1629,Mundo da Vieira Comercial,STR-029,Matriz Águas Claras,DF,Águas Claras,PROD-ESTOQUE,VendeFácil Estoque,2025-11-04 23:34:23,PIX,1323.15,Caixa 03,Estornada
SLS-12610,CUST1220,Atacado Gonçalves Eireli,STR-048,Matriz Caucaia,CE,Caucaia,PROD-PAY,VendeFácil Pay,2025-07-23 11:27:44,Cartão de Crédito,2032.21,Caixa 03,Aprovada
SLS-12611,CUST001,Supermercado Boa Compra,STR-002,Filial Savassi,MG,Belo Horizonte,PROD-ANALYTICS,VendeFácil Analytics,2026-02-17 12:43:16,Cartão de Débito,637.78,Caixa 01,Aprovada
SLS-12612,CUST1689,Comércio de Ribeiro Comercial,STR-034,Filial Zona Sul Caucaia,CE,Caucaia,PROD-LOJA,VendeFácil Loja,2025-04-28 19:22:22,Cartão de Crédito,610.58,Caixa 02,Aprovada
SLS-12613,CUST009,Empório Gourmet Mineiro,STR-038,Express Ouro Preto,MG,Ouro Preto,PROD-ESTOQUE,VendeFácil Estoque,2026-01-05 22:06:22,PIX,859.04,Caixa 01,Aprovada
SLS-12614,CUST1220,Atacado Gonçalves Eireli,STR-048,Matriz Caucaia,CE,Caucaia,PROD-PDV,VendeFácil PDV,2025-12-23 10:04:27,PIX,606.35,Caixa 04,Aprovada
SLS-12615,CUST008,Auto Peças Central,STR-004,Matriz Ribeirão Preto,SP,Ribeirão Preto,PROD-LOJA,VendeFácil Loja,2025-02-14 12:48:24,PIX,1191.1,Caixa 07,Aprovada
SLS-12616,CUST1903,Comércio de Ferreira Ltda,STR-012,Filial Shopping Caucaia,CE,Caucaia,PROD-LOJA,VendeFácil Loja,2025-01-16 11:26:26,PIX,440.94,Caixa 02,Aprovada
SLS-12617,CUST1499,Distribuidora Costa Me,STR-024,Filial Centro Sorocaba,SP,Sorocaba,PROD-ESTOQUE,VendeFácil Estoque,2025-09-30 16:27:18,Dinheiro,1133.5,Caixa 04,Aprovada
SLS-12618,CUST034,Rede Pires Comercial,STR-026,Filial Shopping Caruaru,PE,Caruaru,PROD-LOJA,VendeFácil Loja,2025-11-28 15:32:53,Cartão de Débito,1157.74,Caixa 01,Aprovada
SLS-12619,CUST1220,Atacado Gonçalves Eireli,STR-048,Matriz Caucaia,CE,Caucaia,PROD-ESTOQUE,VendeFácil Estoque,2025-04-22 04:58:10,Boleto Bancário,782.88,Caixa 07,Cancelada
SLS-12620,CUST934,Lojas Campos Ltda,STR-040,Express Brasília,DF,Brasília,PROD-LOJA,VendeFácil Loja,2025-02-27 12:13:17,Dinheiro,552.77,Caixa 01,Estornada
SLS-12621,CUST556,Lojas Cunha S.A.,STR-049,Filial Bairro Santa Maria,RS,Santa Maria,PROD-LOJA,VendeFácil Loja,2025-02-05 01:56:35,PIX,413.47,Caixa 03,Aprovada
SLS-12622,CUST1612,Comércio de Garcia Me,STR-028,Filial Centro Uberaba,MG,Uberaba,PROD-ANALYTICS,VendeFácil Analytics,2026-02-16 19:25:03,PIX,727.44,Caixa 03,Aprovada
SLS-12623,CUST034,Rede Pires Comercial,STR-026,Filial Shopping Caruaru,PE,Caruaru,PROD-PAY,VendeFácil Pay,2025-05-15 21:33:01,Boleto Bancário,1537.81,Caixa 01,Aprovada
SLS-12624,CUST1689,Comércio de Ribeiro Comercial,STR-034,Filial Zona Sul Caucaia,CE,Caucaia,PROD-ESTOQUE,VendeFácil Estoque,2025-01-12 15:33:02,PIX,882.74,Caixa 01,Aprovada
SLS-12625,CUST1629,Mundo da Vieira Comercial,STR-029,Matriz Águas Claras,DF,Águas Claras,PROD-LOJA,VendeFácil Loja,2025-05-19 17:13:24,Dinheiro,1044.95,Caixa 03,Aprovada
SLS-12626,CUST833,Lojas Azevedo Comercial,STR-023,Filial Centro Taguatinga,DF,Taguatinga,PROD-ESTOQUE,VendeFácil Estoque,2025-07-29 01:09:15,Cartão de Crédito,1623.18,Caixa 01,Estornada
SLS-12627,CUST034,Rede Pires Comercial,STR-026,Filial Shopping Caruaru,PE,Caruaru,PROD-PAY,VendeFácil Pay,2025-08-29 12:09:53,Boleto Bancário,2373.53,Caixa 01,Aprovada
SLS-12628,CUST1867,Lojas Teixeira Ltda,STR-006,Matriz Caxias do Sul,RS,Caxias do Sul,PROD-PAY,VendeFácil Pay,2025-12-15 04:21:35,Cartão de Crédito,1907.15,Caixa 02,Estornada
SLS-12629,CUST034,Rede Pires Comercial,STR-026,Filial Shopping Caruaru,PE,Caruaru,PROD-PDV,VendeFácil PDV,2025-04-22 20:45:09,PIX,418.78,Caixa 01,Aprovada
SLS-12630,CUST835,Empório Marques Me,STR-017,Filial Centro Santos,SP,Santos,PROD-PAY,VendeFácil Pay,2025-11-27 21:25:03,Dinheiro,2996.87,Caixa 06,Aprovada
SLS-12631,CUST1490,Mundo da da Mota Me,STR-045,Filial Shopping Vila Velha,ES,Vila Velha,PROD-ESTOQUE,VendeFácil Estoque,2025-05-08 18:08:23,Boleto Bancário,1883.41,Caixa 02,Aprovada
SLS-12632,CUST552,Distribuidora Cavalcante Eireli,STR-022,Filial Bairro Jaboatão dos Guararapes,PE,Jaboatão dos Guararapes,PROD-PAY,VendeFácil Pay,2026-02-03 00:25:34,Boleto Bancário,1844.76,Caixa 01,Estornada
SLS-12633,CUST556,Lojas Cunha S.A.,STR-049,Filial Bairro Santa Maria,RS,Santa Maria,PROD-LOJA,VendeFácil Loja,2025-03-02 01:05:27,Boleto Bancário,686.73,Caixa 02,Aprovada
SLS-12634,CUST365,Rede Casa Grande Comercial,STR-030,Filial Shopping Aparecida de Goiânia,GO,Aparecida de Goiânia,PROD-ESTOQUE,VendeFácil Estoque,2026-01-25 19:34:56,Cartão de Débito,1147.64,Caixa 03,Cancelada
SLS-12635,CUST102,Rede Cardoso Me,STR-013,Filial Centro Uberlândia,MG,Uberlândia,PROD-PDV,VendeFácil PDV,2025-04-27 09:15:32,Dinheiro,804.37,Caixa 01,Aprovada
SLS-12636,CUST024,Casa do Sá Ltda,STR-014,Filial Shopping Rio Verde,GO,Rio Verde,PROD-LOJA,VendeFácil Loja,2025-12-04 10:22:02,PIX,1353.45,Caixa 01,Cancelada
SLS-12637,CUST1610,Comércio de da Rocha Ltda,STR-009,Express Jaboatão dos Guararapes,PE,Jaboatão dos Guararapes,PROD-ESTOQUE,VendeFácil Estoque,2025-09-21 02:06:10,Dinheiro,504.74,Caixa 01,Aprovada
SLS-12638,CUST1637,Atacado Mendonça S.A.,STR-036,Matriz Contagem,MG,Contagem,PROD-PAY,VendeFácil Pay,2025-05-06 14:11:52,Cartão de Débito,852.2,Caixa 01,Aprovada
SLS-12639,CUST1139,Empório Freitas Me,STR-032,Filial Bairro Juiz de Fora,MG,Juiz de Fora,PROD-PAY,VendeFácil Pay,2025-06-16 22:43:31,Dinheiro,2589.32,Caixa 05,Aprovada
SLS-12640,CUST005,Materiais de Construção Silva,STR-003,Matriz Juiz de Fora,MG,Juiz de Fora,PROD-PAY,VendeFácil Pay,2025-12-04 20:50:43,Cartão de Débito,3089.62,Caixa 05,Aprovada
SLS-12641,CUST001,Supermercado Boa Compra,STR-002,Filial Savassi,MG,Belo Horizonte,PROD-ESTOQUE,VendeFácil Estoque,2025-11-17 01:13:33,Boleto Bancário,1423.24,Caixa 03,Aprovada
SLS-12642,CUST001,Supermercado Boa Compra,STR-001,Filial Matriz - Centro BH,MG,Belo Horizonte,PROD-LOJA,VendeFácil Loja,2025-03-21 15:24:46,Dinheiro,1083.74,Caixa 01,Aprovada
SLS-12643,CUST1220,Atacado Gonçalves Eireli,STR-048,Matriz Caucaia,CE,Caucaia,PROD-ESTOQUE,VendeFácil Estoque,2025-04-16 23:37:42,PIX,1829.41,Caixa 05,Cancelada
SLS-12644,CUST224,Empório Moraes Ltda,STR-043,Filial Bairro Rio Verde,GO,Rio Verde,PROD-ANALYTICS,VendeFácil Analytics,2025-07-15 07:07:48,Cartão de Crédito,264.93,Caixa 05,Aprovada
SLS-12645,CUST1271,Mundo da da Cruz Ltda,STR-016,Filial Zona Sul Olinda,PE,Olinda,PROD-ANALYTICS,VendeFácil Analytics,2025-06-30 09:38:19,PIX,934.93,Caixa 01,Aprovada
SLS-12646,CUST717,Rede da Mota S.A.,STR-039,Filial Shopping Cariacica,ES,Cariacica,PROD-PAY,VendeFácil Pay,2025-03-02 12:51:37,Cartão de Débito,2519.18,Caixa 01,Aprovada
SLS-12647,CUST1611,Comércio de Fogaça S.A.,STR-044,Filial Zona Sul Caucaia,CE,Caucaia,PROD-ESTOQUE,VendeFácil Estoque,2025-03-25 00:56:15,PIX,707.49,Caixa 03,Aprovada
SLS-12648,CUST1867,Lojas Teixeira Ltda,STR-006,Matriz Caxias do Sul,RS,Caxias do Sul,PROD-LOJA,VendeFácil Loja,2025-01-03 00:48:02,Cartão de Débito,532.11,Caixa 01,Estornada
SLS-12649,CUST1162,Empório Monteiro Eireli,STR-035,Filial Zona Sul Juazeiro do Norte,CE,Juazeiro do Norte,PROD-PDV,VendeFácil PDV,2026-01-24 13:59:58,Dinheiro,418.21,Caixa 01,Aprovada
SLS-12650,CUST1689,Comércio de Ribeiro Comercial,STR-034,Filial Zona Sul Caucaia,CE,Caucaia,PROD-PDV,VendeFácil PDV,2026-02-05 01:11:04,Dinheiro,478.26,Caixa 01,Aprovada
SLS-12651,CUST1887,Mercado Aparecida Ltda,STR-020,Filial Bairro Serra,ES,Serra,PROD-LOJA,VendeFácil Loja,2025-12-29 16:19:17,Cartão de Crédito,1405.9,Caixa 02,Aprovada
SLS-12652,CUST556,Lojas Cunha S.A.,STR-049,Filial Bairro Santa Maria,RS,Santa Maria,PROD-ANALYTICS,VendeFácil Analytics,2025-11-04 16:16:38,Cartão de Crédito,660.84,Caixa 03,Estornada
SLS-12653,CUST108,Lojas Abreu Ltda,STR-010,Matriz São Paulo,SP,São Paulo,PROD-LOJA,VendeFácil Loja,2025-11-23 11:55:15,Cartão de Crédito,974.16,Caixa 01,Aprovada
SLS-12654,CUST1867,Lojas Teixeira Ltda,STR-006,Matriz Caxias do Sul,RS,Caxias do Sul,PROD-ESTOQUE,VendeFácil Estoque,2025-09-06 05:17:29,Cartão de Crédito,1629.39,Caixa 02,Aprovada
SLS-12655,CUST714,Rede Borges Ltda,STR-018,Filial Zona Sul Porto Alegre,RS,Porto Alegre,PROD-ESTOQUE,VendeFácil Estoque,2025-10-28 12:55:35,PIX,1241.62,Caixa 01,Aprovada
SLS-12656,CUST1499,Distribuidora Costa Me,STR-024,Filial Centro Sorocaba,SP,Sorocaba,PROD-ANALYTICS,VendeFácil Analytics,2025-12-18 15:14:53,Dinheiro,798.41,Caixa 02,Aprovada
SLS-12657,CUST552,Distribuidora Cavalcante Eireli,STR-022,Filial Bairro Jaboatão dos Guararapes,PE,Jaboatão dos Guararapes,PROD-PDV,VendeFácil PDV,2025-05-05 01:57:10,Dinheiro,416.92,Caixa 02,Estornada
SLS-12658,CUST1427,Lojas Vieira Comercial,STR-047,Matriz Vitória da Conquista,BA,Vitória da Conquista,PROD-PAY,VendeFácil Pay,2025-06-18 11:02:38,Cartão de Débito,2330.39,Caixa 02,Aprovada
SLS-12659,CUST1037,Casa do Sampaio S.A.,STR-007,Express Cascavel,PR,Cascavel,PROD-LOJA,VendeFácil Loja,2025-01-08 10:42:37,Dinheiro,1005.39,Caixa 02,Estornada
SLS-12660,CUST140,Atacado da Rocha Ltda,STR-021,Express Salvador,BA,Salvador,PROD-PDV,VendeFácil PDV,2025-09-19 20:49:47,Cartão de Crédito,703.38,Caixa 05,Aprovada
SLS-12661,CUST210,Lojas Cunha Eireli,STR-046,Filial Zona Sul Niterói,RJ,Niterói,PROD-PDV,VendeFácil PDV,2025-05-02 12:06:13,PIX,589.55,Caixa 02,Cancelada
SLS-12662,CUST1499,Distribuidora Costa Me,STR-024,Filial Centro Sorocaba,SP,Sorocaba,PROD-LOJA,VendeFácil Loja,2025-11-04 07:39:28,Cartão de Débito,1345.65,Caixa 09,Cancelada
SLS-12663,CUST1875,Empório da Cunha Eireli,STR-005,Filial Shopping Rio de Janeiro,RJ,Rio de Janeiro,PROD-PDV,VendeFácil PDV,2025-09-17 04:52:57,Cartão de Crédito,591.18,Caixa 02,Aprovada
SLS-12664,CUST1629,Mundo da Vieira Comercial,STR-029,Matriz Águas Claras,DF,Águas Claras,PROD-ANALYTICS,VendeFácil Analytics,2025-11-18 18:04:57,Boleto Bancário,440.06,Caixa 05,Aprovada
SLS-12665,CUST1499,Distribuidora Costa Me,STR-024,Filial Centro Sorocaba,SP,Sorocaba,PROD-PDV,VendeFácil PDV,2025-03-06 07:53:39,Dinheiro,591.58,Caixa 05,Estornada
SLS-12666,CUST009,Empório Gourmet Mineiro,STR-038,Express Ouro Preto,MG,Ouro Preto,PROD-ESTOQUE,VendeFácil Estoque,2025-09-05 21:42:16,Boleto Bancário,1407.39,Caixa 01,Aprovada
SLS-12667,CUST008,Auto Peças Central,STR-004,Matriz Ribeirão Preto,SP,Ribeirão Preto,PROD-LOJA,VendeFácil Loja,2025-06-19 13:15:34,Dinheiro,1481.43,Caixa 09,Aprovada
SLS-12668,CUST065,Centro de da Rocha Ltda,STR-037,Express Rio Verde,GO,Rio Verde,PROD-ANALYTICS,VendeFácil Analytics,2025-08-25 09:39:13,PIX,555.46,Caixa 02,Aprovada
SLS-12669,CUST1611,Comércio de Fogaça S.A.,STR-044,Filial Zona Sul Caucaia,CE,Caucaia,PROD-LOJA,VendeFácil Loja,2026-02-08 15:21:22,Boleto Bancário,520.33,Caixa 03,Aprovada
SLS-12670,CUST009,Empório Gourmet Mineiro,STR-038,Express Ouro Preto,MG,Ouro Preto,PROD-LOJA,VendeFácil Loja,2025-01-16 06:08:39,Boleto Bancário,868.33,Caixa 01,Cancelada
SLS-12671,CUST1427,Lojas Vieira Comercial,STR-047,Matriz Vitória da Conquista,BA,Vitória da Conquista,PROD-PDV,VendeFácil PDV,2025-07-12 10:57:49,PIX,772.41,Caixa 01,Aprovada
SLS-12672,CUST108,Lojas Abreu Ltda,STR-010,Matriz São Paulo,SP,São Paulo,PROD-ANALYTICS,VendeFácil Analytics,2025-07-23 13:07:24,Cartão de Crédito,813.69,Caixa 02,Aprovada
SLS-12673,CUST409,Rede da Cruz Eireli,STR-008,Matriz Fortaleza,CE,Fortaleza,PROD-ESTOQUE,VendeFácil Estoque,2025-05-22 03:45:29,Boleto Bancário,1840.54,Caixa 03,Aprovada
SLS-12674,CUST008,Auto Peças Central,STR-004,Matriz Ribeirão Preto,SP,Ribeirão Preto,PROD-LOJA,VendeFácil Loja,2025-07-06 12:14:51,Dinheiro,657.13,Caixa 05,Aprovada
SLS-12675,CUST833,Lojas Azevedo Comercial,STR-023,Filial Centro Taguatinga,DF,Taguatinga,PROD-LOJA,VendeFácil Loja,2025-07-06 15:50:34,Cartão de Crédito,1453.62,Caixa 07,Cancelada
SLS-12676,CUST224,Empório Moraes Ltda,STR-043,Filial Bairro Rio Verde,GO,Rio Verde,PROD-ESTOQUE,VendeFácil Estoque,2025-07-10 23:57:28,Boleto Bancário,1532.04,Caixa 04,Aprovada
SLS-12677,CUST1398,Centro de Andrade Ltda,STR-033,Filial Zona Sul Curitiba,PR,Curitiba,PROD-PAY,VendeFácil Pay,2026-02-05 22:18:35,Cartão de Débito,2380.71,Caixa 02,Estornada
SLS-12678,CUST009,Empório Gourmet Mineiro,STR-038,Express Ouro Preto,MG,Ouro Preto,PROD-PDV,VendeFácil PDV,2025-09-15 15:11:46,PIX,508.6,Caixa 01,Aprovada
SLS-12679,CUST1867,Lojas Teixeira Ltda,STR-006,Matriz Caxias do Sul,RS,Caxias do Sul,PROD-LOJA,VendeFácil Loja,2025-12-15 17:10:06,Dinheiro,746.38,Caixa 02,Aprovada
SLS-12680,CUST1015,Distribuidora Montenegro Me,STR-041,Filial Centro Rio de Janeiro,RJ,Rio de Janeiro,PROD-PAY,VendeFácil Pay,2025-08-22 21:13:44,Cartão de Crédito,784.74,Caixa 09,Aprovada
SLS-12681,CUST005,Materiais de Construção Silva,STR-003,Matriz Juiz de Fora,MG,Juiz de Fora,PROD-PAY,VendeFácil Pay,2025-12-16 08:49:54,PIX,2111.32,Caixa 04,Aprovada
SLS-12682,CUST1689,Comércio de Ribeiro Comercial,STR-034,Filial Zona Sul Caucaia,CE,Caucaia,PROD-PAY,VendeFácil Pay,2025-09-17 19:53:27,Cartão de Débito,2045.76,Caixa 01,Aprovada
SLS-12683,CUST005,Materiais de Construção Silva,STR-003,Matriz Juiz de Fora,MG,Juiz de Fora,PROD-LOJA,VendeFácil Loja,2026-02-09 20:05:34,Cartão de Crédito,1052.91,Caixa 01,Aprovada
SLS-12684,CUST1499,Distribuidora Costa Me,STR-024,Filial Centro Sorocaba,SP,Sorocaba,PROD-ESTOQUE,VendeFácil Estoque,2025-03-30 01:35:29,Cartão de Crédito,1094.79,Caixa 01,Aprovada
SLS-12685,CUST934,Lojas Campos Ltda,STR-040,Express Brasília,DF,Brasília,PROD-ESTOQUE,VendeFácil Estoque,2025-12-18 08:38:31,Cartão de Crédito,1891.24,Caixa 02,Aprovada
SLS-12686,CUST1139,Empório Freitas Me,STR-032,Filial Bairro Juiz de Fora,MG,Juiz de Fora,PROD-PDV,VendeFácil PDV,2025-04-05 00:05:19,Cartão de Crédito,643.41,Caixa 08,Cancelada
SLS-12687,CUST1247,Centro de Aparecida Eireli,STR-011,Filial Shopping Brasília,DF,Brasília,PROD-PDV,VendeFácil PDV,2025-10-14 19:22:49,Dinheiro,464.08,Caixa 02,Aprovada
SLS-12688,CUST1629,Mundo da Vieira Comercial,STR-029,Matriz Águas Claras,DF,Águas Claras,PROD-PDV,VendeFácil PDV,2026-01-21 15:00:29,Boleto Bancário,583.43,Caixa 02,Estornada
SLS-12689,CUST714,Rede Borges Ltda,STR-018,Filial Zona Sul Porto Alegre,RS,Porto Alegre,PROD-ESTOQUE,VendeFácil Estoque,2026-01-14 00:17:15,Dinheiro,836.55,Caixa 01,Aprovada
SLS-12690,CUST475,Centro de Aragão Ltda,STR-019,Matriz Serra,ES,Serra,PROD-ANALYTICS,VendeFácil Analytics,2025-08-11 10:38:06,Boleto Bancário,444.67,Caixa 01,Aprovada
SLS-12691,CUST714,Rede Borges Ltda,STR-018,Filial Zona Sul Porto Alegre,RS,Porto Alegre,PROD-PDV,VendeFácil PDV,2025-05-12 16:51:39,Dinheiro,454.83,Caixa 01,Aprovada
SLS-12692,CUST717,Rede da Mota S.A.,STR-039,Filial Shopping Cariacica,ES,Cariacica,PROD-ANALYTICS,VendeFácil Analytics,2025-07-28 08:43:27,Boleto Bancário,665.72,Caixa 01,Cancelada
SLS-12693,CUST1867,Lojas Teixeira Ltda,STR-006,Matriz Caxias do Sul,RS,Caxias do Sul,PROD-PAY,VendeFácil Pay,2025-08-31 16:09:07,Cartão de Débito,932.43,Caixa 02,Aprovada
SLS-12694,CUST625,Comércio de Macedo Eireli,STR-025,Matriz Chapecó,SC,Chapecó,PROD-ANALYTICS,VendeFácil Analytics,2025-12-06 03:12:55,Cartão de Débito,902.58,Caixa 01,Aprovada
SLS-12695,CUST934,Lojas Campos Ltda,STR-040,Express Brasília,DF,Brasília,PROD-PAY,VendeFácil Pay,2025-11-12 12:11:43,Cartão de Crédito,393.72,Caixa 02,Aprovada
SLS-12696,CUST1612,Comércio de Garcia Me,STR-028,Filial Centro Uberaba,MG,Uberaba,PROD-LOJA,VendeFácil Loja,2025-12-01 05:14:57,Cartão de Crédito,1072.71,Caixa 01,Aprovada
SLS-12697,CUST1015,Distribuidora Montenegro Me,STR-041,Filial Centro Rio de Janeiro,RJ,Rio de Janeiro,PROD-PAY,VendeFácil Pay,2026-01-24 00:24:16,Dinheiro,2917.45,Caixa 07,Aprovada
SLS-12698,CUST401,Comércio de Costela Eireli,STR-050,Express Contagem,MG,Contagem,PROD-PAY,VendeFácil Pay,2025-07-18 14:13:00,Boleto Bancário,2109.66,Caixa 01,Aprovada
SLS-12699,CUST224,Empório Moraes Ltda,STR-043,Filial Bairro Rio Verde,GO,Rio Verde,PROD-ESTOQUE,VendeFácil Estoque,2025-03-13 20:59:28,Cartão de Crédito,852.06,Caixa 06,Estornada
SLS-12700,CUST1907,Mundo da Pimenta Comercial,STR-042,Filial Shopping Niterói,RJ,Niterói,PROD-LOJA,VendeFácil Loja,2025-07-16 20:23:44,Boleto Bancário,542.48,Caixa 01,Aprovada
SLS-12701,CUST365,Rede Casa Grande Comercial,STR-030,Filial Shopping Aparecida de Goiânia,GO,Aparecida de Goiânia,PROD-ESTOQUE,VendeFácil Estoque,2025-09-06 20:18:57,Cartão de Débito,569.32,Caixa 04,Estornada
SLS-12702,CUST210,Lojas Cunha Eireli,STR-046,Filial Zona Sul Niterói,RJ,Niterói,PROD-ESTOQUE,VendeFácil Estoque,2025-09-21 15:03:41,Boleto Bancário,1860.68,Caixa 03,Cancelada
SLS-12703,CUST140,Atacado da Rocha Ltda,STR-021,Express Salvador,BA,Salvador,PROD-PAY,VendeFácil Pay,2025-05-06 01:52:24,Cartão de Débito,2465.93,Caixa 06,Cancelada
SLS-12704,CUST625,Comércio de Macedo Eireli,STR-025,Matriz Chapecó,SC,Chapecó,PROD-LOJA,VendeFácil Loja,2025-12-12 16:21:37,Boleto Bancário,1113.42,Caixa 01,Aprovada
SLS-12705,CUST1398,Centro de Andrade Ltda,STR-033,Filial Zona Sul Curitiba,PR,Curitiba,PROD-PAY,VendeFácil Pay,2025-12-13 00:04:39,PIX,2762.34,Caixa 02,Aprovada
SLS-12706,CUST1220,Atacado Gonçalves Eireli,STR-048,Matriz Caucaia,CE,Caucaia,PROD-ANALYTICS,VendeFácil Analytics,2025-11-23 17:26:20,Boleto Bancário,432.8,Caixa 03,Cancelada
SLS-12707,CUST835,Empório Marques Me,STR-017,Filial Centro Santos,SP,Santos,PROD-ANALYTICS,VendeFácil Analytics,2025-04-25 06:01:46,Boleto Bancário,275.49,Caixa 04,Aprovada
SLS-12708,CUST835,Empório Marques Me,STR-017,Filial Centro Santos,SP,Santos,PROD-ANALYTICS,VendeFácil Analytics,2025-07-01 07:01:21,Cartão de Débito,809.75,Caixa 02,Aprovada
SLS-12709,CUST008,Auto Peças Central,STR-004,Matriz Ribeirão Preto,SP,Ribeirão Preto,PROD-ESTOQUE,VendeFácil Estoque,2025-02-14 18:34:20,Boleto Bancário,1150.18,Caixa 08,Estornada
SLS-12710,CUST1037,Casa do Sampaio S.A.,STR-007,Express Cascavel,PR,Cascavel,PROD-LOJA,VendeFácil Loja,2025-03-12 01:50:46,Cartão de Crédito,751.63,Caixa 02,Cancelada
SLS-12711,CUST1689,Comércio de Ribeiro Comercial,STR-034,Filial Zona Sul Caucaia,CE,Caucaia,PROD-PDV,VendeFácil PDV,2026-02-16 12:23:27,Boleto Bancário,552.0,Caixa 01,Aprovada
SLS-12712,CUST391,Distribuidora Oliveira Eireli,STR-015,Filial Bairro Anápolis,GO,Anápolis,PROD-PAY,VendeFácil Pay,2025-06-13 01:48:29,Dinheiro,381.02,Caixa 01,Aprovada
SLS-12713,CUST1903,Comércio de Ferreira Ltda,STR-012,Filial Shopping Caucaia,CE,Caucaia,PROD-ESTOQUE,VendeFácil Estoque,2025-12-30 20:29:08,Dinheiro,1783.37,Caixa 04,Aprovada
SLS-12714,CUST1410,Empório Campos Ltda,STR-027,Filial Centro Porto Alegre,RS,Porto Alegre,PROD-ESTOQUE,VendeFácil Estoque,2025-04-06 17:50:21,Dinheiro,1520.84,Caixa 01,Aprovada
SLS-12715,CUST1610,Comércio de da Rocha Ltda,STR-009,Express Jaboatão dos Guararapes,PE,Jaboatão dos Guararapes,PROD-ESTOQUE,VendeFácil Estoque,2025-10-08 03:29:15,PIX,1089.3,Caixa 01,Estornada
SLS-12716,CUST1139,Empório Freitas Me,STR-032,Filial Bairro Juiz de Fora,MG,Juiz de Fora,PROD-PDV,VendeFácil PDV,2025-07-06 05:30:05,Cartão de Crédito,675.69,Caixa 09,Aprovada
SLS-12717,CUST833,Lojas Azevedo Comercial,STR-023,Filial Centro Taguatinga,DF,Taguatinga,PROD-LOJA,VendeFácil Loja,2025-10-25 14:47:51,Cartão de Débito,1076.13,Caixa 01,Aprovada
SLS-12718,CUST1610,Comércio de da Rocha Ltda,STR-009,Express Jaboatão dos Guararapes,PE,Jaboatão dos Guararapes,PROD-PDV,VendeFácil PDV,2025-12-27 06:33:37,Cartão de Débito,682.87,Caixa 01,Aprovada
SLS-12719,CUST409,Rede da Cruz Eireli,STR-008,Matriz Fortaleza,CE,Fortaleza,PROD-LOJA,VendeFácil Loja,2025-04-21 11:31:28,Dinheiro,1302.01,Caixa 01,Aprovada
SLS-12720,CUST001,Supermercado Boa Compra,STR-001,Filial Matriz - Centro BH,MG,Belo Horizonte,PROD-ANALYTICS,VendeFácil Analytics,2025-09-03 13:20:09,PIX,404.58,Caixa 07,Aprovada
SLS-12721,CUST001,Supermercado Boa Compra,STR-001,Filial Matriz - Centro BH,MG,Belo Horizonte,PROD-ESTOQUE,VendeFácil Estoque,2025-03-13 03:57:32,Boleto Bancário,1309.14,Caixa 08,Aprovada
SLS-12722,CUST552,Distribuidora Cavalcante Eireli,STR-022,Filial Bairro Jaboatão dos Guararapes,PE,Jaboatão dos Guararapes,PROD-ESTOQUE,VendeFácil Estoque,2025-08-24 04:00:48,Cartão de Débito,1977.53,Caixa 01,Aprovada
SLS-12723,CUST005,Materiais de Construção Silva,STR-003,Matriz Juiz de Fora,MG,Juiz de Fora,PROD-ESTOQUE,VendeFácil Estoque,2025-02-12 22:11:40,Cartão de Crédito,1150.77,Caixa 02,Aprovada
SLS-12724,CUST1903,Comércio de Ferreira Ltda,STR-012,Filial Shopping Caucaia,CE,Caucaia,PROD-ANALYTICS,VendeFácil Analytics,2025-07-30 12:47:37,Boleto Bancário,849.13,Caixa 02,Aprovada
SLS-12725,CUST102,Rede Cardoso Me,STR-013,Filial Centro Uberlândia,MG,Uberlândia,PROD-PDV,VendeFácil PDV,2025-07-31 12:57:15,Cartão de Débito,625.5,Caixa 01,Aprovada
SLS-12726,CUST835,Empório Marques Me,STR-017,Filial Centro Santos,SP,Santos,PROD-LOJA,VendeFácil Loja,2025-06-19 12:19:11,Cartão de Crédito,857.29,Caixa 02,Aprovada
SLS-12727,CUST1611,Comércio de Fogaça S.A.,STR-044,Filial Zona Sul Caucaia,CE,Caucaia,PROD-ANALYTICS,VendeFácil Analytics,2025-11-19 17:13:26,PIX,350.78,Caixa 03,Aprovada
SLS-12728,CUST001,Supermercado Boa Compra,STR-001,Filial Matriz - Centro BH,MG,Belo Horizonte,PROD-LOJA,VendeFácil Loja,2026-01-19 15:53:49,Dinheiro,931.05,Caixa 07,Cancelada
SLS-12729,CUST001,Supermercado Boa Compra,STR-001,Filial Matriz - Centro BH,MG,Belo Horizonte,PROD-ANALYTICS,VendeFácil Analytics,2025-02-08 02:35:05,Cartão de Crédito,308.26,Caixa 02,Aprovada
SLS-12730,CUST365,Rede Casa Grande Comercial,STR-030,Filial Shopping Aparecida de Goiânia,GO,Aparecida de Goiânia,PROD-PAY,VendeFácil Pay,2025-04-14 06:33:42,Cartão de Crédito,1207.63,Caixa 02,Cancelada
SLS-12731,CUST391,Distribuidora Oliveira Eireli,STR-015,Filial Bairro Anápolis,GO,Anápolis,PROD-ESTOQUE,VendeFácil Estoque,2025-01-09 22:55:28,Cartão de Débito,896.24,Caixa 01,Estornada
SLS-12732,CUST009,Empório Gourmet Mineiro,STR-038,Express Ouro Preto,MG,Ouro Preto,PROD-LOJA,VendeFácil Loja,2025-02-11 15:14:27,Cartão de Débito,915.12,Caixa 01,Aprovada
SLS-12733,CUST009,Empório Gourmet Mineiro,STR-038,Express Ouro Preto,MG,Ouro Preto,PROD-ESTOQUE,VendeFácil Estoque,2025-03-16 03:56:31,Dinheiro,828.53,Caixa 01,Aprovada
SLS-12734,CUST1903,Comércio de Ferreira Ltda,STR-012,Filial Shopping Caucaia,CE,Caucaia,PROD-LOJA,VendeFácil Loja,2025-07-31 19:14:08,Cartão de Débito,1087.17,Caixa 03,Estornada
SLS-12735,CUST409,Rede da Cruz Eireli,STR-008,Matriz Fortaleza,CE,Fortaleza,PROD-PDV,VendeFácil PDV,2025-03-15 01:15:24,Cartão de Débito,387.16,Caixa 03,Aprovada
SLS-12736,CUST140,Atacado da Rocha Ltda,STR-021,Express Salvador,BA,Salvador,PROD-LOJA,VendeFácil Loja,2025-10-06 18:21:55,PIX,1254.75,Caixa 02,Aprovada
SLS-12737,CUST717,Rede da Mota S.A.,STR-039,Filial Shopping Cariacica,ES,Cariacica,PROD-ESTOQUE,VendeFácil Estoque,2025-05-26 14:14:55,Cartão de Débito,1567.87,Caixa 01,Aprovada
SLS-12738,CUST102,Rede Cardoso Me,STR-013,Filial Centro Uberlândia,MG,Uberlândia,PROD-ESTOQUE,VendeFácil Estoque,2025-01-04 11:29:40,Boleto Bancário,1545.92,Caixa 01,Estornada
SLS-12739,CUST1887,Mercado Aparecida Ltda,STR-020,Filial Bairro Serra,ES,Serra,PROD-ANALYTICS,VendeFácil Analytics,2025-12-25 01:55:38,PIX,654.35,Caixa 03,Aprovada
SLS-12740,CUST409,Rede da Cruz Eireli,STR-008,Matriz Fortaleza,CE,Fortaleza,PROD-LOJA,VendeFácil Loja,2025-04-30 16:24:52,Boleto Bancário,426.64,Caixa 03,Aprovada
SLS-12741,CUST1037,Casa do Sampaio S.A.,STR-007,Express Cascavel,PR,Cascavel,PROD-ANALYTICS,VendeFácil Analytics,2025-01-06 09:48:51,Boleto Bancário,293.04,Caixa 03,Aprovada
SLS-12742,CUST210,Lojas Cunha Eireli,STR-046,Filial Zona Sul Niterói,RJ,Niterói,PROD-PAY,VendeFácil Pay,2025-03-28 20:05:25,Cartão de Crédito,2690.57,Caixa 03,Cancelada
SLS-12743,CUST1220,Atacado Gonçalves Eireli,STR-048,Matriz Caucaia,CE,Caucaia,PROD-PDV,VendeFácil PDV,2025-08-18 23:22:20,Dinheiro,552.02,Caixa 05,Aprovada
SLS-12744,CUST365,Rede Casa Grande Comercial,STR-030,Filial Shopping Aparecida de Goiânia,GO,Aparecida de Goiânia,PROD-PAY,VendeFácil Pay,2025-08-16 13:39:08,PIX,1176.73,Caixa 01,Aprovada
SLS-12745,CUST1220,Atacado Gonçalves Eireli,STR-048,Matriz Caucaia,CE,Caucaia,PROD-PAY,VendeFácil Pay,2025-05-03 01:06:41,PIX,3043.47,Caixa 06,Aprovada
SLS-12746,CUST1427,Lojas Vieira Comercial,STR-047,Matriz Vitória da Conquista,BA,Vitória da Conquista,PROD-PAY,VendeFácil Pay,2025-02-12 13:46:40,Dinheiro,2411.85,Caixa 01,Aprovada
SLS-12747,CUST210,Lojas Cunha Eireli,STR-046,Filial Zona Sul Niterói,RJ,Niterói,PROD-PDV,VendeFácil PDV,2025-09-07 21:26:22,Cartão de Crédito,887.31,Caixa 02,Aprovada
SLS-12748,CUST1907,Mundo da Pimenta Comercial,STR-042,Filial Shopping Niterói,RJ,Niterói,PROD-PDV,VendeFácil PDV,2025-09-23 21:55:26,Cartão de Débito,740.25,Caixa 01,Aprovada
SLS-12749,CUST833,Lojas Azevedo Comercial,STR-023,Filial Centro Taguatinga,DF,Taguatinga,PROD-LOJA,VendeFácil Loja,2025-07-01 05:26:01,Cartão de Débito,1023.74,Caixa 06,Aprovada
SLS-12750,CUST001,Supermercado Boa Compra,STR-002,Filial Savassi,MG,Belo Horizonte,PROD-ANALYTICS,VendeFácil Analytics,2025-07-15 13:25:22,PIX,653.58,Caixa 04,Aprovada
SLS-12751,CUST001,Supermercado Boa Compra,STR-001,Filial Matriz - Centro BH,MG,Belo Horizonte,PROD-PAY,VendeFácil Pay,2025-11-28 11:39:47,Boleto Bancário,558.67,Caixa 03,Aprovada
SLS-12752,CUST409,Rede da Cruz Eireli,STR-008,Matriz Fortaleza,CE,Fortaleza,PROD-ESTOQUE,VendeFácil Estoque,2025-07-30 00:56:56,Cartão de Crédito,1947.51,Caixa 03,Estornada
SLS-12753,CUST625,Comércio de Macedo Eireli,STR-025,Matriz Chapecó,SC,Chapecó,PROD-PDV,VendeFácil PDV,2025-03-04 20:25:46,Boleto Bancário,626.77,Caixa 01,Estornada
SLS-12754,CUST409,Rede da Cruz Eireli,STR-008,Matriz Fortaleza,CE,Fortaleza,PROD-PAY,VendeFácil Pay,2026-02-08 08:01:12,Boleto Bancário,2618.54,Caixa 03,Estornada
SLS-12755,CUST1875,Empório da Cunha Eireli,STR-005,Filial Shopping Rio de Janeiro,RJ,Rio de Janeiro,PROD-LOJA,VendeFácil Loja,2025-10-20 00:07:37,Dinheiro,464.64,Caixa 02,Aprovada
SLS-12756,CUST008,Auto Peças Central,STR-004,Matriz Ribeirão Preto,SP,Ribeirão Preto,PROD-ESTOQUE,VendeFácil Estoque,2025-03-11 18:11:22,Boleto Bancário,1483.49,Caixa 09,Aprovada
SLS-12757,CUST833,Lojas Azevedo Comercial,STR-023,Filial Centro Taguatinga,DF,Taguatinga,PROD-PAY,VendeFácil Pay,2025-08-25 16:55:40,Boleto Bancário,2656.39,Caixa 01,Aprovada
SLS-12758,CUST714,Rede Borges Ltda,STR-018,Filial Zona Sul Porto Alegre,RS,Porto Alegre,PROD-PAY,VendeFácil Pay,2025-08-26 04:53:00,Boleto Bancário,1629.43,Caixa 01,Aprovada
SLS-12759,CUST065,Centro de da Rocha Ltda,STR-037,Express Rio Verde,GO,Rio Verde,PROD-ANALYTICS,VendeFácil Analytics,2025-11-28 23:53:08,Dinheiro,886.13,Caixa 03,Aprovada
SLS-12760,CUST001,Supermercado Boa Compra,STR-002,Filial Savassi,MG,Belo Horizonte,PROD-ANALYTICS,VendeFácil Analytics,2025-08-19 07:21:53,Cartão de Débito,923.23,Caixa 03,Aprovada
SLS-12761,CUST1490,Mundo da da Mota Me,STR-045,Filial Shopping Vila Velha,ES,Vila Velha,PROD-PAY,VendeFácil Pay,2025-12-18 04:04:49,Dinheiro,2555.96,Caixa 01,Aprovada
SLS-12762,CUST833,Lojas Azevedo Comercial,STR-023,Filial Centro Taguatinga,DF,Taguatinga,PROD-PDV,VendeFácil PDV,2025-04-15 13:24:46,Boleto Bancário,479.69,Caixa 08,Aprovada
SLS-12763,CUST1427,Lojas Vieira Comercial,STR-047,Matriz Vitória da Conquista,BA,Vitória da Conquista,PROD-PAY,VendeFácil Pay,2025-03-31 12:48:18,PIX,265.15,Caixa 02,Aprovada
SLS-12764,CUST1612,Comércio de Garcia Me,STR-028,Filial Centro Uberaba,MG,Uberaba,PROD-LOJA,VendeFácil Loja,2026-02-19 19:06:45,Boleto Bancário,1099.25,Caixa 02,Aprovada
SLS-12765,CUST1162,Empório Monteiro Eireli,STR-035,Filial Zona Sul Juazeiro do Norte,CE,Juazeiro do Norte,PROD-PAY,VendeFácil Pay,2025-03-08 04:06:51,Boleto Bancário,2286.28,Caixa 03,Cancelada
SLS-12766,CUST1629,Mundo da Vieira Comercial,STR-029,Matriz Águas Claras,DF,Águas Claras,PROD-LOJA,VendeFácil Loja,2025-09-13 16:25:30,Dinheiro,655.02,Caixa 05,Cancelada
SLS-12767,CUST224,Empório Moraes Ltda,STR-043,Filial Bairro Rio Verde,GO,Rio Verde,PROD-LOJA,VendeFácil Loja,2025-12-02 20:01:38,Cartão de Débito,629.94,Caixa 02,Aprovada
SLS-12768,CUST625,Comércio de Macedo Eireli,STR-025,Matriz Chapecó,SC,Chapecó,PROD-PAY,VendeFácil Pay,2025-10-30 17:06:01,PIX,648.78,Caixa 01,Aprovada
SLS-12769,CUST1867,Lojas Teixeira Ltda,STR-006,Matriz Caxias do Sul,RS,Caxias do Sul,PROD-ESTOQUE,VendeFácil Estoque,2025-02-01 13:50:02,Cartão de Débito,1124.42,Caixa 01,Aprovada
SLS-12770,CUST625,Comércio de Macedo Eireli,STR-025,Matriz Chapecó,SC,Chapecó,PROD-ANALYTICS,VendeFácil Analytics,2025-02-27 21:01:11,PIX,648.02,Caixa 01,Aprovada
SLS-12771,CUST1499,Distribuidora Costa Me,STR-024,Filial Centro Sorocaba,SP,Sorocaba,PROD-PDV,VendeFácil PDV,2025-04-19 22:49:57,PIX,482.47,Caixa 09,Aprovada
SLS-12772,CUST1637,Atacado Mendonça S.A.,STR-036,Matriz Contagem,MG,Contagem,PROD-PDV,VendeFácil PDV,2025-06-14 23:21:08,Boleto Bancário,636.4,Caixa 05,Estornada
SLS-12773,CUST1427,Lojas Vieira Comercial,STR-047,Matriz Vitória da Conquista,BA,Vitória da Conquista,PROD-ANALYTICS,VendeFácil Analytics,2025-07-11 08:27:07,Cartão de Crédito,480.6,Caixa 02,Aprovada
SLS-12774,CUST1612,Comércio de Garcia Me,STR-028,Filial Centro Uberaba,MG,Uberaba,PROD-ESTOQUE,VendeFácil Estoque,2025-01-28 04:56:33,Dinheiro,1496.55,Caixa 04,Aprovada
SLS-12775,CUST1187,Mercado Almeida S.A.,STR-031,Filial Centro Vila Velha,ES,Vila Velha,PROD-PDV,VendeFácil PDV,2025-02-28 06:46:58,Dinheiro,435.13,Caixa 01,Aprovada
SLS-12776,CUST1220,Atacado Gonçalves Eireli,STR-048,Matriz Caucaia,CE,Caucaia,PROD-PDV,VendeFácil PDV,2025-08-20 08:24:05,Dinheiro,875.72,Caixa 07,Aprovada
SLS-12777,CUST1610,Comércio de da Rocha Ltda,STR-009,Express Jaboatão dos Guararapes,PE,Jaboatão dos Guararapes,PROD-ESTOQUE,VendeFácil Estoque,2025-02-12 16:02:16,Boleto Bancário,1250.92,Caixa 01,Aprovada
SLS-12778,CUST1271,Mundo da da Cruz Ltda,STR-016,Filial Zona Sul Olinda,PE,Olinda,PROD-LOJA,VendeFácil Loja,2025-12-18 15:59:50,Cartão de Débito,1318.51,Caixa 01,Aprovada
SLS-12779,CUST140,Atacado da Rocha Ltda,STR-021,Express Salvador,BA,Salvador,PROD-ANALYTICS,VendeFácil Analytics,2025-12-21 18:01:13,Boleto Bancário,796.68,Caixa 010,Aprovada
SLS-12780,CUST365,Rede Casa Grande Comercial,STR-030,Filial Shopping Aparecida de Goiânia,GO,Aparecida de Goiânia,PROD-ESTOQUE,VendeFácil Estoque,2025-02-07 04:34:14,Cartão de Débito,805.41,Caixa 03,Aprovada
SLS-12781,CUST833,Lojas Azevedo Comercial,STR-023,Filial Centro Taguatinga,DF,Taguatinga,PROD-PAY,VendeFácil Pay,2025-12-23 02:47:05,PIX,2176.0,Caixa 08,Aprovada
SLS-12782,CUST005,Materiais de Construção Silva,STR-003,Matriz Juiz de Fora,MG,Juiz de Fora,PROD-PAY,VendeFácil Pay,2025-03-14 16:43:38,Cartão de Crédito,269.49,Caixa 03,Cancelada
SLS-12783,CUST005,Materiais de Construção Silva,STR-003,Matriz Juiz de Fora,MG,Juiz de Fora,PROD-ESTOQUE,VendeFácil Estoque,2025-07-14 21:32:12,Cartão de Débito,1161.55,Caixa 03,Aprovada
SLS-12784,CUST1903,Comércio de Ferreira Ltda,STR-012,Filial Shopping Caucaia,CE,Caucaia,PROD-PAY,VendeFácil Pay,2025-05-12 07:10:31,Cartão de Crédito,1838.32,Caixa 04,Cancelada
SLS-12785,CUST625,Comércio de Macedo Eireli,STR-025,Matriz Chapecó,SC,Chapecó,PROD-ANALYTICS,VendeFácil Analytics,2025-01-03 18:57:49,Dinheiro,470.8,Caixa 01,Aprovada
SLS-12786,CUST065,Centro de da Rocha Ltda,STR-037,Express Rio Verde,GO,Rio Verde,PROD-LOJA,VendeFácil Loja,2025-04-27 21:05:18,Cartão de Débito,685.28,Caixa 01,Aprovada
SLS-12787,CUST210,Lojas Cunha Eireli,STR-046,Filial Zona Sul Niterói,RJ,Niterói,PROD-PDV,VendeFácil PDV,2025-06-03 05:18:44,Boleto Bancário,770.94,Caixa 03,Aprovada
SLS-12788,CUST835,Empório Marques Me,STR-017,Filial Centro Santos,SP,Santos,PROD-ESTOQUE,VendeFácil Estoque,2025-06-28 10:08:11,Dinheiro,713.88,Caixa 01,Aprovada
SLS-12789,CUST1689,Comércio de Ribeiro Comercial,STR-034,Filial Zona Sul Caucaia,CE,Caucaia,PROD-PDV,VendeFácil PDV,2025-09-16 19:52:05,Dinheiro,574.46,Caixa 01,Aprovada
SLS-12790,CUST108,Lojas Abreu Ltda,STR-010,Matriz São Paulo,SP,São Paulo,PROD-PAY,VendeFácil Pay,2025-05-06 13:27:38,Boleto Bancário,3013.97,Caixa 02,Aprovada
SLS-12791,CUST1689,Comércio de Ribeiro Comercial,STR-034,Filial Zona Sul Caucaia,CE,Caucaia,PROD-PAY,VendeFácil Pay,2025-11-21 02:49:26,PIX,385.67,Caixa 02,Aprovada
SLS-12792,CUST102,Rede Cardoso Me,STR-013,Filial Centro Uberlândia,MG,Uberlândia,PROD-ANALYTICS,VendeFácil Analytics,2025-07-09 14:24:14,PIX,700.12,Caixa 01,Aprovada
SLS-12793,CUST1611,Comércio de Fogaça S.A.,STR-044,Filial Zona Sul Caucaia,CE,Caucaia,PROD-ANALYTICS,VendeFácil Analytics,2025-04-06 10:59:29,Cartão de Débito,886.01,Caixa 03,Aprovada
SLS-12794,CUST1247,Centro de Aparecida Eireli,STR-011,Filial Shopping Brasília,DF,Brasília,PROD-ESTOQUE,VendeFácil Estoque,2025-03-05 08:23:34,Cartão de Débito,1546.48,Caixa 02,Cancelada
SLS-12795,CUST210,Lojas Cunha Eireli,STR-046,Filial Zona Sul Niterói,RJ,Niterói,PROD-ESTOQUE,VendeFácil Estoque,2025-03-15 09:06:02,Dinheiro,913.89,Caixa 02,Aprovada
SLS-12796,CUST556,Lojas Cunha S.A.,STR-049,Filial Bairro Santa Maria,RS,Santa Maria,PROD-ESTOQUE,VendeFácil Estoque,2025-12-08 10:44:39,Cartão de Crédito,901.53,Caixa 02,Aprovada
SLS-12797,CUST934,Lojas Campos Ltda,STR-040,Express Brasília,DF,Brasília,PROD-LOJA,VendeFácil Loja,2025-05-13 17:11:43,PIX,1190.02,Caixa 01,Aprovada
SLS-12798,CUST008,Auto Peças Central,STR-004,Matriz Ribeirão Preto,SP,Ribeirão Preto,PROD-ESTOQUE,VendeFácil Estoque,2025-10-20 19:07:56,PIX,566.69,Caixa 010,Aprovada
SLS-12799,CUST1037,Casa do Sampaio S.A.,STR-007,Express Cascavel,PR,Cascavel,PROD-ESTOQUE,VendeFácil Estoque,2025-06-22 04:51:33,PIX,877.04,Caixa 02,Estornada
SLS-12800,CUST1903,Comércio de Ferreira Ltda,STR-012,Filial Shopping Caucaia,CE,Caucaia,PROD-ESTOQUE,VendeFácil Estoque,2025-03-26 10:35:50,PIX,1216.53,Caixa 04,Aprovada
SLS-12801,CUST625,Comércio de Macedo Eireli,STR-025,Matriz Chapecó,SC,Chapecó,PROD-PDV,VendeFácil PDV,2025-11-07 12:17:08,Boleto Bancário,486.67,Caixa 01,Cancelada
SLS-12802,CUST1427,Lojas Vieira Comercial,STR-047,Matriz Vitória da Conquista,BA,Vitória da Conquista,PROD-LOJA,VendeFácil Loja,2025-05-19 04:26:10,Cartão de Crédito,632.35,Caixa 01,Aprovada
SLS-12803,CUST034,Rede Pires Comercial,STR-026,Filial Shopping Caruaru,PE,Caruaru,PROD-PDV,VendeFácil PDV,2025-03-13 18:51:20,Cartão de Débito,879.48,Caixa 01,Aprovada
SLS-12804,CUST1612,Comércio de Garcia Me,STR-028,Filial Centro Uberaba,MG,Uberaba,PROD-LOJA,VendeFácil Loja,2025-10-10 04:14:39,Boleto Bancário,1107.94,Caixa 01,Estornada
SLS-12805,CUST1499,Distribuidora Costa Me,STR-024,Filial Centro Sorocaba,SP,Sorocaba,PROD-ANALYTICS,VendeFácil Analytics,2025-10-08 06:12:19,Dinheiro,291.68,Caixa 06,Aprovada
SLS-12806,CUST1220,Atacado Gonçalves Eireli,STR-048,Matriz Caucaia,CE,Caucaia,PROD-LOJA,VendeFácil Loja,2025-10-31 06:29:27,Cartão de Crédito,485.07,Caixa 05,Aprovada
SLS-12807,CUST1907,Mundo da Pimenta Comercial,STR-042,Filial Shopping Niterói,RJ,Niterói,PROD-PDV,VendeFácil PDV,2025-11-30 10:18:31,Cartão de Crédito,658.03,Caixa 02,Cancelada
SLS-12808,CUST409,Rede da Cruz Eireli,STR-008,Matriz Fortaleza,CE,Fortaleza,PROD-PDV,VendeFácil PDV,2025-05-26 00:14:56,PIX,466.86,Caixa 03,Aprovada
SLS-12809,CUST1490,Mundo da da Mota Me,STR-045,Filial Shopping Vila Velha,ES,Vila Velha,PROD-ANALYTICS,VendeFácil Analytics,2025-10-23 21:09:23,Cartão de Crédito,656.34,Caixa 02,Aprovada
SLS-12810,CUST1410,Empório Campos Ltda,STR-027,Filial Centro Porto Alegre,RS,Porto Alegre,PROD-ESTOQUE,VendeFácil Estoque,2025-01-03 04:23:41,Cartão de Crédito,1712.98,Caixa 01,Aprovada
SLS-12811,CUST1629,Mundo da Vieira Comercial,STR-029,Matriz Águas Claras,DF,Águas Claras,PROD-PDV,VendeFácil PDV,2025-03-19 01:52:48,Dinheiro,837.17,Caixa 06,Aprovada
SLS-12812,CUST1490,Mundo da da Mota Me,STR-045,Filial Shopping Vila Velha,ES,Vila Velha,PROD-ANALYTICS,VendeFácil Analytics,2025-11-13 18:19:14,Dinheiro,922.25,Caixa 02,Aprovada
SLS-12813,CUST1499,Distribuidora Costa Me,STR-024,Filial Centro Sorocaba,SP,Sorocaba,PROD-LOJA,VendeFácil Loja,2025-10-06 02:41:52,Dinheiro,553.03,Caixa 03,Cancelada
SLS-12814,CUST409,Rede da Cruz Eireli,STR-008,Matriz Fortaleza,CE,Fortaleza,PROD-ANALYTICS,VendeFácil Analytics,2025-08-23 11:54:13,Dinheiro,916.15,Caixa 02,Aprovada
SLS-12815,CUST714,Rede Borges Ltda,STR-018,Filial Zona Sul Porto Alegre,RS,Porto Alegre,PROD-PAY,VendeFácil Pay,2025-03-05 11:24:32,Cartão de Crédito,2491.77,Caixa 01,Cancelada
SLS-12816,CUST1907,Mundo da Pimenta Comercial,STR-042,Filial Shopping Niterói,RJ,Niterói,PROD-PDV,VendeFácil PDV,2025-02-20 06:56:33,PIX,629.39,Caixa 01,Aprovada
SLS-12817,CUST1037,Casa do Sampaio S.A.,STR-007,Express Cascavel,PR,Cascavel,PROD-ANALYTICS,VendeFácil Analytics,2025-10-01 06:13:10,Cartão de Crédito,452.87,Caixa 05,Estornada
SLS-12818,CUST001,Supermercado Boa Compra,STR-001,Filial Matriz - Centro BH,MG,Belo Horizonte,PROD-ESTOQUE,VendeFácil Estoque,2025-03-17 09:10:03,Boleto Bancário,749.49,Caixa 07,Aprovada
SLS-12819,CUST1867,Lojas Teixeira Ltda,STR-006,Matriz Caxias do Sul,RS,Caxias do Sul,PROD-ESTOQUE,VendeFácil Estoque,2026-02-04 05:45:22,PIX,1972.54,Caixa 03,Aprovada
SLS-12820,CUST556,Lojas Cunha S.A.,STR-049,Filial Bairro Santa Maria,RS,Santa Maria,PROD-LOJA,VendeFácil Loja,2025-03-23 08:48:05,Dinheiro,860.54,Caixa 01,Aprovada
SLS-12821,CUST1187,Mercado Almeida S.A.,STR-031,Filial Centro Vila Velha,ES,Vila Velha,PROD-PDV,VendeFácil PDV,2025-06-09 04:54:04,Dinheiro,846.11,Caixa 01,Estornada
SLS-12822,CUST1015,Distribuidora Montenegro Me,STR-041,Filial Centro Rio de Janeiro,RJ,Rio de Janeiro,PROD-PAY,VendeFácil Pay,2026-01-20 19:29:17,Boleto Bancário,2026.58,Caixa 07,Estornada
SLS-12823,CUST034,Rede Pires Comercial,STR-026,Filial Shopping Caruaru,PE,Caruaru,PROD-ANALYTICS,VendeFácil Analytics,2025-06-04 01:53:10,Dinheiro,740.56,Caixa 01,Aprovada
SLS-12824,CUST1610,Comércio de da Rocha Ltda,STR-009,Express Jaboatão dos Guararapes,PE,Jaboatão dos Guararapes,PROD-PDV,VendeFácil PDV,2025-08-18 23:40:34,Cartão de Débito,446.38,Caixa 01,Estornada
SLS-12825,CUST008,Auto Peças Central,STR-004,Matriz Ribeirão Preto,SP,Ribeirão Preto,PROD-ESTOQUE,VendeFácil Estoque,2025-04-22 01:18:11,Cartão de Débito,1763.17,Caixa 01,Estornada
SLS-12826,CUST1611,Comércio de Fogaça S.A.,STR-044,Filial Zona Sul Caucaia,CE,Caucaia,PROD-PAY,VendeFácil Pay,2026-01-01 17:57:04,Cartão de Crédito,965.3,Caixa 04,Aprovada
SLS-12827,CUST833,Lojas Azevedo Comercial,STR-023,Filial Centro Taguatinga,DF,Taguatinga,PROD-ESTOQUE,VendeFácil Estoque,2025-08-10 12:36:37,Cartão de Débito,1809.19,Caixa 07,Estornada
SLS-12828,CUST224,Empório Moraes Ltda,STR-043,Filial Bairro Rio Verde,GO,Rio Verde,PROD-PAY,VendeFácil Pay,2025-12-10 07:33:00,Dinheiro,650.09,Caixa 04,Estornada
SLS-12829,CUST556,Lojas Cunha S.A.,STR-049,Filial Bairro Santa Maria,RS,Santa Maria,PROD-ESTOQUE,VendeFácil Estoque,2025-10-25 20:03:28,Cartão de Débito,1531.98,Caixa 01,Cancelada
SLS-12830,CUST224,Empório Moraes Ltda,STR-043,Filial Bairro Rio Verde,GO,Rio Verde,PROD-PAY,VendeFácil Pay,2025-03-28 18:36:55,Dinheiro,688.36,Caixa 04,Estornada
SLS-12831,CUST102,Rede Cardoso Me,STR-013,Filial Centro Uberlândia,MG,Uberlândia,PROD-ESTOQUE,VendeFácil Estoque,2026-02-02 16:43:37,Dinheiro,1459.86,Caixa 01,Aprovada
SLS-12832,CUST1220,Atacado Gonçalves Eireli,STR-048,Matriz Caucaia,CE,Caucaia,PROD-PDV,VendeFácil PDV,2025-05-21 06:34:37,Cartão de Crédito,540.23,Caixa 04,Estornada
SLS-12833,CUST391,Distribuidora Oliveira Eireli,STR-015,Filial Bairro Anápolis,GO,Anápolis,PROD-PAY,VendeFácil Pay,2025-11-11 21:55:16,Cartão de Débito,1844.86,Caixa 01,Aprovada
SLS-12834,CUST1427,Lojas Vieira Comercial,STR-047,Matriz Vitória da Conquista,BA,Vitória da Conquista,PROD-PAY,VendeFácil Pay,2025-10-31 06:48:41,PIX,2059.39,Caixa 02,Aprovada
SLS-12835,CUST1887,Mercado Aparecida Ltda,STR-020,Filial Bairro Serra,ES,Serra,PROD-ANALYTICS,VendeFácil Analytics,2026-01-04 02:04:34,Cartão de Débito,254.79,Caixa 02,Estornada
SLS-12836,CUST001,Supermercado Boa Compra,STR-001,Filial Matriz - Centro BH,MG,Belo Horizonte,PROD-ANALYTICS,VendeFácil Analytics,2025-07-11 00:13:23,Dinheiro,636.11,Caixa 05,Cancelada
SLS-12837,CUST475,Centro de Aragão Ltda,STR-019,Matriz Serra,ES,Serra,PROD-PAY,VendeFácil Pay,2025-11-09 22:16:50,Boleto Bancário,709.5,Caixa 01,Aprovada
SLS-12838,CUST625,Comércio de Macedo Eireli,STR-025,Matriz Chapecó,SC,Chapecó,PROD-ANALYTICS,VendeFácil Analytics,2025-12-27 15:05:42,Cartão de Crédito,788.09,Caixa 01,Cancelada
SLS-12839,CUST001,Supermercado Boa Compra,STR-001,Filial Matriz - Centro BH,MG,Belo Horizonte,PROD-LOJA,VendeFácil Loja,2025-10-24 13:02:56,PIX,1068.09,Caixa 05,Cancelada
SLS-12840,CUST714,Rede Borges Ltda,STR-018,Filial Zona Sul Porto Alegre,RS,Porto Alegre,PROD-LOJA,VendeFácil Loja,2025-05-23 06:14:14,Cartão de Crédito,1389.25,Caixa 01,Aprovada
SLS-12841,CUST1037,Casa do Sampaio S.A.,STR-007,Express Cascavel,PR,Cascavel,PROD-ESTOQUE,VendeFácil Estoque,2025-12-29 01:15:31,Cartão de Débito,1402.38,Caixa 06,Aprovada
SLS-12842,CUST1037,Casa do Sampaio S.A.,STR-007,Express Cascavel,PR,Cascavel,PROD-ANALYTICS,VendeFácil Analytics,2025-04-17 12:54:10,PIX,894.5,Caixa 02,Aprovada
SLS-12843,CUST717,Rede da Mota S.A.,STR-039,Filial Shopping Cariacica,ES,Cariacica,PROD-ANALYTICS,VendeFácil Analytics,2025-06-08 12:28:28,PIX,720.77,Caixa 01,Aprovada
SLS-12844,CUST034,Rede Pires Comercial,STR-026,Filial Shopping Caruaru,PE,Caruaru,PROD-LOJA,VendeFácil Loja,2026-01-11 22:02:31,PIX,1436.49,Caixa 01,Estornada
SLS-12845,CUST001,Supermercado Boa Compra,STR-002,Filial Savassi,MG,Belo Horizonte,PROD-PDV,VendeFácil PDV,2025-09-09 08:38:30,Boleto Bancário,826.77,Caixa 02,Aprovada
SLS-12846,CUST1271,Mundo da da Cruz Ltda,STR-016,Filial Zona Sul Olinda,PE,Olinda,PROD-ESTOQUE,VendeFácil Estoque,2025-08-03 17:43:34,Dinheiro,1662.4,Caixa 04,Aprovada
SLS-12847,CUST210,Lojas Cunha Eireli,STR-046,Filial Zona Sul Niterói,RJ,Niterói,PROD-ESTOQUE,VendeFácil Estoque,2025-04-21 23:03:28,Dinheiro,656.93,Caixa 03,Aprovada
SLS-12848,CUST1629,Mundo da Vieira Comercial,STR-029,Matriz Águas Claras,DF,Águas Claras,PROD-PAY,VendeFácil Pay,2025-11-15 23:48:20,Dinheiro,2355.35,Caixa 03,Aprovada
SLS-12849,CUST1611,Comércio de Fogaça S.A.,STR-044,Filial Zona Sul Caucaia,CE,Caucaia,PROD-LOJA,VendeFácil Loja,2025-03-13 04:22:09,PIX,1392.51,Caixa 04,Estornada
SLS-12850,CUST140,Atacado da Rocha Ltda,STR-021,Express Salvador,BA,Salvador,PROD-PAY,VendeFácil Pay,2025-08-05 08:53:23,Boleto Bancário,2775.62,Caixa 04,Aprovada
SLS-12851,CUST1867,Lojas Teixeira Ltda,STR-006,Matriz Caxias do Sul,RS,Caxias do Sul,PROD-PAY,VendeFácil Pay,2025-04-16 08:41:14,PIX,2795.04,Caixa 04,Aprovada
SLS-12852,CUST1271,Mundo da da Cruz Ltda,STR-016,Filial Zona Sul Olinda,PE,Olinda,PROD-ANALYTICS,VendeFácil Analytics,2026-01-10 12:10:21,Dinheiro,872.03,Caixa 01,Aprovada
SLS-12853,CUST1271,Mundo da da Cruz Ltda,STR-016,Filial Zona Sul Olinda,PE,Olinda,PROD-PAY,VendeFácil Pay,2025-02-18 18:32:52,PIX,845.49,Caixa 04,Aprovada
SLS-12854,CUST1637,Atacado Mendonça S.A.,STR-036,Matriz Contagem,MG,Contagem,PROD-LOJA,VendeFácil Loja,2026-01-02 03:22:27,PIX,1408.64,Caixa 02,Aprovada
SLS-12855,CUST1398,Centro de Andrade Ltda,STR-033,Filial Zona Sul Curitiba,PR,Curitiba,PROD-LOJA,VendeFácil Loja,2025-02-08 09:12:18,PIX,993.81,Caixa 02,Aprovada
SLS-12856,CUST1610,Comércio de da Rocha Ltda,STR-009,Express Jaboatão dos Guararapes,PE,Jaboatão dos Guararapes,PROD-LOJA,VendeFácil Loja,2025-08-05 02:16:55,Boleto Bancário,1094.19,Caixa 01,Cancelada
SLS-12857,CUST1629,Mundo da Vieira Comercial,STR-029,Matriz Águas Claras,DF,Águas Claras,PROD-ESTOQUE,VendeFácil Estoque,2025-04-05 02:20:18,Cartão de Débito,1336.13,Caixa 05,Aprovada
SLS-12858,CUST001,Supermercado Boa Compra,STR-001,Filial Matriz - Centro BH,MG,Belo Horizonte,PROD-ESTOQUE,VendeFácil Estoque,2025-01-11 10:11:53,Cartão de Crédito,1449.9,Caixa 08,Aprovada
SLS-12859,CUST024,Casa do Sá Ltda,STR-014,Filial Shopping Rio Verde,GO,Rio Verde,PROD-ESTOQUE,VendeFácil Estoque,2025-06-07 11:07:14,Cartão de Crédito,645.67,Caixa 01,Aprovada
SLS-12860,CUST1875,Empório da Cunha Eireli,STR-005,Filial Shopping Rio de Janeiro,RJ,Rio de Janeiro,PROD-PDV,VendeFácil PDV,2026-02-17 00:45:27,Cartão de Débito,805.47,Caixa 01,Aprovada
SLS-12861,CUST001,Supermercado Boa Compra,STR-001,Filial Matriz - Centro BH,MG,Belo Horizonte,PROD-LOJA,VendeFácil Loja,2025-02-26 07:15:19,PIX,650.2,Caixa 06,Aprovada
SLS-12862,CUST1220,Atacado Gonçalves Eireli,STR-048,Matriz Caucaia,CE,Caucaia,PROD-PAY,VendeFácil Pay,2025-06-05 04:50:53,PIX,2267.84,Caixa 07,Aprovada
SLS-12863,CUST1611,Comércio de Fogaça S.A.,STR-044,Filial Zona Sul Caucaia,CE,Caucaia,PROD-ESTOQUE,VendeFácil Estoque,2025-12-14 08:26:51,Dinheiro,1920.54,Caixa 04,Estornada
SLS-12864,CUST365,Rede Casa Grande Comercial,STR-030,Filial Shopping Aparecida de Goiânia,GO,Aparecida de Goiânia,PROD-PDV,VendeFácil PDV,2025-09-08 13:45:15,PIX,733.82,Caixa 04,Estornada
SLS-12865,CUST1637,Atacado Mendonça S.A.,STR-036,Matriz Contagem,MG,Contagem,PROD-ANALYTICS,VendeFácil Analytics,2025-09-09 15:25:11,Boleto Bancário,764.88,Caixa 03,Aprovada
SLS-12866,CUST024,Casa do Sá Ltda,STR-014,Filial Shopping Rio Verde,GO,Rio Verde,PROD-ANALYTICS,VendeFácil Analytics,2025-08-26 23:53:40,PIX,340.15,Caixa 01,Cancelada
SLS-12867,CUST1162,Empório Monteiro Eireli,STR-035,Filial Zona Sul Juazeiro do Norte,CE,Juazeiro do Norte,PROD-PAY,VendeFácil Pay,2025-10-21 08:07:36,Dinheiro,1480.29,Caixa 02,Aprovada
SLS-12868,CUST714,Rede Borges Ltda,STR-018,Filial Zona Sul Porto Alegre,RS,Porto Alegre,PROD-ANALYTICS,VendeFácil Analytics,2025-04-26 01:24:50,Cartão de Débito,502.87,Caixa 01,Aprovada
SLS-12869,CUST552,Distribuidora Cavalcante Eireli,STR-022,Filial Bairro Jaboatão dos Guararapes,PE,Jaboatão dos Guararapes,PROD-PAY,VendeFácil Pay,2025-07-29 18:33:41,PIX,2042.7,Caixa 02,Estornada
SLS-12870,CUST391,Distribuidora Oliveira Eireli,STR-015,Filial Bairro Anápolis,GO,Anápolis,PROD-PDV,VendeFácil PDV,2025-10-03 20:13:33,PIX,619.26,Caixa 01,Aprovada
SLS-12871,CUST1427,Lojas Vieira Comercial,STR-047,Matriz Vitória da Conquista,BA,Vitória da Conquista,PROD-PDV,VendeFácil PDV,2025-05-07 22:48:20,PIX,537.83,Caixa 02,Aprovada
SLS-12872,CUST1398,Centro de Andrade Ltda,STR-033,Filial Zona Sul Curitiba,PR,Curitiba,PROD-PAY,VendeFácil Pay,2025-04-09 20:42:24,PIX,2406.35,Caixa 03,Estornada
SLS-12873,CUST140,Atacado da Rocha Ltda,STR-021,Express Salvador,BA,Salvador,PROD-ANALYTICS,VendeFácil Analytics,2026-01-04 05:06:17,PIX,503.19,Caixa 05,Aprovada
SLS-12874,CUST717,Rede da Mota S.A.,STR-039,Filial Shopping Cariacica,ES,Cariacica,PROD-ESTOQUE,VendeFácil Estoque,2025-10-26 06:39:06,Boleto Bancário,610.91,Caixa 01,Aprovada
SLS-12875,CUST001,Supermercado Boa Compra,STR-002,Filial Savassi,MG,Belo Horizonte,PROD-ANALYTICS,VendeFácil Analytics,2025-04-27 18:48:26,Cartão de Débito,843.21,Caixa 04,Aprovada
SLS-12876,CUST1610,Comércio de da Rocha Ltda,STR-009,Express Jaboatão dos Guararapes,PE,Jaboatão dos Guararapes,PROD-ANALYTICS,VendeFácil Analytics,2025-11-22 02:43:11,Cartão de Débito,388.05,Caixa 01,Aprovada
SLS-12877,CUST008,Auto Peças Central,STR-004,Matriz Ribeirão Preto,SP,Ribeirão Preto,PROD-LOJA,VendeFácil Loja,2025-07-03 23:37:30,Cartão de Débito,1188.08,Caixa 04,Estornada
SLS-12878,CUST140,Atacado da Rocha Ltda,STR-021,Express Salvador,BA,Salvador,PROD-LOJA,VendeFácil Loja,2026-01-24 01:18:40,Boleto Bancário,1232.32,Caixa 09,Estornada
SLS-12879,CUST009,Empório Gourmet Mineiro,STR-038,Express Ouro Preto,MG,Ouro Preto,PROD-ANALYTICS,VendeFácil Analytics,2025-08-22 17:02:19,Dinheiro,862.17,Caixa 01,Estornada
SLS-12880,CUST210,Lojas Cunha Eireli,STR-046,Filial Zona Sul Niterói,RJ,Niterói,PROD-ESTOQUE,VendeFácil Estoque,2026-02-14 03:51:14,PIX,1593.0,Caixa 02,Aprovada
SLS-12881,CUST1611,Comércio de Fogaça S.A.,STR-044,Filial Zona Sul Caucaia,CE,Caucaia,PROD-PDV,VendeFácil PDV,2025-05-22 00:47:19,Dinheiro,517.59,Caixa 01,Aprovada
SLS-12882,CUST1903,Comércio de Ferreira Ltda,STR-012,Filial Shopping Caucaia,CE,Caucaia,PROD-ANALYTICS,VendeFácil Analytics,2025-02-24 16:09:02,Cartão de Débito,718.07,Caixa 01,Aprovada
SLS-12883,CUST1037,Casa do Sampaio S.A.,STR-007,Express Cascavel,PR,Cascavel,PROD-PDV,VendeFácil PDV,2025-12-22 11:18:34,Dinheiro,580.86,Caixa 08,Aprovada
SLS-12884,CUST1689,Comércio de Ribeiro Comercial,STR-034,Filial Zona Sul Caucaia,CE,Caucaia,PROD-LOJA,VendeFácil Loja,2025-05-20 05:25:21,Boleto Bancário,529.95,Caixa 02,Aprovada
SLS-12885,CUST1139,Empório Freitas Me,STR-032,Filial Bairro Juiz de Fora,MG,Juiz de Fora,PROD-LOJA,VendeFácil Loja,2025-10-16 19:58:27,Boleto Bancário,911.72,Caixa 02,Aprovada
SLS-12886,CUST409,Rede da Cruz Eireli,STR-008,Matriz Fortaleza,CE,Fortaleza,PROD-ANALYTICS,VendeFácil Analytics,2025-08-27 00:30:06,Cartão de Crédito,419.53,Caixa 02,Aprovada
SLS-12887,CUST401,Comércio de Costela Eireli,STR-050,Express Contagem,MG,Contagem,PROD-LOJA,VendeFácil Loja,2025-12-04 10:41:43,Cartão de Crédito,1262.27,Caixa 01,Aprovada
SLS-12888,CUST1271,Mundo da da Cruz Ltda,STR-016,Filial Zona Sul Olinda,PE,Olinda,PROD-LOJA,VendeFácil Loja,2025-07-12 15:24:22,Dinheiro,1018.59,Caixa 04,Estornada
SLS-12889,CUST835,Empório Marques Me,STR-017,Filial Centro Santos,SP,Santos,PROD-PDV,VendeFácil PDV,2026-01-22 07:47:01,PIX,490.82,Caixa 02,Cancelada
SLS-12890,CUST1037,Casa do Sampaio S.A.,STR-007,Express Cascavel,PR,Cascavel,PROD-ANALYTICS,VendeFácil Analytics,2025-08-15 22:43:51,Dinheiro,864.85,Caixa 03,Aprovada
SLS-12891,CUST034,Rede Pires Comercial,STR-026,Filial Shopping Caruaru,PE,Caruaru,PROD-PAY,VendeFácil Pay,2025-03-24 10:19:35,Boleto Bancário,186.55,Caixa 01,Aprovada
SLS-12892,CUST1611,Comércio de Fogaça S.A.,STR-044,Filial Zona Sul Caucaia,CE,Caucaia,PROD-PDV,VendeFácil PDV,2025-02-17 18:37:43,Boleto Bancário,764.61,Caixa 03,Aprovada
SLS-12893,CUST1610,Comércio de da Rocha Ltda,STR-009,Express Jaboatão dos Guararapes,PE,Jaboatão dos Guararapes,PROD-PDV,VendeFácil PDV,2025-05-16 13:00:28,Boleto Bancário,790.42,Caixa 01,Cancelada
SLS-12894,CUST409,Rede da Cruz Eireli,STR-008,Matriz Fortaleza,CE,Fortaleza,PROD-ANALYTICS,VendeFácil Analytics,2025-07-08 21:39:05,PIX,878.28,Caixa 02,Aprovada
SLS-12895,CUST001,Supermercado Boa Compra,STR-002,Filial Savassi,MG,Belo Horizonte,PROD-LOJA,VendeFácil Loja,2025-05-04 16:45:31,Cartão de Débito,609.57,Caixa 02,Aprovada
SLS-12896,CUST625,Comércio de Macedo Eireli,STR-025,Matriz Chapecó,SC,Chapecó,PROD-ANALYTICS,VendeFácil Analytics,2025-06-01 01:01:53,Cartão de Débito,396.99,Caixa 01,Aprovada
SLS-12897,CUST1867,Lojas Teixeira Ltda,STR-006,Matriz Caxias do Sul,RS,Caxias do Sul,PROD-ESTOQUE,VendeFácil Estoque,2025-04-16 04:29:43,PIX,1714.21,Caixa 03,Aprovada
SLS-12898,CUST1015,Distribuidora Montenegro Me,STR-041,Filial Centro Rio de Janeiro,RJ,Rio de Janeiro,PROD-PDV,VendeFácil PDV,2025-10-31 00:59:01,Cartão de Crédito,364.99,Caixa 01,Aprovada
SLS-12899,CUST1037,Casa do Sampaio S.A.,STR-007,Express Cascavel,PR,Cascavel,PROD-ANALYTICS,VendeFácil Analytics,2025-11-29 21:13:42,Cartão de Crédito,286.93,Caixa 01,Aprovada
SLS-12900,CUST1610,Comércio de da Rocha Ltda,STR-009,Express Jaboatão dos Guararapes,PE,Jaboatão dos Guararapes,PROD-PDV,VendeFácil PDV,2025-12-12 11:15:39,Cartão de Débito,438.53,Caixa 01,Aprovada
SLS-12901,CUST1907,Mundo da Pimenta Comercial,STR-042,Filial Shopping Niterói,RJ,Niterói,PROD-ESTOQUE,VendeFácil Estoque,2026-01-19 13:18:31,Cartão de Crédito,1325.2,Caixa 01,Aprovada
SLS-12902,CUST401,Comércio de Costela Eireli,STR-050,Express Contagem,MG,Contagem,PROD-PDV,VendeFácil PDV,2025-03-05 14:54:15,PIX,870.19,Caixa 02,Estornada
SLS-12903,CUST556,Lojas Cunha S.A.,STR-049,Filial Bairro Santa Maria,RS,Santa Maria,PROD-PAY,VendeFácil Pay,2026-01-02 22:14:59,Cartão de Débito,925.0,Caixa 01,Aprovada
SLS-12904,CUST1490,Mundo da da Mota Me,STR-045,Filial Shopping Vila Velha,ES,Vila Velha,PROD-PAY,VendeFácil Pay,2025-05-21 11:59:41,Cartão de Débito,744.77,Caixa 02,Cancelada
SLS-12905,CUST108,Lojas Abreu Ltda,STR-010,Matriz São Paulo,SP,São Paulo,PROD-PAY,VendeFácil Pay,2025-03-07 23:20:37,Dinheiro,1218.86,Caixa 01,Aprovada
SLS-12906,CUST934,Lojas Campos Ltda,STR-040,Express Brasília,DF,Brasília,PROD-LOJA,VendeFácil Loja,2025-01-17 06:39:42,Cartão de Crédito,538.26,Caixa 02,Cancelada
SLS-12907,CUST1499,Distribuidora Costa Me,STR-024,Filial Centro Sorocaba,SP,Sorocaba,PROD-ESTOQUE,VendeFácil Estoque,2025-06-28 18:36:40,PIX,1523.56,Caixa 06,Estornada
SLS-12908,CUST1247,Centro de Aparecida Eireli,STR-011,Filial Shopping Brasília,DF,Brasília,PROD-PAY,VendeFácil Pay,2025-01-16 12:14:08,PIX,2879.65,Caixa 02,Aprovada
SLS-12909,CUST005,Materiais de Construção Silva,STR-003,Matriz Juiz de Fora,MG,Juiz de Fora,PROD-ANALYTICS,VendeFácil Analytics,2026-01-02 18:30:47,PIX,660.14,Caixa 06,Aprovada
SLS-12910,CUST024,Casa do Sá Ltda,STR-014,Filial Shopping Rio Verde,GO,Rio Verde,PROD-LOJA,VendeFácil Loja,2026-02-08 10:43:45,Cartão de Crédito,787.52,Caixa 01,Estornada
SLS-12911,CUST1490,Mundo da da Mota Me,STR-045,Filial Shopping Vila Velha,ES,Vila Velha,PROD-ANALYTICS,VendeFácil Analytics,2025-09-08 17:33:52,Cartão de Débito,449.69,Caixa 02,Cancelada
SLS-12912,CUST625,Comércio de Macedo Eireli,STR-025,Matriz Chapecó,SC,Chapecó,PROD-PAY,VendeFácil Pay,2025-05-06 01:14:06,Cartão de Débito,1392.87,Caixa 01,Aprovada
SLS-12913,CUST1612,Comércio de Garcia Me,STR-028,Filial Centro Uberaba,MG,Uberaba,PROD-ANALYTICS,VendeFácil Analytics,2025-10-18 19:22:19,Dinheiro,896.75,Caixa 04,Aprovada
SLS-12914,CUST1162,Empório Monteiro Eireli,STR-035,Filial Zona Sul Juazeiro do Norte,CE,Juazeiro do Norte,PROD-ESTOQUE,VendeFácil Estoque,2026-01-15 16:39:22,Cartão de Débito,1691.28,Caixa 02,Aprovada
SLS-12915,CUST365,Rede Casa Grande Comercial,STR-030,Filial Shopping Aparecida de Goiânia,GO,Aparecida de Goiânia,PROD-ESTOQUE,VendeFácil Estoque,2026-02-07 20:28:44,Cartão de Débito,1835.79,Caixa 03,Estornada
SLS-12916,CUST625,Comércio de Macedo Eireli,STR-025,Matriz Chapecó,SC,Chapecó,PROD-PAY,VendeFácil Pay,2025-02-21 05:05:12,PIX,185.98,Caixa 01,Aprovada
SLS-12917,CUST365,Rede Casa Grande Comercial,STR-030,Filial Shopping Aparecida de Goiânia,GO,Aparecida de Goiânia,PROD-LOJA,VendeFácil Loja,2025-05-10 12:53:49,Cartão de Crédito,1059.39,Caixa 01,Aprovada
SLS-12918,CUST556,Lojas Cunha S.A.,STR-049,Filial Bairro Santa Maria,RS,Santa Maria,PROD-PDV,VendeFácil PDV,2025-10-21 22:22:23,Cartão de Crédito,426.32,Caixa 03,Estornada
SLS-12919,CUST835,Empório Marques Me,STR-017,Filial Centro Santos,SP,Santos,PROD-PDV,VendeFácil PDV,2025-08-14 20:31:20,Cartão de Crédito,564.46,Caixa 02,Aprovada
SLS-12920,CUST224,Empório Moraes Ltda,STR-043,Filial Bairro Rio Verde,GO,Rio Verde,PROD-PDV,VendeFácil PDV,2025-12-28 17:21:51,Cartão de Débito,458.7,Caixa 06,Aprovada
SLS-12921,CUST401,Comércio de Costela Eireli,STR-050,Express Contagem,MG,Contagem,PROD-ESTOQUE,VendeFácil Estoque,2025-03-09 13:32:03,PIX,1457.14,Caixa 01,Estornada
SLS-12922,CUST1611,Comércio de Fogaça S.A.,STR-044,Filial Zona Sul Caucaia,CE,Caucaia,PROD-PAY,VendeFácil Pay,2025-06-02 08:58:32,Dinheiro,1635.38,Caixa 03,Aprovada
SLS-12923,CUST108,Lojas Abreu Ltda,STR-010,Matriz São Paulo,SP,São Paulo,PROD-PAY,VendeFácil Pay,2025-10-21 13:00:56,Cartão de Crédito,2163.32,Caixa 01,Aprovada
SLS-12924,CUST1867,Lojas Teixeira Ltda,STR-006,Matriz Caxias do Sul,RS,Caxias do Sul,PROD-ANALYTICS,VendeFácil Analytics,2025-10-30 09:38:01,Dinheiro,539.9,Caixa 03,Aprovada
SLS-12925,CUST1887,Mercado Aparecida Ltda,STR-020,Filial Bairro Serra,ES,Serra,PROD-LOJA,VendeFácil Loja,2025-12-31 22:41:21,Cartão de Débito,1325.42,Caixa 03,Cancelada
SLS-12926,CUST409,Rede da Cruz Eireli,STR-008,Matriz Fortaleza,CE,Fortaleza,PROD-ANALYTICS,VendeFácil Analytics,2026-01-07 07:01:42,PIX,595.11,Caixa 02,Estornada
SLS-12927,CUST1427,Lojas Vieira Comercial,STR-047,Matriz Vitória da Conquista,BA,Vitória da Conquista,PROD-ESTOQUE,VendeFácil Estoque,2025-08-13 03:52:35,Dinheiro,830.59,Caixa 01,Estornada
SLS-12928,CUST714,Rede Borges Ltda,STR-018,Filial Zona Sul Porto Alegre,RS,Porto Alegre,PROD-PDV,VendeFácil PDV,2025-03-24 07:45:54,Dinheiro,871.1,Caixa 01,Estornada
SLS-12929,CUST1610,Comércio de da Rocha Ltda,STR-009,Express Jaboatão dos Guararapes,PE,Jaboatão dos Guararapes,PROD-ANALYTICS,VendeFácil Analytics,2025-02-22 16:48:31,Boleto Bancário,892.69,Caixa 01,Estornada
SLS-12930,CUST001,Supermercado Boa Compra,STR-002,Filial Savassi,MG,Belo Horizonte,PROD-LOJA,VendeFácil Loja,2025-01-21 10:07:39,Boleto Bancário,763.36,Caixa 03,Aprovada
SLS-12931,CUST1867,Lojas Teixeira Ltda,STR-006,Matriz Caxias do Sul,RS,Caxias do Sul,PROD-PAY,VendeFácil Pay,2025-07-13 08:25:30,Dinheiro,356.78,Caixa 01,Aprovada
SLS-12932,CUST833,Lojas Azevedo Comercial,STR-023,Filial Centro Taguatinga,DF,Taguatinga,PROD-ESTOQUE,VendeFácil Estoque,2025-12-29 04:46:44,Dinheiro,1560.5,Caixa 03,Aprovada
SLS-12933,CUST1187,Mercado Almeida S.A.,STR-031,Filial Centro Vila Velha,ES,Vila Velha,PROD-LOJA,VendeFácil Loja,2025-12-14 23:10:18,Cartão de Débito,1042.31,Caixa 01,Cancelada
SLS-12934,CUST210,Lojas Cunha Eireli,STR-046,Filial Zona Sul Niterói,RJ,Niterói,PROD-ESTOQUE,VendeFácil Estoque,2025-08-15 15:17:30,Boleto Bancário,1207.46,Caixa 02,Aprovada
SLS-12935,CUST024,Casa do Sá Ltda,STR-014,Filial Shopping Rio Verde,GO,Rio Verde,PROD-ESTOQUE,VendeFácil Estoque,2025-06-12 09:38:53,Cartão de Crédito,1846.87,Caixa 01,Estornada
SLS-12936,CUST365,Rede Casa Grande Comercial,STR-030,Filial Shopping Aparecida de Goiânia,GO,Aparecida de Goiânia,PROD-ESTOQUE,VendeFácil Estoque,2026-01-02 16:02:12,Dinheiro,1925.45,Caixa 04,Estornada
SLS-12937,CUST009,Empório Gourmet Mineiro,STR-038,Express Ouro Preto,MG,Ouro Preto,PROD-PDV,VendeFácil PDV,2025-06-26 04:21:28,PIX,356.44,Caixa 01,Aprovada
SLS-12938,CUST1139,Empório Freitas Me,STR-032,Filial Bairro Juiz de Fora,MG,Juiz de Fora,PROD-ESTOQUE,VendeFácil Estoque,2025-02-04 09:22:25,Cartão de Crédito,1822.11,Caixa 05,Estornada
SLS-12939,CUST1689,Comércio de Ribeiro Comercial,STR-034,Filial Zona Sul Caucaia,CE,Caucaia,PROD-PAY,VendeFácil Pay,2025-12-08 13:55:55,Cartão de Débito,765.4,Caixa 02,Aprovada
SLS-12940,CUST1499,Distribuidora Costa Me,STR-024,Filial Centro Sorocaba,SP,Sorocaba,PROD-LOJA,VendeFácil Loja,2025-09-01 09:03:07,PIX,1466.25,Caixa 06,Aprovada
SLS-12941,CUST001,Supermercado Boa Compra,STR-001,Filial Matriz - Centro BH,MG,Belo Horizonte,PROD-PAY,VendeFácil Pay,2025-10-14 07:04:59,PIX,1777.22,Caixa 04,Aprovada
SLS-12942,CUST224,Empório Moraes Ltda,STR-043,Filial Bairro Rio Verde,GO,Rio Verde,PROD-PAY,VendeFácil Pay,2025-07-05 01:53:01,Boleto Bancário,1975.64,Caixa 02,Aprovada
SLS-12943,CUST1629,Mundo da Vieira Comercial,STR-029,Matriz Águas Claras,DF,Águas Claras,PROD-ESTOQUE,VendeFácil Estoque,2025-02-23 04:44:22,Dinheiro,1199.74,Caixa 02,Aprovada
SLS-12944,CUST1867,Lojas Teixeira Ltda,STR-006,Matriz Caxias do Sul,RS,Caxias do Sul,PROD-LOJA,VendeFácil Loja,2025-09-22 12:22:29,PIX,1382.03,Caixa 02,Estornada
SLS-12945,CUST1490,Mundo da da Mota Me,STR-045,Filial Shopping Vila Velha,ES,Vila Velha,PROD-LOJA,VendeFácil Loja,2025-11-07 23:15:42,PIX,973.29,Caixa 02,Cancelada
SLS-12946,CUST210,Lojas Cunha Eireli,STR-046,Filial Zona Sul Niterói,RJ,Niterói,PROD-PDV,VendeFácil PDV,2025-11-08 02:08:26,Boleto Bancário,431.4,Caixa 01,Cancelada
SLS-12947,CUST1907,Mundo da Pimenta Comercial,STR-042,Filial Shopping Niterói,RJ,Niterói,PROD-ANALYTICS,VendeFácil Analytics,2025-02-13 05:42:08,PIX,615.71,Caixa 02,Aprovada
SLS-12948,CUST1903,Comércio de Ferreira Ltda,STR-012,Filial Shopping Caucaia,CE,Caucaia,PROD-PAY,VendeFácil Pay,2025-11-26 11:46:22,Dinheiro,1352.31,Caixa 01,Aprovada
SLS-12949,CUST1271,Mundo da da Cruz Ltda,STR-016,Filial Zona Sul Olinda,PE,Olinda,PROD-PDV,VendeFácil PDV,2025-06-17 22:35:53,Dinheiro,628.69,Caixa 04,Aprovada
SLS-12950,CUST409,Rede da Cruz Eireli,STR-008,Matriz Fortaleza,CE,Fortaleza,PROD-LOJA,VendeFácil Loja,2025-08-17 22:36:42,PIX,609.45,Caixa 01,Aprovada
SLS-12951,CUST1637,Atacado Mendonça S.A.,STR-036,Matriz Contagem,MG,Contagem,PROD-PAY,VendeFácil Pay,2025-01-30 15:47:58,PIX,2760.25,Caixa 03,Aprovada
SLS-12952,CUST365,Rede Casa Grande Comercial,STR-030,Filial Shopping Aparecida de Goiânia,GO,Aparecida de Goiânia,PROD-PDV,VendeFácil PDV,2025-03-28 10:10:57,PIX,861.28,Caixa 01,Aprovada
SLS-12953,CUST1629,Mundo da Vieira Comercial,STR-029,Matriz Águas Claras,DF,Águas Claras,PROD-PAY,VendeFácil Pay,2025-08-05 17:58:20,Cartão de Débito,1656.71,Caixa 04,Aprovada
SLS-12954,CUST552,Distribuidora Cavalcante Eireli,STR-022,Filial Bairro Jaboatão dos Guararapes,PE,Jaboatão dos Guararapes,PROD-PAY,VendeFácil Pay,2025-06-23 00:10:40,Dinheiro,1129.56,Caixa 01,Aprovada
SLS-12955,CUST552,Distribuidora Cavalcante Eireli,STR-022,Filial Bairro Jaboatão dos Guararapes,PE,Jaboatão dos Guararapes,PROD-LOJA,VendeFácil Loja,2025-11-13 15:56:15,Cartão de Crédito,1390.4,Caixa 02,Aprovada
SLS-12956,CUST934,Lojas Campos Ltda,STR-040,Express Brasília,DF,Brasília,PROD-ANALYTICS,VendeFácil Analytics,2025-03-07 16:12:48,Cartão de Crédito,601.19,Caixa 02,Aprovada
SLS-12957,CUST1162,Empório Monteiro Eireli,STR-035,Filial Zona Sul Juazeiro do Norte,CE,Juazeiro do Norte,PROD-PDV,VendeFácil PDV,2025-05-28 04:53:27,PIX,516.57,Caixa 02,Estornada
SLS-12958,CUST1637,Atacado Mendonça S.A.,STR-036,Matriz Contagem,MG,Contagem,PROD-LOJA,VendeFácil Loja,2025-01-24 09:26:20,Boleto Bancário,552.32,Caixa 04,Aprovada
SLS-12959,CUST835,Empório Marques Me,STR-017,Filial Centro Santos,SP,Santos,PROD-ESTOQUE,VendeFácil Estoque,2025-06-01 22:01:08,Cartão de Crédito,1768.89,Caixa 03,Aprovada
SLS-12960,CUST1612,Comércio de Garcia Me,STR-028,Filial Centro Uberaba,MG,Uberaba,PROD-ANALYTICS,VendeFácil Analytics,2025-08-18 09:20:08,PIX,559.13,Caixa 04,Cancelada
SLS-12961,CUST1398,Centro de Andrade Ltda,STR-033,Filial Zona Sul Curitiba,PR,Curitiba,PROD-LOJA,VendeFácil Loja,2025-09-30 11:27:23,Boleto Bancário,690.51,Caixa 01,Aprovada
SLS-12962,CUST008,Auto Peças Central,STR-004,Matriz Ribeirão Preto,SP,Ribeirão Preto,PROD-ANALYTICS,VendeFácil Analytics,2025-08-23 23:20:31,Cartão de Crédito,934.84,Caixa 05,Aprovada
SLS-12963,CUST1398,Centro de Andrade Ltda,STR-033,Filial Zona Sul Curitiba,PR,Curitiba,PROD-PAY,VendeFácil Pay,2025-05-01 23:46:45,Dinheiro,1461.05,Caixa 03,Aprovada
SLS-12964,CUST024,Casa do Sá Ltda,STR-014,Filial Shopping Rio Verde,GO,Rio Verde,PROD-ANALYTICS,VendeFácil Analytics,2025-01-27 02:38:20,Cartão de Crédito,445.12,Caixa 01,Aprovada
SLS-12965,CUST1612,Comércio de Garcia Me,STR-028,Filial Centro Uberaba,MG,Uberaba,PROD-LOJA,VendeFácil Loja,2025-07-02 21:45:33,Dinheiro,1498.16,Caixa 03,Aprovada
SLS-12966,CUST1629,Mundo da Vieira Comercial,STR-029,Matriz Águas Claras,DF,Águas Claras,PROD-PDV,VendeFácil PDV,2025-05-19 16:02:03,PIX,508.07,Caixa 04,Estornada
SLS-12967,CUST009,Empório Gourmet Mineiro,STR-038,Express Ouro Preto,MG,Ouro Preto,PROD-ANALYTICS,VendeFácil Analytics,2025-06-26 02:29:08,Dinheiro,836.6,Caixa 01,Aprovada
SLS-12968,CUST009,Empório Gourmet Mineiro,STR-038,Express Ouro Preto,MG,Ouro Preto,PROD-ANALYTICS,VendeFácil Analytics,2025-12-23 21:27:45,Cartão de Crédito,779.8,Caixa 01,Estornada
SLS-12969,CUST1427,Lojas Vieira Comercial,STR-047,Matriz Vitória da Conquista,BA,Vitória da Conquista,PROD-ANALYTICS,VendeFácil Analytics,2025-04-17 12:27:44,Boleto Bancário,332.47,Caixa 02,Aprovada
SLS-12970,CUST1187,Mercado Almeida S.A.,STR-031,Filial Centro Vila Velha,ES,Vila Velha,PROD-PDV,VendeFácil PDV,2025-03-21 09:04:18,PIX,364.51,Caixa 02,Aprovada
SLS-12971,CUST224,Empório Moraes Ltda,STR-043,Filial Bairro Rio Verde,GO,Rio Verde,PROD-PAY,VendeFácil Pay,2025-06-28 21:22:16,PIX,1214.88,Caixa 02,Estornada
SLS-12972,CUST1887,Mercado Aparecida Ltda,STR-020,Filial Bairro Serra,ES,Serra,PROD-LOJA,VendeFácil Loja,2026-02-02 14:08:23,Boleto Bancário,411.89,Caixa 03,Cancelada
SLS-12973,CUST1427,Lojas Vieira Comercial,STR-047,Matriz Vitória da Conquista,BA,Vitória da Conquista,PROD-PDV,VendeFácil PDV,2025-06-20 17:52:50,Dinheiro,464.94,Caixa 03,Cancelada
SLS-12974,CUST005,Materiais de Construção Silva,STR-003,Matriz Juiz de Fora,MG,Juiz de Fora,PROD-ESTOQUE,VendeFácil Estoque,2025-01-16 07:21:40,Cartão de Débito,599.03,Caixa 02,Estornada
SLS-12975,CUST034,Rede Pires Comercial,STR-026,Filial Shopping Caruaru,PE,Caruaru,PROD-ESTOQUE,VendeFácil Estoque,2025-03-06 21:25:10,Dinheiro,971.53,Caixa 01,Cancelada
SLS-12976,CUST1611,Comércio de Fogaça S.A.,STR-044,Filial Zona Sul Caucaia,CE,Caucaia,PROD-ANALYTICS,VendeFácil Analytics,2026-01-04 16:03:47,PIX,765.46,Caixa 01,Aprovada
SLS-12977,CUST005,Materiais de Construção Silva,STR-003,Matriz Juiz de Fora,MG,Juiz de Fora,PROD-ANALYTICS,VendeFácil Analytics,2025-05-20 13:44:17,PIX,832.1,Caixa 02,Aprovada
SLS-12978,CUST1629,Mundo da Vieira Comercial,STR-029,Matriz Águas Claras,DF,Águas Claras,PROD-PDV,VendeFácil PDV,2026-02-06 10:06:48,Dinheiro,392.85,Caixa 06,Aprovada
SLS-12979,CUST1887,Mercado Aparecida Ltda,STR-020,Filial Bairro Serra,ES,Serra,PROD-LOJA,VendeFácil Loja,2025-04-11 14:06:32,Dinheiro,875.83,Caixa 03,Estornada
SLS-12980,CUST1015,Distribuidora Montenegro Me,STR-041,Filial Centro Rio de Janeiro,RJ,Rio de Janeiro,PROD-ANALYTICS,VendeFácil Analytics,2025-05-03 18:20:25,Boleto Bancário,555.66,Caixa 02,Aprovada
SLS-12981,CUST1187,Mercado Almeida S.A.,STR-031,Filial Centro Vila Velha,ES,Vila Velha,PROD-ANALYTICS,VendeFácil Analytics,2026-02-14 10:57:39,PIX,767.34,Caixa 02,Aprovada
SLS-12982,CUST1398,Centro de Andrade Ltda,STR-033,Filial Zona Sul Curitiba,PR,Curitiba,PROD-ANALYTICS,VendeFácil Analytics,2025-03-04 19:03:39,Cartão de Crédito,453.33,Caixa 03,Estornada
SLS-12983,CUST1139,Empório Freitas Me,STR-032,Filial Bairro Juiz de Fora,MG,Juiz de Fora,PROD-PDV,VendeFácil PDV,2025-05-21 06:12:06,Boleto Bancário,623.19,Caixa 04,Estornada
SLS-12984,CUST1875,Empório da Cunha Eireli,STR-005,Filial Shopping Rio de Janeiro,RJ,Rio de Janeiro,PROD-PDV,VendeFácil PDV,2026-01-07 22:00:14,Dinheiro,620.31,Caixa 01,Aprovada
SLS-12985,CUST024,Casa do Sá Ltda,STR-014,Filial Shopping Rio Verde,GO,Rio Verde,PROD-LOJA,VendeFácil Loja,2025-12-18 20:49:27,Cartão de Crédito,481.2,Caixa 01,Aprovada
SLS-12986,CUST024,Casa do Sá Ltda,STR-014,Filial Shopping Rio Verde,GO,Rio Verde,PROD-ESTOQUE,VendeFácil Estoque,2025-10-23 21:18:27,Dinheiro,1826.61,Caixa 01,Aprovada
SLS-12987,CUST140,Atacado da Rocha Ltda,STR-021,Express Salvador,BA,Salvador,PROD-PDV,VendeFácil PDV,2025-01-08 16:47:07,PIX,464.28,Caixa 03,Estornada
SLS-12988,CUST1490,Mundo da da Mota Me,STR-045,Filial Shopping Vila Velha,ES,Vila Velha,PROD-LOJA,VendeFácil Loja,2026-01-03 09:56:36,Dinheiro,677.01,Caixa 02,Aprovada
SLS-12989,CUST365,Rede Casa Grande Comercial,STR-030,Filial Shopping Aparecida de Goiânia,GO,Aparecida de Goiânia,PROD-ANALYTICS,VendeFácil Analytics,2025-02-06 13:13:48,Cartão de Débito,327.32,Caixa 04,Estornada
SLS-12990,CUST1490,Mundo da da Mota Me,STR-045,Filial Shopping Vila Velha,ES,Vila Velha,PROD-ANALYTICS,VendeFácil Analytics,2025-01-04 10:48:09,Cartão de Débito,542.38,Caixa 01,Cancelada
SLS-12991,CUST1867,Lojas Teixeira Ltda,STR-006,Matriz Caxias do Sul,RS,Caxias do Sul,PROD-PDV,VendeFácil PDV,2025-07-25 11:17:27,Cartão de Débito,587.69,Caixa 04,Aprovada
SLS-12992,CUST224,Empório Moraes Ltda,STR-043,Filial Bairro Rio Verde,GO,Rio Verde,PROD-ANALYTICS,VendeFácil Analytics,2026-01-20 14:32:43,Cartão de Débito,821.5,Caixa 06,Aprovada
SLS-12993,CUST625,Comércio de Macedo Eireli,STR-025,Matriz Chapecó,SC,Chapecó,PROD-LOJA,VendeFácil Loja,2025-09-04 14:20:48,PIX,1013.97,Caixa 01,Aprovada
SLS-12994,CUST1398,Centro de Andrade Ltda,STR-033,Filial Zona Sul Curitiba,PR,Curitiba,PROD-LOJA,VendeFácil Loja,2025-11-25 05:05:07,Dinheiro,873.73,Caixa 02,Aprovada
SLS-12995,CUST1903,Comércio de Ferreira Ltda,STR-012,Filial Shopping Caucaia,CE,Caucaia,PROD-ANALYTICS,VendeFácil Analytics,2025-07-06 02:15:29,Cartão de Débito,651.26,Caixa 04,Cancelada
SLS-12996,CUST1610,Comércio de da Rocha Ltda,STR-009,Express Jaboatão dos Guararapes,PE,Jaboatão dos Guararapes,PROD-PAY,VendeFácil Pay,2025-09-14 17:45:17,Cartão de Crédito,1514.7,Caixa 01,Estornada
SLS-12997,CUST714,Rede Borges Ltda,STR-018,Filial Zona Sul Porto Alegre,RS,Porto Alegre,PROD-ESTOQUE,VendeFácil Estoque,2025-01-03 15:41:48,PIX,1513.54,Caixa 01,Estornada
SLS-12998,CUST005,Materiais de Construção Silva,STR-003,Matriz Juiz de Fora,MG,Juiz de Fora,PROD-PAY,VendeFácil Pay,2025-03-29 21:39:36,Dinheiro,1512.89,Caixa 06,Aprovada
SLS-12999,CUST1907,Mundo da Pimenta Comercial,STR-042,Filial Shopping Niterói,RJ,Niterói,PROD-ANALYTICS,VendeFácil Analytics,2026-02-06 10:02:07,PIX,293.19,Caixa 02,Aprovada
SLS-13000,CUST1887,Mercado Aparecida Ltda,STR-020,Filial Bairro Serra,ES,Serra,PROD-ANALYTICS,VendeFácil Analytics,2025-04-14 21:16:06,PIX,422.03,Caixa 01,Aprovada
